
    Updating crates.io index
 Downloading crates ...
  Downloaded which v4.4.2
  Downloaded opaque-debug v0.3.1
  Downloaded socket2 v0.5.10
  Downloaded rustc-hash v1.1.0
  Downloaded inout v0.1.4
  Downloaded errno v0.3.14
  Downloaded base16ct v0.2.0
  Downloaded lazycell v1.3.0
  Downloaded gcd v2.3.0
  Downloaded aead v0.5.2
  Downloaded universal-hash v0.5.1
  Downloaded zeroize_derive v1.4.3
  Downloaded mbedtls-platform-support v0.1.3
  Downloaded peeking_take_while v0.1.2
  Downloaded ghash v0.5.1
  Downloaded crypto-common v0.1.7
  Downloaded glob v0.3.3
  Downloaded ff v0.13.1
  Downloaded cmake v0.1.58
  Downloaded rand_core v0.9.5
  Downloaded poly1305 v0.8.0
  Downloaded pkg-config v0.3.33
  Downloaded yasna v0.2.2
  Downloaded zeroize v1.8.2
  Downloaded clang-sys v1.8.1
  Downloaded p256 v0.13.2
  Downloaded prettyplease v0.2.37
  Downloaded getrandom v0.2.17
  Downloaded x25519-dalek v2.0.1
  Downloaded typenum v1.20.0
  Downloaded rand v0.9.4
  Downloaded aes v0.8.4
  Downloaded aes-gcm v0.10.3
  Downloaded p384 v0.13.1
  Downloaded hkdf v0.12.4
  Downloaded chacha20poly1305 v0.10.1
  Downloaded bindgen v0.65.1
  Downloaded cc v1.2.61
  Downloaded openssl-sys v0.9.115
  Downloaded num-bigint v0.2.6
  Downloaded openssl v0.10.79
  Downloaded memchr v2.8.0
  Downloaded crypto-bigint v0.5.5
  Downloaded mbedtls v0.13.5
  Downloaded bitflags v2.11.1
  Downloaded hmac v0.12.1
  Downloaded elliptic-curve v0.13.8
  Downloaded cipher v0.4.4
  Downloaded primeorder v0.13.6
  Downloaded polyval v0.6.2
  Downloaded regex-automata v0.4.14
  Downloaded bit-vec v0.5.1
  Downloaded sec1 v0.7.3
  Downloaded num-integer v0.1.46
  Downloaded libloading v0.8.9
  Downloaded find-msvc-tools v0.1.9
  Downloaded ctr v0.9.2
  Downloaded chacha20 v0.9.1
  Downloaded cexpr v0.6.0
  Downloaded group v0.13.0
  Downloaded fugit v0.3.9
  Downloaded libc v0.2.186
  Downloaded hpke v0.12.0
  Downloaded mbedtls-sys-auto v2.28.14
   Compiling proc-macro2 v1.0.106
   Compiling unicode-ident v1.0.24
   Compiling quote v1.0.45
   Compiling libc v0.2.186
   Compiling cfg-if v1.0.4
   Compiling version_check v0.9.5
   Compiling typenum v1.20.0
   Compiling generic-array v0.14.7
   Compiling subtle v2.6.1
   Compiling cpufeatures v0.2.17
   Compiling syn v2.0.117
   Compiling find-msvc-tools v0.1.9
   Compiling shlex v1.3.0
   Compiling getrandom v0.2.17
   Compiling const-oid v0.9.6
   Compiling cc v1.2.61
   Compiling rand_core v0.6.4
   Compiling pkg-config v0.3.33
   Compiling ff v0.13.1
   Compiling opaque-debug v0.3.1
   Compiling vcpkg v0.2.15
   Compiling base16ct v0.2.0
   Compiling semver v1.0.28
   Compiling group v0.13.0
   Compiling rustc_version v0.4.1
   Compiling foreign-types-shared v0.1.1
   Compiling openssl v0.10.79
   Compiling curve25519-dalek v4.1.3
   Compiling openssl-sys v0.9.115
   Compiling foreign-types v0.3.2
   Compiling rand_core v0.9.5
   Compiling bitflags v2.11.1
   Compiling gcd v2.3.0
   Compiling fq v0.1.0 (/home/user/picoquic/rs/fq)
   Compiling fugit v0.3.9
   Compiling rand v0.9.4
   Compiling socket2 v0.5.10
   Compiling log v0.4.29
   Compiling zeroize_derive v1.4.3
   Compiling curve25519-dalek-derive v0.1.1
   Compiling openssl-macros v0.1.1
   Compiling zeroize v1.8.2
   Compiling der v0.7.10
   Compiling crypto-common v0.1.7
   Compiling block-buffer v0.10.4
   Compiling digest v0.10.7
   Compiling inout v0.1.4
   Compiling hmac v0.12.1
   Compiling cipher v0.4.4
   Compiling universal-hash v0.5.1
   Compiling hkdf v0.12.4
   Compiling sec1 v0.7.3
   Compiling crypto-bigint v0.5.5
   Compiling polyval v0.6.2
   Compiling aead v0.5.2
   Compiling ghash v0.5.1
   Compiling ctr v0.9.2
   Compiling aes v0.8.4
   Compiling chacha20 v0.9.1
   Compiling poly1305 v0.8.0
   Compiling chacha20poly1305 v0.10.1
   Compiling aes-gcm v0.10.3
   Compiling sha2 v0.10.9
   Compiling x25519-dalek v2.0.1
   Compiling elliptic-curve v0.13.8
   Compiling primeorder v0.13.6
   Compiling p256 v0.13.2
   Compiling p384 v0.13.1
   Compiling hpke v0.12.0
    Finished `test` profile [unoptimized + debuginfo] target(s) in 18.10s
────────────
 Nextest run ID a1707e2c-3df5-4d41-885c-2890829da9dc with nextest profile: default
    Starting 744 tests across 1 binary
        PASS [   0.008s] (  1/744) fq arena::test::iter_live_values
        PASS [   0.009s] (  2/744) fq arena::test::insert_get_remove
        PASS [   0.010s] (  3/744) fq arena::test::reused_slot_invalidates_old_token
        PASS [   0.010s] (  4/744) fq bbr1::tests::advance_cycle_phase_caps_start_at_max
        PASS [   0.007s] (  5/744) fq bbr1::tests::advance_cycle_phase_gain_from_table
        PASS [   0.008s] (  6/744) fq bbr1::tests::advance_cycle_phase_increments_index
        PASS [   0.010s] (  7/744) fq bbr1::tests::advance_cycle_phase_wraps_with_btl_bw_increased
        PASS [   0.009s] (  8/744) fq bbr1::tests::advance_cycle_phase_wraps_without_increase_decrements_start
        PASS [   0.007s] (  9/744) fq bbr1::tests::after_one_roundtrip_clears_packet_conservation
        PASS [   0.007s] ( 10/744) fq bbr1::tests::check_full_pipe_fills_after_3_stall_rounds
        PASS [   0.007s] ( 11/744) fq bbr1::tests::check_full_pipe_skips_when_already_filled
        PASS [   0.007s] ( 12/744) fq bbr1::tests::check_full_pipe_growing_resets_count
        PASS [   0.008s] ( 13/744) fq bbr1::tests::check_full_pipe_skips_when_app_limited
        PASS [   0.007s] ( 14/744) fq bbr1::tests::enter_probe_rtt_sets_state_and_unity_gains
        PASS [   0.006s] ( 15/744) fq bbr1::tests::enter_startup_sets_state_and_gains
        PASS [   0.008s] ( 16/744) fq bbr1::tests::get_btl_bw_uses_btl_bw_when_flag_clear
        PASS [   0.007s] ( 17/744) fq bbr1::tests::get_btl_bw_uses_lt_bw_when_flag_set
        PASS [   0.007s] ( 18/744) fq bbr1::tests::in_loss_recovery_reflects_packet_conservation
        PASS [   0.007s] ( 19/744) fq bbr1::tests::inflight_applies_gain_multiplier
        PASS [   0.006s] ( 20/744) fq bbr1::tests::inflight_computes_bdp_with_unity_gain
        PASS [   0.006s] ( 21/744) fq bbr1::tests::inflight_returns_cwin_initial_when_rt_prop_not_measured
        PASS [   0.007s] ( 22/744) fq bbr1::tests::inflight_uses_wifi_shadow_rtt_when_larger
        PASS [   0.009s] ( 23/744) fq bbr1::tests::inflight_uses_lt_bw_when_flag_set
        PASS [   0.007s] ( 24/744) fq bbr1::tests::observe_returns_state_and_btl_bw
        PASS [   0.006s] ( 25/744) fq bbr1::tests::set_minimal_gain_no_change_when_bdp_large
        PASS [   0.007s] ( 26/744) fq bbr1::tests::set_minimal_gain_raises_when_bdp_too_small
        PASS [   0.006s] ( 27/744) fq bbr1::tests::set_options_none_is_noop
        PASS [   0.007s] ( 28/744) fq bbr1::tests::set_minimal_gain_skips_when_pacing_gain_le_one
        PASS [   0.007s] ( 29/744) fq bbr1::tests::set_options_parses_q_prefix_decimal
        PASS [   0.006s] ( 30/744) fq bbr1::tests::set_options_parses_q_prefix_integer
        PASS [   0.007s] ( 31/744) fq bbr1::tests::set_options_parses_t_prefix
        PASS [   0.007s] ( 32/744) fq bbr1::tests::suspension_almost_over_no_op_when_not_suspended
        PASS [   0.009s] ( 33/744) fq bbr1::tests::suspension_almost_over_no_op_when_packet_after_sequence
        PASS [   0.006s] ( 34/744) fq bbr1::tests::suspension_almost_over_sets_flag_when_conditions_met
        PASS [   0.007s] ( 35/744) fq bbr1::tests::update_rt_prop_expired_replaces_value
        PASS [   0.007s] ( 36/744) fq bbr1::tests::update_rt_prop_lower_sample_updates
        PASS [   0.007s] ( 37/744) fq bbr1::tests::update_rt_prop_slightly_higher_refreshes_stamp
        PASS [   0.006s] ( 38/744) fq bbr1::tests::update_target_cwnd_stores_inflight_at_cwnd_gain
        PASS [   0.006s] ( 39/744) fq bbr::tests::advance_latest_delivery_signals_no_round_start
        PASS [   0.006s] ( 40/744) fq bbr::tests::advance_latest_delivery_signals_round_start
        PASS [   0.007s] ( 41/744) fq bbr::tests::bdp_multiple_with_bw_no_rtt_sample
        PASS [   0.008s] ( 42/744) fq bbr::tests::bound_bw_for_model_clamps_to_hi
        PASS [   0.007s] ( 43/744) fq bbr::tests::bound_bw_for_model_clamps_to_lo
        PASS [   0.007s] ( 44/744) fq bbr::tests::check_app_limited_ended_accumulates_and_detects
        PASS [   0.006s] ( 45/744) fq bbr::tests::check_app_limited_ended_mid_round_accumulates_flag
        PASS [   0.007s] ( 46/744) fq bbr::tests::check_startup_full_bandwidth_ecn_triggers_fill
        PASS [   0.007s] ( 47/744) fq bbr::tests::check_startup_full_bandwidth_generic_fills_after_3_rounds
        PASS [   0.007s] ( 48/744) fq bbr::tests::check_startup_full_bandwidth_generic_growing
        PASS [   0.006s] ( 49/744) fq bbr::tests::check_startup_full_bandwidth_skips_when_app_limited
        PASS [   0.008s] ( 50/744) fq bbr::tests::enter_startup_resume_sets_state_and_gains
        PASS [   0.007s] ( 51/744) fq bbr::tests::has_elapsed_in_phase_false_when_at_deadline
        PASS [   0.007s] ( 52/744) fq bbr::tests::has_elapsed_in_phase_respects_cycle_stamp
        PASS [   0.013s] ( 53/744) fq bbr::tests::exit_lost_feedback_restores_cwin_and_clears_flag
        PASS [   0.007s] ( 54/744) fq bbr::tests::has_elapsed_in_phase_true_when_past_deadline
        PASS [   0.007s] ( 55/744) fq bbr::tests::reset_lower_bounds_sets_sentinels
        PASS [   0.006s] ( 56/744) fq bbr::tests::reset_rtt_jitter_buffer_initialises_fields
        PASS [   0.007s] ( 57/744) fq bbr::tests::set_options_defaults_to_all_experiment_flags_enabled
        PASS [   0.006s] ( 58/744) fq bbr::tests::set_options_parses_quantum_ratio_decimal
        PASS [   0.007s] ( 59/744) fq bbr::tests::set_options_parses_quantum_ratio_integer
        PASS [   0.011s] ( 60/744) fq bbr::tests::set_options_parses_wifi_shadow_rtt
        PASS [   0.007s] ( 61/744) fq bbr::tests::set_options_single_letter_flags_disable_experiments
        PASS [   0.007s] ( 62/744) fq bbr::tests::set_pacing_rate_with_gain_does_not_decrease
        PASS [   0.007s] ( 63/744) fq bbr::tests::set_pacing_rate_with_gain_increases_rate
        PASS [   0.007s] ( 64/744) fq bbr::tests::set_pacing_rate_with_gain_updates_when_filled_pipe
        PASS [   0.006s] ( 65/744) fq bbr::tests::target_inflight_returns_min_bdp_cwin
        PASS [   0.008s] ( 66/744) fq bbr::tests::start_probe_bw_cruise_sets_state_and_gains
        PASS [   0.007s] ( 67/744) fq bbr::tests::update_latest_delivery_signals_updates_maxes
        PASS [   0.007s] ( 68/744) fq bbr::tests::update_windowed_min_filter_stores_and_finds_minimum
        PASS [   0.007s] ( 69/744) fq bbr::tests::update_windowed_min_filter_single_slot_returns_v
        PASS [   0.007s] ( 70/744) fq binlog::test::outgoing_long_header_uses_version_specific_packet_type
        PASS [   0.007s] ( 71/744) fq binlog::test::outgoing_short_header_uses_connection_remote_cid_length
        PASS [   0.007s] ( 72/744) fq binlog::test::short_stream_frame_logs_cautious_error_prefix
        PASS [   0.007s] ( 73/744) fq binlog::test::stream_frame_with_length_logs_length_varint_and_payload_preview
        PASS [   0.007s] ( 74/744) fq binlog::test::zero_length_stream_frame_with_length_logs_encoded_length
        PASS [   0.007s] ( 75/744) fq c4::tests::ecn_alpha_ewma_path
        PASS [   0.006s] ( 76/744) fq c4::tests::ecn_alpha_fast_path_large_frac
        PASS [   0.006s] ( 77/744) fq c4::tests::ecn_alpha_no_update_when_both_zero_delta
        PASS [   0.006s] ( 78/744) fq c4::tests::ecn_alpha_only_ect1_delta
        PASS [   0.010s] ( 79/744) fq c4::tests::ecn_threshold_max_sensitivity
        PASS [   0.007s] ( 80/744) fq c4::tests::ecn_threshold_mid_sensitivity
        PASS [   0.007s] ( 81/744) fq c4::tests::ecn_threshold_zero_sensitivity
        PASS [   0.007s] ( 82/744) fq c4::tests::growth_evaluate_high_alpha_growing
        PASS [   0.007s] ( 83/744) fq c4::tests::growth_evaluate_high_alpha_not_growing
        PASS [   0.007s] ( 84/744) fq c4::tests::growth_evaluate_low_alpha_congestion_blocks_growth
        PASS [   0.007s] ( 85/744) fq c4::tests::growth_reset_clears_flags_and_snapshots
        PASS [   0.009s] ( 86/744) fq c4::tests::growth_evaluate_low_alpha_growing_no_congestion
        PASS [   0.006s] ( 87/744) fq c4::tests::loss_rate_caps_scope
        PASS [   0.009s] ( 88/744) fq c4::tests::loss_rate_no_update_when_not_newer
        PASS [   0.006s] ( 89/744) fq c4::tests::loss_rate_single_step
        PASS [   0.006s] ( 90/744) fq c4::tests::observe_initial_state
        PASS [   0.008s] ( 91/744) fq c4::tests::observe_returns_state_and_rtt
        PASS [   0.007s] ( 92/744) fq c4::tests::seed_cwin_ignored_when_not_initial
        PASS [   0.009s] ( 93/744) fq c4::tests::seed_cwin_sets_when_initial
        PASS [   0.007s] ( 94/744) fq c4::tests::sensitivity_above_10mbps
        PASS [   0.008s] ( 95/744) fq c4::tests::sensitivity_at_10mbps
        PASS [   0.007s] ( 96/744) fq c4::tests::sensitivity_at_1mbps
        PASS [   0.007s] ( 97/744) fq c4::tests::sensitivity_at_50k_boundary
        PASS [   0.007s] ( 98/744) fq c4::tests::sensitivity_below_50k
        PASS [   0.007s] ( 99/744) fq c4::tests::sensitivity_midrange
        PASS [   0.009s] (100/744) fq c4::tests::set_options_none_is_noop
        PASS [   0.007s] (101/744) fq c4::tests::set_options_unknown_chars_are_noop
        PASS [   0.007s] (102/744) fq config::test::atoi_empty_params
        PASS [   0.007s] (103/744) fq config::test::atoi_multi_digit
        PASS [   0.007s] (104/744) fq config::test::atoi_negative_sign_rejected
        PASS [   0.007s] (105/744) fq config::test::atoi_non_digit_char
        PASS [   0.009s] (106/744) fq config::test::atoi_out_of_bounds_index
        PASS [   0.009s] (107/744) fq config::test::atoi_valid_integer
        PASS [   0.006s] (108/744) fq config::test::atoi_zero
        PASS [   0.007s] (109/744) fq config::test::command_line_ex_accepts_long_option_prefix
        PASS [   0.007s] (110/744) fq config::test::command_line_ex_unknown_option_succeeds_without_consuming_args
        PASS [   0.006s] (111/744) fq config::test::command_line_long_option_prefix_matches_c_lookup
        PASS [   0.006s] (112/744) fq config::test::ech_server_command_line_sets_key_and_config_files
        PASS [   0.006s] (113/744) fq config::test::ech_server_empty_config_file_clears_and_errors
        PASS [   0.007s] (114/744) fq config::test::ech_server_set_option_requires_config_file_and_clears_old_config
        PASS [   0.006s] (115/744) fq config::test::optval_string_empty_input
        PASS [   0.009s] (116/744) fq config::test::optval_string_copies_within_capacity
        PASS [   0.009s] (117/744) fq config::test::optval_string_truncates_to_buffer_minus_one
        PASS [   0.007s] (118/744) fq config::test::parse_hex_version_accepts_hex_digits
        PASS [   0.007s] (119/744) fq config::test::parse_hex_version_invalid_character_returns_zero
        PASS [   0.007s] (120/744) fq config::test::parse_hex_version_wraps_like_uint32_t
        PASS [   0.007s] (121/744) fq cubic::tests::cubic_root_cube
        PASS [   0.008s] (122/744) fq cubic::tests::w_cubic_at_epoch_start
        PASS [   0.010s] (123/744) fq cubic::tests::observe_returns_state_and_w_max
        PASS [   0.007s] (124/744) fq cubic::tests::w_cubic_positive_t
        PASS [   0.007s] (125/744) fq ech::tests::base64_encode_buffer_too_small
        PASS [   0.006s] (126/744) fq ech::tests::base64_encode_padding_two
        PASS [   0.007s] (127/744) fq ech::tests::base64_encode_empty
        PASS [   0.006s] (128/744) fq ech::tests::base64_encode_three_bytes
        PASS [   0.010s] (129/744) fq ech::tests::base64_encode_padding_one
        PASS [   0.007s] (130/744) fq ech::tests::config_id_changes_with_key
        PASS [   0.007s] (131/744) fq ech::tests::base64_encoded_len_values
        PASS [   0.006s] (132/744) fq ech::tests::config_id_is_deterministic
        PASS [   0.006s] (133/744) fq ech::tests::ech_get_ciphers_out_too_small
        PASS [   0.006s] (134/744) fq ech::tests::ech_get_ciphers_p256
        PASS [   0.007s] (135/744) fq ech::tests::ech_get_ciphers_p384
        PASS [   0.008s] (136/744) fq ech::tests::ech_get_ciphers_x25519
        PASS [   0.007s] (137/744) fq ech::tests::kem_from_curve_known_groups
        PASS [   0.006s] (138/744) fq ech::tests::kem_from_curve_unknown
        PASS [   0.008s] (139/744) fq ech::tests::parse_public_key_asn1_truncated
        PASS [   0.007s] (140/744) fq ech::tests::parse_public_key_asn1_wrong_outer_tag
        PASS [   0.007s] (141/744) fq ech::tests::parse_public_key_asn1_x25519
        PASS [   0.006s] (142/744) fq fastcc::tests::observe_reads_state_and_rtt
        PASS [   0.006s] (143/744) fq fastcc::tests::seed_cwin_no_change_outside_initial
        PASS [   0.006s] (144/744) fq fastcc::tests::seed_cwin_no_change_when_above
        PASS [   0.006s] (145/744) fq fastcc::tests::seed_cwin_raises_when_below
        PASS [   0.007s] (146/744) fq fastcc::tests::threshold_above_cap
        PASS [   0.007s] (147/744) fq fastcc::tests::threshold_at_cap
        PASS [   0.007s] (148/744) fq fastcc::tests::threshold_below_cap
        PASS [   0.008s] (149/744) fq fastcc::tests::threshold_zero_rtt
        PASS [   0.010s] (150/744) fq internal::test::available_stream_frames_accepts_prepare_to_send_buffer
        PASS [   0.008s] (151/744) fq internal::test::available_stream_frames_deactivates_active_stream_without_buffer
        PASS [   0.007s] (152/744) fq internal::test::clear_stream_only_clears_queued_data_output_and_sack_state
        PASS [   0.008s] (153/744) fq internal::test::clear_ack_ctx_only_clears_sack_list
        PASS [   0.007s] (154/744) fq internal::test::copy_stream_frame_for_retransmit_without_connection_copies_frame
        PASS [   0.010s] (155/744) fq internal::test::current_retransmit_timer_matches_c_caps
        PASS [   0.010s] (156/744) fq internal::test::datagram_buffer_argument_formats_length_delimited_payload
        PASS [   0.008s] (157/744) fq internal::test::delete_connection_runs_close_side_effects_before_cleanup
        PASS [   0.010s] (158/744) fq internal::test::datagram_buffer_argument_squeezes_without_length_when_needed
        PASS [   0.008s] (159/744) fq internal::test::format_crypto_hs_frame_ignores_stream_flow_control
        PASS [   0.007s] (160/744) fq internal::test::format_first_datagram_frame_copies_queued_frame_raw_when_it_fits
        PASS [   0.007s] (161/744) fq internal::test::format_first_datagram_frame_drops_oversized_first_datagram
        PASS [   0.007s] (162/744) fq internal::test::format_first_datagram_frame_squeezes_datagram_l_with_padding
        PASS [   0.007s] (163/744) fq internal::test::format_first_misc_or_dg_frame_overflow_keeps_frame_and_sets_more_data
        PASS [   0.007s] (164/744) fq internal::test::format_misc_or_dg_frame_at_removes_selected_frame_only_on_success
        PASS [   0.008s] (165/744) fq internal::test::format_ready_datagram_frame_preserves_callback_readiness_update_after_provider
        PASS [   0.009s] (166/744) fq internal::test::format_ready_datagram_frame_invokes_prepare_callback_and_formats_payload
        PASS [   0.008s] (167/744) fq internal::test::get_token_returns_owned_copy
        PASS [   0.008s] (168/744) fq internal::test::get_token_skips_expired_tokens
        PASS [   0.009s] (169/744) fq internal::test::get_token_without_ip_selects_latest_valid_token_and_marks_it_used
        PASS [   0.008s] (170/744) fq internal::test::get_version_index_matches_supported_versions_order
        PASS [   0.008s] (171/744) fq internal::test::initialize_tls_stream_leaves_crypto_bytes_unsent_until_format
        PASS [   0.010s] (172/744) fq internal::test::load_tickets_preserves_existing_when_file_has_no_current_tickets
        PASS [   0.008s] (173/744) fq internal::test::load_tickets_rejects_c_record_size_ceiling_without_replacing_existing
        PASS [   0.010s] (174/744) fq internal::test::load_tickets_replaces_existing_with_current_records
        PASS [   0.010s] (175/744) fq internal::test::load_token_file_accepts_missing_file_and_records_path
        PASS [   0.009s] (176/744) fq internal::test::load_token_file_records_path_after_successful_load
        PASS [   0.008s] (177/744) fq internal::test::load_tokens_preserves_existing_when_file_has_no_current_tokens
        PASS [   0.008s] (178/744) fq internal::test::load_tokens_rejects_c_record_size_ceiling_without_replacing_existing
        PASS [   0.006s] (179/744) fq internal::test::parse_stream_header_overrun_preserves_header_outputs
        PASS [   0.007s] (180/744) fq internal::test::process_ack_of_ack_range_accounts_deleted_range
        PASS [   0.007s] (181/744) fq internal::test::remember_issued_ticket_trims_only_when_existing_count_exceeds_capacity
        PASS [   0.007s] (182/744) fq internal::test::remember_issued_ticket_updates_existing_ticket
        PASS [   0.007s] (183/744) fq internal::test::reset_ack_context_preserves_ack_state_and_clears_local_ecn
        PASS [   0.008s] (184/744) fq internal::test::reset_path_mtu_restores_family_initial_mtu
        PASS [   0.008s] (185/744) fq internal::test::save_and_load_tokens_keep_only_current_unused_records
        PASS [   0.007s] (186/744) fq internal::test::store_ticket_rejects_already_expired_ticket
        PASS [   0.008s] (187/744) fq internal::test::store_token_sets_current_time_relative_expiry_and_preserves_newer_match
        PASS [   0.008s] (188/744) fq internal::test::stored_ticket_lookup_skips_expired_tickets
        PASS [   0.008s] (189/744) fq internal::test::teardown_disconnects_connections_with_close_callback
        PASS [   0.008s] (190/744) fq internal::test::update_path_rtt_issues_path_quality_callback
        PASS [   0.008s] (191/744) fq internal::test::update_path_rtt_uses_c_period_gate_and_formula
        PASS [   0.008s] (192/744) fq lb::test::clear_lb_cid_config_clears_only_installed_lb_pair
        PASS [   0.007s] (193/744) fq lb::test::clear_lb_cid_config_preserves_non_lb_callback_with_lb_context
        PASS [   0.011s] (194/744) fq internal::test::update_path_rtt_uses_one_way_delay_timestamp
        PASS [   0.008s] (195/744) fq lb::test::clear_lb_cid_config_requires_context
        PASS [   0.008s] (196/744) fq lb::test::set_lb_cid_config_installs_create_local_callback
        PASS [   0.008s] (197/744) fq socks::test::format_cmsg_writes_ipv4_pktinfo_and_udp_segment
        PASS [   0.007s] (198/744) fq socks::test::format_cmsg_writes_ipv6_pktinfo_dontfrag_and_udp_segment
        PASS [   0.007s] (199/744) fq socks::test::is_unreachable_matches_unix_c_list
        PASS [   0.007s] (200/744) fq socks::test::parse_cmsg_extracts_ipv6_pktinfo_and_ecn
        PASS [   0.006s] (201/744) fq socks::test::select_ready_recv_error_returns_c_failure_value
        PASS [   0.007s] (202/744) fq socks::test::select_receives_only_from_ready_socket
        PASS [   0.007s] (203/744) fq socks::test::select_timeout_returns_zero_without_recv
        PASS [   0.007s] (204/744) fq socks::test::socket_set_pkt_info_reports_setsockopt_failure
        PASS [   0.006s] (205/744) fq socks::test::socket_set_pmtud_reports_setsockopt_failure
        PASS [   0.007s] (206/744) fq splay::test::insert_preserves_duplicate_keys
        PASS [   0.006s] (207/744) fq splay::test::upsert_replaces_existing_key
        PASS [   0.009s] (208/744) fq sys::openssl::tests::ech_opener_uses_openssl_key_exchange_provider
        PASS [   0.008s] (209/744) fq sys::openssl::tests::keyex_loader_rejects_non_key_exchange_private_key
        PASS [   0.011s] (210/744) fq sys::openssl::tests::keyex_loader_accepts_supported_ech_keys
        PASS [   0.008s] (211/744) fq test::connection_id_hash_matches_c_fold
        PASS [   0.007s] (212/744) fq test::handshake_error_matches_c_predicate
        PASS [   0.008s] (213/744) fq test::is_local_cid_checks_length_and_registered_local_cids_only
        PASS [   0.008s] (214/744) fq test::key_log_file_is_separate_from_text_log_and_failed_reopen_clears
        PASS [   0.008s] (215/744) fq test::quic_new_handles_nullable_reset_seed
        PASS [   0.007s] (216/744) fq test::set_cipher_suite_installs_provider_selected_list
        PASS [   0.007s] (217/744) fq test::set_default_multipath_option_advertises_initial_path_id_for_bit_zero
        PASS [   0.007s] (218/744) fq test::set_key_exchange_installs_provider_selected_list
        PASS [   0.008s] (219/744) fq test::set_default_tp_none_resets_initialized_defaults
        PASS [   0.009s] (220/744) fq test::set_max_data_control_updates_default_and_unsent_client_init_connections
        PASS [   0.007s] (221/744) fq test::set_tls_root_certificates_rejects_invalid_or_unsupported_roots
        PASS [   0.009s] (222/744) fq test::set_tls_root_certificates_installs_openssl_roots
        PASS [   0.011s] (223/744) fq test::set_tls_certificate_chain_replaces_owned_chain
        PASS [   0.007s] (224/744) fq test::set_transport_parameters_refreshes_mtu_and_local_flow_limits
        PASS [   0.007s] (225/744) fq test::ssl_key_log_line_uses_c_format
        PASS [   0.006s] (226/744) fq test::tls_key_log_label_matches_c_role_direction_table
        PASS [   0.007s] (227/744) fq tests::ack_of_ack::ack_of_ack
        FAIL [   0.297s] (228/744) fq tests::ack_frequency::ackfrq_short
  stdout ───

    running 1 test
    test tests::ack_frequency::ackfrq_short ... FAILED

    failures:

    failures:
        tests::ack_frequency::ackfrq_short

    test result: FAILED. 0 passed; 1 failed; 0 ignored; 0 measured; 743 filtered out; finished in 0.28s

  stderr ───

    thread 'tests::ack_frequency::ackfrq_short' (24790) panicked at src/tests/ack_frequency.rs:114:10:
    client connection ready: Generic
    stack backtrace:
       0: __rustc::rust_begin_unwind
                 at /rustc/e408947bfd200af42db322daf0fadfe7e26d3bd1/library/std/src/panicking.rs:689:5
       1: core::panicking::panic_fmt
                 at /rustc/e408947bfd200af42db322daf0fadfe7e26d3bd1/library/core/src/panicking.rs:80:14
       2: core::result::unwrap_failed
                 at /rustc/e408947bfd200af42db322daf0fadfe7e26d3bd1/library/core/src/result.rs:1867:5
       3: core::result::Result<T,E>::expect
                 at /rustc/e408947bfd200af42db322daf0fadfe7e26d3bd1/library/core/src/result.rs:1185:23
       4: fq::tests::ack_frequency::ackfrq_test_one
                 at ./src/tests/ack_frequency.rs:114:10
       5: fq::tests::ack_frequency::ackfrq_short
                 at ./src/tests/ack_frequency.rs:205:5
       6: fq::tests::ack_frequency::ackfrq_short::{{closure}}
                 at ./src/tests/ack_frequency.rs:203:18
       7: core::ops::function::FnOnce::call_once
                 at /rustc/e408947bfd200af42db322daf0fadfe7e26d3bd1/library/core/src/ops/function.rs:250:5
       8: core::ops::function::FnOnce::call_once
                 at /rustc/e408947bfd200af42db322daf0fadfe7e26d3bd1/library/core/src/ops/function.rs:250:5
    note: Some details are omitted, run with `RUST_BACKTRACE=full` for a verbose backtrace.

        FAIL [   0.300s] (229/744) fq tests::app_limited::app_limited_bbr
  stdout ───

    running 1 test
    test tests::app_limited::app_limited_bbr ... FAILED

    failures:

    failures:
        tests::app_limited::app_limited_bbr

    test result: FAILED. 0 passed; 1 failed; 0 ignored; 0 measured; 743 filtered out; finished in 0.28s

  stderr ───

    thread 'tests::app_limited::app_limited_bbr' (24791) panicked at src/tests/app_limited.rs:48:56:
    newreno cc algo
    stack backtrace:
       0: __rustc::rust_begin_unwind
                 at /rustc/e408947bfd200af42db322daf0fadfe7e26d3bd1/library/std/src/panicking.rs:689:5
       1: core::panicking::panic_fmt
                 at /rustc/e408947bfd200af42db322daf0fadfe7e26d3bd1/library/core/src/panicking.rs:80:14
       2: core::panicking::panic_display
                 at /rustc/e408947bfd200af42db322daf0fadfe7e26d3bd1/library/core/src/panicking.rs:259:5
       3: core::option::expect_failed
                 at /rustc/e408947bfd200af42db322daf0fadfe7e26d3bd1/library/core/src/option.rs:2208:5
       4: core::option::Option<T>::expect
                 at /rustc/e408947bfd200af42db322daf0fadfe7e26d3bd1/library/core/src/option.rs:971:21
       5: fq::tests::app_limited::AppLimitedConfig::default_config
                 at ./src/tests/app_limited.rs:48:56
       6: fq::tests::app_limited::app_limited_bbr
                 at ./src/tests/app_limited.rs:504:22
       7: fq::tests::app_limited::app_limited_bbr::{{closure}}
                 at ./src/tests/app_limited.rs:503:21
       8: core::ops::function::FnOnce::call_once
                 at /rustc/e408947bfd200af42db322daf0fadfe7e26d3bd1/library/core/src/ops/function.rs:250:5
       9: core::ops::function::FnOnce::call_once
                 at /rustc/e408947bfd200af42db322daf0fadfe7e26d3bd1/library/core/src/ops/function.rs:250:5
    note: Some details are omitted, run with `RUST_BACKTRACE=full` for a verbose backtrace.

        FAIL [   0.294s] (230/744) fq tests::app_limited::app_limited_cubic
  stdout ───

    running 1 test
    test tests::app_limited::app_limited_cubic ... FAILED

    failures:

    failures:
        tests::app_limited::app_limited_cubic

    test result: FAILED. 0 passed; 1 failed; 0 ignored; 0 measured; 743 filtered out; finished in 0.28s

  stderr ───

    thread 'tests::app_limited::app_limited_cubic' (24793) panicked at src/tests/app_limited.rs:48:56:
    newreno cc algo
    stack backtrace:
       0: __rustc::rust_begin_unwind
                 at /rustc/e408947bfd200af42db322daf0fadfe7e26d3bd1/library/std/src/panicking.rs:689:5
       1: core::panicking::panic_fmt
                 at /rustc/e408947bfd200af42db322daf0fadfe7e26d3bd1/library/core/src/panicking.rs:80:14
       2: core::panicking::panic_display
                 at /rustc/e408947bfd200af42db322daf0fadfe7e26d3bd1/library/core/src/panicking.rs:259:5
       3: core::option::expect_failed
                 at /rustc/e408947bfd200af42db322daf0fadfe7e26d3bd1/library/core/src/option.rs:2208:5
       4: core::option::Option<T>::expect
                 at /rustc/e408947bfd200af42db322daf0fadfe7e26d3bd1/library/core/src/option.rs:971:21
       5: fq::tests::app_limited::AppLimitedConfig::default_config
                 at ./src/tests/app_limited.rs:48:56
       6: fq::tests::app_limited::app_limited_cubic
                 at ./src/tests/app_limited.rs:512:22
       7: fq::tests::app_limited::app_limited_cubic::{{closure}}
                 at ./src/tests/app_limited.rs:511:23
       8: core::ops::function::FnOnce::call_once
                 at /rustc/e408947bfd200af42db322daf0fadfe7e26d3bd1/library/core/src/ops/function.rs:250:5
       9: core::ops::function::FnOnce::call_once
                 at /rustc/e408947bfd200af42db322daf0fadfe7e26d3bd1/library/core/src/ops/function.rs:250:5
    note: Some details are omitted, run with `RUST_BACKTRACE=full` for a verbose backtrace.

        FAIL [   0.313s] (231/744) fq tests::ack_frequency::ackfrq_basic
  stdout ───

    running 1 test
    test tests::ack_frequency::ackfrq_basic ... FAILED

    failures:

    failures:
        tests::ack_frequency::ackfrq_basic

    test result: FAILED. 0 passed; 1 failed; 0 ignored; 0 measured; 743 filtered out; finished in 0.29s

  stderr ───

    thread 'tests::ack_frequency::ackfrq_basic' (24788) panicked at src/tests/ack_frequency.rs:114:10:
    client connection ready: Generic
    stack backtrace:
       0: __rustc::rust_begin_unwind
                 at /rustc/e408947bfd200af42db322daf0fadfe7e26d3bd1/library/std/src/panicking.rs:689:5
       1: core::panicking::panic_fmt
                 at /rustc/e408947bfd200af42db322daf0fadfe7e26d3bd1/library/core/src/panicking.rs:80:14
       2: core::result::unwrap_failed
                 at /rustc/e408947bfd200af42db322daf0fadfe7e26d3bd1/library/core/src/result.rs:1867:5
       3: core::result::Result<T,E>::expect
                 at /rustc/e408947bfd200af42db322daf0fadfe7e26d3bd1/library/core/src/result.rs:1185:23
       4: fq::tests::ack_frequency::ackfrq_test_one
                 at ./src/tests/ack_frequency.rs:114:10
       5: fq::tests::ack_frequency::ackfrq_basic
                 at ./src/tests/ack_frequency.rs:184:5
       6: fq::tests::ack_frequency::ackfrq_basic::{{closure}}
                 at ./src/tests/ack_frequency.rs:182:18
       7: core::ops::function::FnOnce::call_once
                 at /rustc/e408947bfd200af42db322daf0fadfe7e26d3bd1/library/core/src/ops/function.rs:250:5
       8: core::ops::function::FnOnce::call_once
                 at /rustc/e408947bfd200af42db322daf0fadfe7e26d3bd1/library/core/src/ops/function.rs:250:5
    note: Some details are omitted, run with `RUST_BACKTRACE=full` for a verbose backtrace.

        PASS [   0.009s] (232/744) fq tests::bytestream::bytestream
        PASS [   0.011s] (233/744) fq tests::cert_verify::cert_verify_bad_sni
        PASS [   0.014s] (234/744) fq tests::cert_verify::cert_verify_bad_cert
        FAIL [   0.103s] (235/744) fq tests::app_limited::app_limited_reno
  stdout ───

    running 1 test
    test tests::app_limited::app_limited_reno ... FAILED

    failures:

    failures:
        tests::app_limited::app_limited_reno

    test result: FAILED. 0 passed; 1 failed; 0 ignored; 0 measured; 743 filtered out; finished in 0.09s

  stderr ───

    thread 'tests::app_limited::app_limited_reno' (24797) panicked at src/tests/app_limited.rs:48:56:
    newreno cc algo
    stack backtrace:
       0: __rustc::rust_begin_unwind
                 at /rustc/e408947bfd200af42db322daf0fadfe7e26d3bd1/library/std/src/panicking.rs:689:5
       1: core::panicking::panic_fmt
                 at /rustc/e408947bfd200af42db322daf0fadfe7e26d3bd1/library/core/src/panicking.rs:80:14
       2: core::panicking::panic_display
                 at /rustc/e408947bfd200af42db322daf0fadfe7e26d3bd1/library/core/src/panicking.rs:259:5
       3: core::option::expect_failed
                 at /rustc/e408947bfd200af42db322daf0fadfe7e26d3bd1/library/core/src/option.rs:2208:5
       4: core::option::Option<T>::expect
                 at /rustc/e408947bfd200af42db322daf0fadfe7e26d3bd1/library/core/src/option.rs:971:21
       5: fq::tests::app_limited::AppLimitedConfig::default_config
                 at ./src/tests/app_limited.rs:48:56
       6: fq::tests::app_limited::app_limited_reno
                 at ./src/tests/app_limited.rs:522:22
       7: fq::tests::app_limited::app_limited_reno::{{closure}}
                 at ./src/tests/app_limited.rs:521:22
       8: core::ops::function::FnOnce::call_once
                 at /rustc/e408947bfd200af42db322daf0fadfe7e26d3bd1/library/core/src/ops/function.rs:250:5
       9: core::ops::function::FnOnce::call_once
                 at /rustc/e408947bfd200af42db322daf0fadfe7e26d3bd1/library/core/src/ops/function.rs:250:5
    note: Some details are omitted, run with `RUST_BACKTRACE=full` for a verbose backtrace.

        FAIL [   0.129s] (236/744) fq tests::app_limited::app_limited_rpr
  stdout ───

    running 1 test
    test tests::app_limited::app_limited_rpr ... FAILED

    failures:

    failures:
        tests::app_limited::app_limited_rpr

    test result: FAILED. 0 passed; 1 failed; 0 ignored; 0 measured; 743 filtered out; finished in 0.11s

  stderr ───

    thread 'tests::app_limited::app_limited_rpr' (24798) panicked at src/tests/app_limited.rs:48:56:
    newreno cc algo
    stack backtrace:
       0: __rustc::rust_begin_unwind
                 at /rustc/e408947bfd200af42db322daf0fadfe7e26d3bd1/library/std/src/panicking.rs:689:5
       1: core::panicking::panic_fmt
                 at /rustc/e408947bfd200af42db322daf0fadfe7e26d3bd1/library/core/src/panicking.rs:80:14
       2: core::panicking::panic_display
                 at /rustc/e408947bfd200af42db322daf0fadfe7e26d3bd1/library/core/src/panicking.rs:259:5
       3: core::option::expect_failed
                 at /rustc/e408947bfd200af42db322daf0fadfe7e26d3bd1/library/core/src/option.rs:2208:5
       4: core::option::Option<T>::expect
                 at /rustc/e408947bfd200af42db322daf0fadfe7e26d3bd1/library/core/src/option.rs:971:21
       5: fq::tests::app_limited::AppLimitedConfig::default_config
                 at ./src/tests/app_limited.rs:48:56
       6: fq::tests::app_limited::app_limited_rpr
                 at ./src/tests/app_limited.rs:530:22
       7: fq::tests::app_limited::app_limited_rpr::{{closure}}
                 at ./src/tests/app_limited.rs:529:21
       8: core::ops::function::FnOnce::call_once
                 at /rustc/e408947bfd200af42db322daf0fadfe7e26d3bd1/library/core/src/ops/function.rs:250:5
       9: core::ops::function::FnOnce::call_once
                 at /rustc/e408947bfd200af42db322daf0fadfe7e26d3bd1/library/core/src/ops/function.rs:250:5
    note: Some details are omitted, run with `RUST_BACKTRACE=full` for a verbose backtrace.

        FAIL [   0.110s] (237/744) fq tests::cert_verify::cert_verify_null
  stdout ───

    running 1 test
    test tests::cert_verify::cert_verify_null ... FAILED

    failures:

    failures:
        tests::cert_verify::cert_verify_null

    test result: FAILED. 0 passed; 1 failed; 0 ignored; 0 measured; 743 filtered out; finished in 0.09s

  stderr ───

    thread 'tests::cert_verify::cert_verify_null' (24806) panicked at src/tests/cert_verify.rs:37:5:
    assertion `left == right` failed: expected TLS handshake success=true, got loop_ok=true, client_ready=false, server_ready=false
      left: false
     right: true
    stack backtrace:
       0: __rustc::rust_begin_unwind
                 at /rustc/e408947bfd200af42db322daf0fadfe7e26d3bd1/library/std/src/panicking.rs:689:5
       1: core::panicking::panic_fmt
                 at /rustc/e408947bfd200af42db322daf0fadfe7e26d3bd1/library/core/src/panicking.rs:80:14
       2: core::panicking::assert_failed_inner
                 at /rustc/e408947bfd200af42db322daf0fadfe7e26d3bd1/library/core/src/panicking.rs:434:23
       3: core::panicking::assert_failed
                 at /rustc/e408947bfd200af42db322daf0fadfe7e26d3bd1/library/core/src/panicking.rs:394:5
       4: fq::tests::cert_verify::cert_verify_test_one
                 at ./src/tests/cert_verify.rs:37:5
       5: fq::tests::cert_verify::cert_verify_null
                 at ./src/tests/cert_verify.rs:71:5
       6: fq::tests::cert_verify::cert_verify_null::{{closure}}
                 at ./src/tests/cert_verify.rs:70:22
       7: core::ops::function::FnOnce::call_once
                 at /rustc/e408947bfd200af42db322daf0fadfe7e26d3bd1/library/core/src/ops/function.rs:250:5
       8: core::ops::function::FnOnce::call_once
                 at /rustc/e408947bfd200af42db322daf0fadfe7e26d3bd1/library/core/src/ops/function.rs:250:5
    note: Some details are omitted, run with `RUST_BACKTRACE=full` for a verbose backtrace.

        FAIL [   0.112s] (238/744) fq tests::cert_verify::cert_verify_null_sni
  stdout ───

    running 1 test
    test tests::cert_verify::cert_verify_null_sni ... FAILED

    failures:

    failures:
        tests::cert_verify::cert_verify_null_sni

    test result: FAILED. 0 passed; 1 failed; 0 ignored; 0 measured; 743 filtered out; finished in 0.09s

  stderr ───

    thread 'tests::cert_verify::cert_verify_null_sni' (24807) panicked at src/tests/cert_verify.rs:37:5:
    assertion `left == right` failed: expected TLS handshake success=true, got loop_ok=true, client_ready=false, server_ready=false
      left: false
     right: true
    stack backtrace:
       0: __rustc::rust_begin_unwind
                 at /rustc/e408947bfd200af42db322daf0fadfe7e26d3bd1/library/std/src/panicking.rs:689:5
       1: core::panicking::panic_fmt
                 at /rustc/e408947bfd200af42db322daf0fadfe7e26d3bd1/library/core/src/panicking.rs:80:14
       2: core::panicking::assert_failed_inner
                 at /rustc/e408947bfd200af42db322daf0fadfe7e26d3bd1/library/core/src/panicking.rs:434:23
       3: core::panicking::assert_failed
                 at /rustc/e408947bfd200af42db322daf0fadfe7e26d3bd1/library/core/src/panicking.rs:394:5
       4: fq::tests::cert_verify::cert_verify_test_one
                 at ./src/tests/cert_verify.rs:37:5
       5: fq::tests::cert_verify::cert_verify_null_sni
                 at ./src/tests/cert_verify.rs:84:5
       6: fq::tests::cert_verify::cert_verify_null_sni::{{closure}}
                 at ./src/tests/cert_verify.rs:83:26
       7: core::ops::function::FnOnce::call_once
                 at /rustc/e408947bfd200af42db322daf0fadfe7e26d3bd1/library/core/src/ops/function.rs:250:5
       8: core::ops::function::FnOnce::call_once
                 at /rustc/e408947bfd200af42db322daf0fadfe7e26d3bd1/library/core/src/ops/function.rs:250:5
    note: Some details are omitted, run with `RUST_BACKTRACE=full` for a verbose backtrace.

        PASS [   0.010s] (239/744) fq tests::cleartext_aead::draft17_vector
        PASS [   0.007s] (240/744) fq tests::cleartext_aead::key_rotation_vector
        PASS [   0.006s] (241/744) fq tests::cleartext_aead::pn_ctr
        PASS [   0.012s] (242/744) fq tests::cleartext_aead::pn_vector
        PASS [   0.008s] (243/744) fq tests::cleartext_aead::retry_protection_v2
        PASS [   0.007s] (244/744) fq tests::cleartext_aead::retry_protection_vector
        FAIL [   0.106s] (245/744) fq tests::cert_verify::cert_verify_rsa
  stdout ───

    running 1 test
    test tests::cert_verify::cert_verify_rsa ... FAILED

    failures:

    failures:
        tests::cert_verify::cert_verify_rsa

    test result: FAILED. 0 passed; 1 failed; 0 ignored; 0 measured; 743 filtered out; finished in 0.09s

  stderr ───

    thread 'tests::cert_verify::cert_verify_rsa' (24809) panicked at src/tests/cert_verify.rs:37:5:
    assertion `left == right` failed: expected TLS handshake success=true, got loop_ok=true, client_ready=false, server_ready=false
      left: false
     right: true
    stack backtrace:
       0: __rustc::rust_begin_unwind
                 at /rustc/e408947bfd200af42db322daf0fadfe7e26d3bd1/library/std/src/panicking.rs:689:5
       1: core::panicking::panic_fmt
                 at /rustc/e408947bfd200af42db322daf0fadfe7e26d3bd1/library/core/src/panicking.rs:80:14
       2: core::panicking::assert_failed_inner
                 at /rustc/e408947bfd200af42db322daf0fadfe7e26d3bd1/library/core/src/panicking.rs:434:23
       3: core::panicking::assert_failed
                 at /rustc/e408947bfd200af42db322daf0fadfe7e26d3bd1/library/core/src/panicking.rs:394:5
       4: fq::tests::cert_verify::cert_verify_test_one
                 at ./src/tests/cert_verify.rs:37:5
       5: fq::tests::cert_verify::cert_verify_rsa
                 at ./src/tests/cert_verify.rs:97:5
       6: fq::tests::cert_verify::cert_verify_rsa::{{closure}}
                 at ./src/tests/cert_verify.rs:96:21
       7: core::ops::function::FnOnce::call_once
                 at /rustc/e408947bfd200af42db322daf0fadfe7e26d3bd1/library/core/src/ops/function.rs:250:5
       8: core::ops::function::FnOnce::call_once
                 at /rustc/e408947bfd200af42db322daf0fadfe7e26d3bd1/library/core/src/ops/function.rs:250:5
    note: Some details are omitted, run with `RUST_BACKTRACE=full` for a verbose backtrace.

        PASS [   0.010s] (246/744) fq tests::cnx_creation::create_quic
        FAIL [   0.106s] (247/744) fq tests::cleartext_aead::clear_text_aead
  stdout ───

    running 1 test
    test tests::cleartext_aead::clear_text_aead ... FAILED

    failures:

    failures:
        tests::cleartext_aead::clear_text_aead

    test result: FAILED. 0 passed; 1 failed; 0 ignored; 0 measured; 743 filtered out; finished in 0.09s

  stderr ───

    thread 'tests::cleartext_aead::clear_text_aead' (24813) panicked at src/tests/cleartext_aead.rs:212:10:
    server connection
    stack backtrace:
       0: __rustc::rust_begin_unwind
                 at /rustc/e408947bfd200af42db322daf0fadfe7e26d3bd1/library/std/src/panicking.rs:689:5
       1: core::panicking::panic_fmt
                 at /rustc/e408947bfd200af42db322daf0fadfe7e26d3bd1/library/core/src/panicking.rs:80:14
       2: core::panicking::panic_display
                 at /rustc/e408947bfd200af42db322daf0fadfe7e26d3bd1/library/core/src/panicking.rs:259:5
       3: core::option::expect_failed
                 at /rustc/e408947bfd200af42db322daf0fadfe7e26d3bd1/library/core/src/option.rs:2208:5
       4: core::option::Option<T>::expect
                 at /rustc/e408947bfd200af42db322daf0fadfe7e26d3bd1/library/core/src/option.rs:971:21
       5: fq::tests::cleartext_aead::clear_text_aead
                 at ./src/tests/cleartext_aead.rs:212:10
       6: fq::tests::cleartext_aead::clear_text_aead::{{closure}}
                 at ./src/tests/cleartext_aead.rs:148:21
       7: core::ops::function::FnOnce::call_once
                 at /rustc/e408947bfd200af42db322daf0fadfe7e26d3bd1/library/core/src/ops/function.rs:250:5
       8: core::ops::function::FnOnce::call_once
                 at /rustc/e408947bfd200af42db322daf0fadfe7e26d3bd1/library/core/src/ops/function.rs:250:5
    note: Some details are omitted, run with `RUST_BACKTRACE=full` for a verbose backtrace.

        FAIL [   0.112s] (248/744) fq tests::cleartext_aead::cleartext_pn_enc
  stdout ───

    running 1 test
    test tests::cleartext_aead::cleartext_pn_enc ... FAILED

    failures:

    failures:
        tests::cleartext_aead::cleartext_pn_enc

    test result: FAILED. 0 passed; 1 failed; 0 ignored; 0 measured; 743 filtered out; finished in 0.09s

  stderr ───

    thread 'tests::cleartext_aead::cleartext_pn_enc' (24814) panicked at src/tests/cleartext_aead.rs:472:10:
    server connection
    stack backtrace:
       0: __rustc::rust_begin_unwind
                 at /rustc/e408947bfd200af42db322daf0fadfe7e26d3bd1/library/std/src/panicking.rs:689:5
       1: core::panicking::panic_fmt
                 at /rustc/e408947bfd200af42db322daf0fadfe7e26d3bd1/library/core/src/panicking.rs:80:14
       2: core::panicking::panic_display
                 at /rustc/e408947bfd200af42db322daf0fadfe7e26d3bd1/library/core/src/panicking.rs:259:5
       3: core::option::expect_failed
                 at /rustc/e408947bfd200af42db322daf0fadfe7e26d3bd1/library/core/src/option.rs:2208:5
       4: core::option::Option<T>::expect
                 at /rustc/e408947bfd200af42db322daf0fadfe7e26d3bd1/library/core/src/option.rs:971:21
       5: fq::tests::cleartext_aead::cleartext_pn_enc
                 at ./src/tests/cleartext_aead.rs:472:10
       6: fq::tests::cleartext_aead::cleartext_pn_enc::{{closure}}
                 at ./src/tests/cleartext_aead.rs:407:22
       7: core::ops::function::FnOnce::call_once
                 at /rustc/e408947bfd200af42db322daf0fadfe7e26d3bd1/library/core/src/ops/function.rs:250:5
       8: core::ops::function::FnOnce::call_once
                 at /rustc/e408947bfd200af42db322daf0fadfe7e26d3bd1/library/core/src/ops/function.rs:250:5
    note: Some details are omitted, run with `RUST_BACKTRACE=full` for a verbose backtrace.

        PASS [   0.007s] (249/744) fq tests::code_version::code_version
        PASS [   0.007s] (250/744) fq tests::config::config_option
        PASS [   0.006s] (251/744) fq tests::config::config_option_letters
        PASS [   0.007s] (252/744) fq tests::config::config_preferred
        FAIL [   0.109s] (253/744) fq tests::cnx_creation::create_cnx
  stdout ───

    running 1 test
    test tests::cnx_creation::create_cnx ... FAILED

    failures:

    failures:
        tests::cnx_creation::create_cnx

    test result: FAILED. 0 passed; 1 failed; 0 ignored; 0 measured; 743 filtered out; finished in 0.09s

  stderr ───

    thread 'tests::cnx_creation::create_cnx' (24827) panicked at src/tests/cnx_creation.rs:265:17:
    connection 1 (odd) should still exist
    stack backtrace:
       0: __rustc::rust_begin_unwind
                 at /rustc/e408947bfd200af42db322daf0fadfe7e26d3bd1/library/std/src/panicking.rs:689:5
       1: core::panicking::panic_fmt
                 at /rustc/e408947bfd200af42db322daf0fadfe7e26d3bd1/library/core/src/panicking.rs:80:14
       2: fq::tests::cnx_creation::create_cnx
                 at ./src/tests/cnx_creation.rs:265:17
       3: fq::tests::cnx_creation::create_cnx::{{closure}}
                 at ./src/tests/cnx_creation.rs:127:16
       4: core::ops::function::FnOnce::call_once
                 at /rustc/e408947bfd200af42db322daf0fadfe7e26d3bd1/library/core/src/ops/function.rs:250:5
       5: core::ops::function::FnOnce::call_once
                 at /rustc/e408947bfd200af42db322daf0fadfe7e26d3bd1/library/core/src/ops/function.rs:250:5
    note: Some details are omitted, run with `RUST_BACKTRACE=full` for a verbose backtrace.

        PASS [   0.008s] (254/744) fq tests::config::config_set_port
        FAIL [   0.105s] (255/744) fq tests::cnxstress::cnx_limit
  stdout ───

    running 1 test
    test tests::cnxstress::cnx_limit ... FAILED

    failures:

    failures:
        tests::cnxstress::cnx_limit

    test result: FAILED. 0 passed; 1 failed; 0 ignored; 0 measured; 743 filtered out; finished in 0.09s

  stderr ───

    thread 'tests::cnxstress::cnx_limit' (24831) panicked at src/tests/cnxstress.rs:907:40:
    loop step: Generic
    stack backtrace:
       0: __rustc::rust_begin_unwind
                 at /rustc/e408947bfd200af42db322daf0fadfe7e26d3bd1/library/std/src/panicking.rs:689:5
       1: core::panicking::panic_fmt
                 at /rustc/e408947bfd200af42db322daf0fadfe7e26d3bd1/library/core/src/panicking.rs:80:14
       2: core::result::unwrap_failed
                 at /rustc/e408947bfd200af42db322daf0fadfe7e26d3bd1/library/core/src/result.rs:1867:5
       3: core::result::Result<T,E>::expect
                 at /rustc/e408947bfd200af42db322daf0fadfe7e26d3bd1/library/core/src/result.rs:1185:23
       4: fq::tests::cnxstress::cnx_limit
                 at ./src/tests/cnxstress.rs:907:40
       5: fq::tests::cnxstress::cnx_limit::{{closure}}
                 at ./src/tests/cnxstress.rs:897:15
       6: core::ops::function::FnOnce::call_once
                 at /rustc/e408947bfd200af42db322daf0fadfe7e26d3bd1/library/core/src/ops/function.rs:250:5
       7: core::ops::function::FnOnce::call_once
                 at /rustc/e408947bfd200af42db322daf0fadfe7e26d3bd1/library/core/src/ops/function.rs:250:5
    note: Some details are omitted, run with `RUST_BACKTRACE=full` for a verbose backtrace.

        FAIL [   0.112s] (256/744) fq tests::config::config_quic
  stdout ───

    running 1 test
    test tests::config::config_quic ... FAILED

    failures:

    failures:
        tests::config::config_quic

    test result: FAILED. 0 passed; 1 failed; 0 ignored; 0 measured; 743 filtered out; finished in 0.09s

  stderr ───
    DBG: init_master_tls_context failed: InvalidFile cert=Some("/home/user/picoquic/rs/fq/../..//home/user/picoquic/rs/fq/../../certs/cert.pem") key=Some("/home/user/picoquic/rs/fq/../..//home/user/picoquic/rs/fq/../../certs/key.pem") root=None

    thread 'tests::config::config_quic' (24843) panicked at src/tests/config.rs:505:14:
    create_and_configure
    stack backtrace:
       0: __rustc::rust_begin_unwind
                 at /rustc/e408947bfd200af42db322daf0fadfe7e26d3bd1/library/std/src/panicking.rs:689:5
       1: core::panicking::panic_fmt
                 at /rustc/e408947bfd200af42db322daf0fadfe7e26d3bd1/library/core/src/panicking.rs:80:14
       2: core::panicking::panic_display
                 at /rustc/e408947bfd200af42db322daf0fadfe7e26d3bd1/library/core/src/panicking.rs:259:5
       3: core::option::expect_failed
                 at /rustc/e408947bfd200af42db322daf0fadfe7e26d3bd1/library/core/src/option.rs:2208:5
       4: core::option::Option<T>::expect
                 at /rustc/e408947bfd200af42db322daf0fadfe7e26d3bd1/library/core/src/option.rs:971:21
       5: fq::tests::config::config_quic::config_quic_test_one
                 at ./src/tests/config.rs:505:14
       6: fq::tests::config::config_quic
                 at ./src/tests/config.rs:571:5
       7: fq::tests::config::config_quic::{{closure}}
                 at ./src/tests/config.rs:478:17
       8: core::ops::function::FnOnce::call_once
                 at /rustc/e408947bfd200af42db322daf0fadfe7e26d3bd1/library/core/src/ops/function.rs:250:5
       9: core::ops::function::FnOnce::call_once
                 at /rustc/e408947bfd200af42db322daf0fadfe7e26d3bd1/library/core/src/ops/function.rs:250:5
    note: Some details are omitted, run with `RUST_BACKTRACE=full` for a verbose backtrace.

        FAIL [   0.158s] (257/744) fq tests::cnxstress::cnx_stress
  stdout ───

    running 1 test
    test tests::cnxstress::cnx_stress ... FAILED

    failures:

    failures:
        tests::cnxstress::cnx_stress

    test result: FAILED. 0 passed; 1 failed; 0 ignored; 0 measured; 743 filtered out; finished in 0.14s

  stderr ───

    thread 'tests::cnxstress::cnx_stress' (24834) panicked at src/tests/cnxstress.rs:966:49:
    cnx_stress_do_test: Generic
    stack backtrace:
       0: __rustc::rust_begin_unwind
                 at /rustc/e408947bfd200af42db322daf0fadfe7e26d3bd1/library/std/src/panicking.rs:689:5
       1: core::panicking::panic_fmt
                 at /rustc/e408947bfd200af42db322daf0fadfe7e26d3bd1/library/core/src/panicking.rs:80:14
       2: core::result::unwrap_failed
                 at /rustc/e408947bfd200af42db322daf0fadfe7e26d3bd1/library/core/src/result.rs:1867:5
       3: core::result::Result<T,E>::expect
                 at /rustc/e408947bfd200af42db322daf0fadfe7e26d3bd1/library/core/src/result.rs:1185:23
       4: fq::tests::cnxstress::cnx_stress
                 at ./src/tests/cnxstress.rs:966:49
       5: fq::tests::cnxstress::cnx_stress::{{closure}}
                 at ./src/tests/cnxstress.rs:965:16
       6: core::ops::function::FnOnce::call_once
                 at /rustc/e408947bfd200af42db322daf0fadfe7e26d3bd1/library/core/src/ops/function.rs:250:5
       7: core::ops::function::FnOnce::call_once
                 at /rustc/e408947bfd200af42db322daf0fadfe7e26d3bd1/library/core/src/ops/function.rs:250:5
    note: Some details are omitted, run with `RUST_BACKTRACE=full` for a verbose backtrace.

        FAIL [   0.122s] (258/744) fq tests::config::config_usage
  stdout ───

    running 1 test
    test tests::config::config_usage ... FAILED

    failures:

    failures:
        tests::config::config_usage

    test result: FAILED. 0 passed; 1 failed; 0 ignored; 0 measured; 743 filtered out; finished in 0.09s

  stderr ───

    thread 'tests::config::config_usage' (24847) panicked at src/tests/config.rs:590:5:
    assertion `left == right` failed
      left: "Picoquic options:\n  -c file         cert file\n  -k file         key file\n  -p number       server port\n  -v              Version proposed by client, e.g. -v ff000012\n  -o folder       Folder where client writes downloaded files, defaults to current directory.\n  -w folder       Folder containing web pages served by server\n  -x number       Maximum number of concurrent connections, default 256\n  -r              Do Retry Request\n  -R option       Randomize packet number spaces: none(0), initial(1, default), all(2).\n  -s <32 hex chars> Reset seed\n  -X              Disable the check for blocked ports\n  -S folder       Set the path to the source files to find the default files\n  -G cc_algorithm Use the specified congestion control algorithm. Defaults to bbr. Supported values are:\n                  newreno, cubic, dcubic, fast, bbr, prague, bbr1, c4.\n  -H option       Set option string if required by congestion control algorithm.\n  -P number       Set the default spinbit policy\n  -O number       Set the default lossbit policy\n  -M              Enable QUIC multipath extension\n  -e if           Send on interface (default: -1)\n  -C cipher_suite_id specify cipher suite (e.g. -C 20 = chacha20)\n  -i per-text-lb-spec See documentation for LB compatible CID configuration\n  -l file         Log file, Log to stdout if file = \"-\". No text logging if absent.\n  -L              Log all packets. If absent, log stops after 100 packets.\n  -b folder       Binary logging to this directory. No binary logging if absent.\n  -q folder       Qlog logging to this directory.\n  -m mtu_max      Largest mtu value that can be tried for discovery.\n  -n sni          sni (default: server name)\n  -a alpn         alpn (default function of version)\n  -t file         root trust file\n  -z              Set TLS zero share behavior on client, to force HRR\n  -I length       Length of CNX_ID used by the client, default=8\n  -d ms           Duration of idle timeout in milliseconds (Default 30,000ms)\n  -D              no disk: do not save received files on disk\n  -Q              send a large client hello in order to test post quantum readiness\n  -T file         File storing the session tickets\n  -N file         File storing the new tokens\n  -B number       Set buffer size with SO_SNDBUF SO_RCVBUF\n  -F file         Append performance reports to performance log\n  -V              enable preemptive repeat\n  -U              Version upgrade if server agrees, e.g. -U 6b3343cf\n  -0              Do not use UDP GSO or equivalent\n  -j number       use bdp extension frame(1) or don't (0). Default=0\n  -W bytes        Max value for CWIN. Default=UINT64_MAX\n  -8              Enable SSLKEYLOG\n  -J mode         provider (0), receiver (1) or both (2).\n  -E key config   ECH private key file, config file. Default= no ECH on server.\n  -y public_name  Create an ECH configuration before applying the `ech_s` parameter.\n  -K base64       ECH configuration for the client connection, base64 encoded.\n  -Z bytes        Set the flow control's initial max data.\n  -4 ip[:port]    Preferred address for v4 connections.\n  -6 ipv6[:port]  Preferred address for v6 connections.\n  -h              This help message\n"
     right: "Picoquic options:\n  -c file         cert file\n  -k file         key file\n  -p number       server port\n  -v              Version proposed by client, e.g. -v ff000012\n  -o folder       Folder where client writes downloaded files, defaults to current directory.\n  -w folder       Folder containing web pages served by server\n  -x number       Maximum number of concurrent connections, default 256\n  -r              Do Retry Request\n  -R option       Randomize packet number spaces: none(0), initial(1, default), all(2).\n  -s <32 hex chars> Reset seed\n  -X              Disable the check for blocked ports\n  -S folder       Set the path to the source files to find the default files\n  -G cc_algorithm Use the specified congestion control algorithm. Defaults to bbr. Supported values are:\n                  newreno, cubic, bbr.\n  -H option       Set option string if required by congestion control algorithm.\n  -P number       Set the default spinbit policy\n  -O number       Set the default lossbit policy\n  -M              Enable QUIC multipath extension\n  -e if           Send on interface (default: -1)\n  -C cipher_suite_id specify cipher suite (e.g. -C 20 = chacha20)\n  -i per-text-lb-spec See documentation for LB compatible CID configuration\n  -l file         Log file, Log to stdout if file = \"-\". No text logging if absent.\n  -L              Log all packets. If absent, log stops after 100 packets.\n  -b folder       Binary logging to this directory. No binary logging if absent.\n  -q folder       Qlog logging to this directory. No qlog logging if absent, but qlogs could be produced using picolog if binary logs are available.\n  -m mtu_max      Largest mtu value that can be tried for discovery.\n  -n sni          sni (default: server name)\n  -a alpn         alpn (default function of version)\n  -t file         root trust file\n  -z              Set TLS zero share behavior on client, to force HRR\n  -I length       Length of CNX_ID used by the client, default=8\n  -d ms           Duration of idle timeout in milliseconds (Default 30,000ms)\n  -D              no disk: do not save received files on disk\n  -Q              send a large client hello in order to test post quantum readiness\n  -T file         File storing the session tickets\n  -N file         File storing the new tokens\n  -B number       Set buffer size with SO_SNDBUF SO_RCVBUF\n  -F file         Append performance reports to performance log\n  -V              enable preemptive repeat\n  -U              Version upgrade if server agrees, e.g. -U 6b3343cf\n  -0              Do not use UDP GSO or equivalent\n  -j number       use bdp extension frame(1) or don't (0). Default=0\n  -W bytes        Max value for CWIN. Default=UINT64_MAX\n  -8              Enable SSLKEYLOG\n  -J mode         provider (0), receiver (1) or both (2).\n  -E key config   ECH private key file, config file. Default= no ECH on server.\n  -y public_name  Create an ECH configuration before applying the `ech_s` parameter.\n  -K base64       ECH configuration for the client connection, base64 encoded.\n  -Z bytes        Set the flow control's initial max data.\n  -4 ip[:port]    Preferred address for v4 connections.\n  -6 ipv6[:port]  Preferred address for v6 connections.\n  -h              This help message\n"
    stack backtrace:
       0: __rustc::rust_begin_unwind
                 at /rustc/e408947bfd200af42db322daf0fadfe7e26d3bd1/library/std/src/panicking.rs:689:5
       1: core::panicking::panic_fmt
                 at /rustc/e408947bfd200af42db322daf0fadfe7e26d3bd1/library/core/src/panicking.rs:80:14
       2: core::panicking::assert_failed_inner
                 at /rustc/e408947bfd200af42db322daf0fadfe7e26d3bd1/library/core/src/panicking.rs:439:17
       3: core::panicking::assert_failed
                 at /rustc/e408947bfd200af42db322daf0fadfe7e26d3bd1/library/core/src/panicking.rs:394:5
       4: fq::tests::config::config_usage
                 at ./src/tests/config.rs:590:5
       5: fq::tests::config::config_usage::{{closure}}
                 at ./src/tests/config.rs:582:18
       6: core::ops::function::FnOnce::call_once
                 at /rustc/e408947bfd200af42db322daf0fadfe7e26d3bd1/library/core/src/ops/function.rs:250:5
       7: core::ops::function::FnOnce::call_once
                 at /rustc/e408947bfd200af42db322daf0fadfe7e26d3bd1/library/core/src/ops/function.rs:250:5
    note: Some details are omitted, run with `RUST_BACKTRACE=full` for a verbose backtrace.

        FAIL [   0.109s] (259/744) fq tests::congestion::app_limit_cc
  stdout ───

    running 1 test
    test tests::congestion::app_limit_cc ... FAILED

    failures:

    failures:
        tests::congestion::app_limit_cc

    test result: FAILED. 0 passed; 1 failed; 0 ignored; 0 measured; 743 filtered out; finished in 0.09s

  stderr ───

    thread 'tests::congestion::app_limit_cc' (24849) panicked at src/tests/congestion.rs:675:6:
    scenario body: Generic
    stack backtrace:
       0: __rustc::rust_begin_unwind
                 at /rustc/e408947bfd200af42db322daf0fadfe7e26d3bd1/library/std/src/panicking.rs:689:5
       1: core::panicking::panic_fmt
                 at /rustc/e408947bfd200af42db322daf0fadfe7e26d3bd1/library/core/src/panicking.rs:80:14
       2: core::result::unwrap_failed
                 at /rustc/e408947bfd200af42db322daf0fadfe7e26d3bd1/library/core/src/result.rs:1867:5
       3: core::result::Result<T,E>::expect
                 at /rustc/e408947bfd200af42db322daf0fadfe7e26d3bd1/library/core/src/result.rs:1185:23
       4: fq::tests::congestion::app_limit_cc_test_one
                 at ./src/tests/congestion.rs:675:6
       5: fq::tests::congestion::app_limit_cc
                 at ./src/tests/congestion.rs:985:9
       6: fq::tests::congestion::app_limit_cc::{{closure}}
                 at ./src/tests/congestion.rs:977:18
       7: core::ops::function::FnOnce::call_once
                 at /rustc/e408947bfd200af42db322daf0fadfe7e26d3bd1/library/core/src/ops/function.rs:250:5
       8: core::ops::function::FnOnce::call_once
                 at /rustc/e408947bfd200af42db322daf0fadfe7e26d3bd1/library/core/src/ops/function.rs:250:5
    note: Some details are omitted, run with `RUST_BACKTRACE=full` for a verbose backtrace.

        FAIL [   0.106s] (260/744) fq tests::congestion::bbr1
  stdout ───

    running 1 test
    test tests::congestion::bbr1 ... FAILED

    failures:

    failures:
        tests::congestion::bbr1

    test result: FAILED. 0 passed; 1 failed; 0 ignored; 0 measured; 743 filtered out; finished in 0.09s

  stderr ───

    thread 'tests::congestion::bbr1' (24853) panicked at src/tests/congestion.rs:213:6:
    scenario body: Generic
    stack backtrace:
       0: __rustc::rust_begin_unwind
                 at /rustc/e408947bfd200af42db322daf0fadfe7e26d3bd1/library/std/src/panicking.rs:689:5
       1: core::panicking::panic_fmt
                 at /rustc/e408947bfd200af42db322daf0fadfe7e26d3bd1/library/core/src/panicking.rs:80:14
       2: core::result::unwrap_failed
                 at /rustc/e408947bfd200af42db322daf0fadfe7e26d3bd1/library/core/src/result.rs:1867:5
       3: core::result::Result<T,E>::expect
                 at /rustc/e408947bfd200af42db322daf0fadfe7e26d3bd1/library/core/src/result.rs:1185:23
       4: fq::tests::congestion::congestion_control_test
                 at ./src/tests/congestion.rs:213:6
       5: fq::tests::congestion::bbr1
                 at ./src/tests/congestion.rs:903:5
       6: fq::tests::congestion::bbr1::{{closure}}
                 at ./src/tests/congestion.rs:901:10
       7: core::ops::function::FnOnce::call_once
                 at /rustc/e408947bfd200af42db322daf0fadfe7e26d3bd1/library/core/src/ops/function.rs:250:5
       8: core::ops::function::FnOnce::call_once
                 at /rustc/e408947bfd200af42db322daf0fadfe7e26d3bd1/library/core/src/ops/function.rs:250:5
    note: Some details are omitted, run with `RUST_BACKTRACE=full` for a verbose backtrace.

        FAIL [   0.121s] (261/744) fq tests::congestion::bbr
  stdout ───

    running 1 test
    test tests::congestion::bbr ... FAILED

    failures:

    failures:
        tests::congestion::bbr

    test result: FAILED. 0 passed; 1 failed; 0 ignored; 0 measured; 743 filtered out; finished in 0.10s

  stderr ───

    thread 'tests::congestion::bbr' (24851) panicked at src/tests/congestion.rs:213:6:
    scenario body: Generic
    stack backtrace:
       0: __rustc::rust_begin_unwind
                 at /rustc/e408947bfd200af42db322daf0fadfe7e26d3bd1/library/std/src/panicking.rs:689:5
       1: core::panicking::panic_fmt
                 at /rustc/e408947bfd200af42db322daf0fadfe7e26d3bd1/library/core/src/panicking.rs:80:14
       2: core::result::unwrap_failed
                 at /rustc/e408947bfd200af42db322daf0fadfe7e26d3bd1/library/core/src/result.rs:1867:5
       3: core::result::Result<T,E>::expect
                 at /rustc/e408947bfd200af42db322daf0fadfe7e26d3bd1/library/core/src/result.rs:1185:23
       4: fq::tests::congestion::congestion_control_test
                 at ./src/tests/congestion.rs:213:6
       5: fq::tests::congestion::bbr
                 at ./src/tests/congestion.rs:804:5
       6: fq::tests::congestion::bbr::{{closure}}
                 at ./src/tests/congestion.rs:802:9
       7: core::ops::function::FnOnce::call_once
                 at /rustc/e408947bfd200af42db322daf0fadfe7e26d3bd1/library/core/src/ops/function.rs:250:5
       8: core::ops::function::FnOnce::call_once
                 at /rustc/e408947bfd200af42db322daf0fadfe7e26d3bd1/library/core/src/ops/function.rs:250:5
    note: Some details are omitted, run with `RUST_BACKTRACE=full` for a verbose backtrace.

        FAIL [   0.115s] (262/744) fq tests::congestion::bbr1_long
  stdout ───

    running 1 test
    test tests::congestion::bbr1_long ... FAILED

    failures:

    failures:
        tests::congestion::bbr1_long

    test result: FAILED. 0 passed; 1 failed; 0 ignored; 0 measured; 743 filtered out; finished in 0.09s

  stderr ───

    thread 'tests::congestion::bbr1_long' (24856) panicked at src/tests/congestion.rs:243:81:
    connect: Generic
    stack backtrace:
       0: __rustc::rust_begin_unwind
                 at /rustc/e408947bfd200af42db322daf0fadfe7e26d3bd1/library/std/src/panicking.rs:689:5
       1: core::panicking::panic_fmt
                 at /rustc/e408947bfd200af42db322daf0fadfe7e26d3bd1/library/core/src/panicking.rs:80:14
       2: core::result::unwrap_failed
                 at /rustc/e408947bfd200af42db322daf0fadfe7e26d3bd1/library/core/src/result.rs:1867:5
       3: core::result::Result<T,E>::expect
                 at /rustc/e408947bfd200af42db322daf0fadfe7e26d3bd1/library/core/src/result.rs:1185:23
       4: fq::tests::congestion::congestion_long_test
                 at ./src/tests/congestion.rs:243:81
       5: fq::tests::congestion::bbr1_long
                 at ./src/tests/congestion.rs:910:5
       6: fq::tests::congestion::bbr1_long::{{closure}}
                 at ./src/tests/congestion.rs:908:15
       7: core::ops::function::FnOnce::call_once
                 at /rustc/e408947bfd200af42db322daf0fadfe7e26d3bd1/library/core/src/ops/function.rs:250:5
       8: core::ops::function::FnOnce::call_once
                 at /rustc/e408947bfd200af42db322daf0fadfe7e26d3bd1/library/core/src/ops/function.rs:250:5
    note: Some details are omitted, run with `RUST_BACKTRACE=full` for a verbose backtrace.

        FAIL [   0.109s] (263/744) fq tests::congestion::bbr_asym100
  stdout ───

    running 1 test
    test tests::congestion::bbr_asym100 ... FAILED

    failures:

    failures:
        tests::congestion::bbr_asym100

    test result: FAILED. 0 passed; 1 failed; 0 ignored; 0 measured; 743 filtered out; finished in 0.09s

  stderr ───

    thread 'tests::congestion::bbr_asym100' (24857) panicked at src/tests/congestion.rs:345:6:
    scenario body: Generic
    stack backtrace:
       0: __rustc::rust_begin_unwind
                 at /rustc/e408947bfd200af42db322daf0fadfe7e26d3bd1/library/std/src/panicking.rs:689:5
       1: core::panicking::panic_fmt
                 at /rustc/e408947bfd200af42db322daf0fadfe7e26d3bd1/library/core/src/panicking.rs:80:14
       2: core::result::unwrap_failed
                 at /rustc/e408947bfd200af42db322daf0fadfe7e26d3bd1/library/core/src/result.rs:1867:5
       3: core::result::Result<T,E>::expect
                 at /rustc/e408947bfd200af42db322daf0fadfe7e26d3bd1/library/core/src/result.rs:1185:23
       4: fq::tests::congestion::performance_test_one
                 at ./src/tests/congestion.rs:345:6
       5: fq::tests::congestion::bbr_asym100
                 at ./src/tests/congestion.rs:877:5
       6: fq::tests::congestion::bbr_asym100::{{closure}}
                 at ./src/tests/congestion.rs:876:17
       7: core::ops::function::FnOnce::call_once
                 at /rustc/e408947bfd200af42db322daf0fadfe7e26d3bd1/library/core/src/ops/function.rs:250:5
       8: core::ops::function::FnOnce::call_once
                 at /rustc/e408947bfd200af42db322daf0fadfe7e26d3bd1/library/core/src/ops/function.rs:250:5
    note: Some details are omitted, run with `RUST_BACKTRACE=full` for a verbose backtrace.

        FAIL [   0.100s] (264/744) fq tests::congestion::bbr_asym400
  stdout ───

    running 1 test
    test tests::congestion::bbr_asym400 ... FAILED

    failures:

    failures:
        tests::congestion::bbr_asym400

    test result: FAILED. 0 passed; 1 failed; 0 ignored; 0 measured; 743 filtered out; finished in 0.09s

  stderr ───

    thread 'tests::congestion::bbr_asym400' (24861) panicked at src/tests/congestion.rs:345:6:
    scenario body: Generic
    stack backtrace:
       0: __rustc::rust_begin_unwind
                 at /rustc/e408947bfd200af42db322daf0fadfe7e26d3bd1/library/std/src/panicking.rs:689:5
       1: core::panicking::panic_fmt
                 at /rustc/e408947bfd200af42db322daf0fadfe7e26d3bd1/library/core/src/panicking.rs:80:14
       2: core::result::unwrap_failed
                 at /rustc/e408947bfd200af42db322daf0fadfe7e26d3bd1/library/core/src/result.rs:1867:5
       3: core::result::Result<T,E>::expect
                 at /rustc/e408947bfd200af42db322daf0fadfe7e26d3bd1/library/core/src/result.rs:1185:23
       4: fq::tests::congestion::performance_test_one
                 at ./src/tests/congestion.rs:345:6
       5: fq::tests::congestion::bbr_asym400
                 at ./src/tests/congestion.rs:896:5
       6: fq::tests::congestion::bbr_asym400::{{closure}}
                 at ./src/tests/congestion.rs:895:17
       7: core::ops::function::FnOnce::call_once
                 at /rustc/e408947bfd200af42db322daf0fadfe7e26d3bd1/library/core/src/ops/function.rs:250:5
       8: core::ops::function::FnOnce::call_once
                 at /rustc/e408947bfd200af42db322daf0fadfe7e26d3bd1/library/core/src/ops/function.rs:250:5
    note: Some details are omitted, run with `RUST_BACKTRACE=full` for a verbose backtrace.

        FAIL [   0.109s] (265/744) fq tests::congestion::bbr_asym100_nodelay
  stdout ───

    running 1 test
    test tests::congestion::bbr_asym100_nodelay ... FAILED

    failures:

    failures:
        tests::congestion::bbr_asym100_nodelay

    test result: FAILED. 0 passed; 1 failed; 0 ignored; 0 measured; 743 filtered out; finished in 0.09s

  stderr ───

    thread 'tests::congestion::bbr_asym100_nodelay' (24860) panicked at src/tests/congestion.rs:345:6:
    scenario body: Generic
    stack backtrace:
       0: __rustc::rust_begin_unwind
                 at /rustc/e408947bfd200af42db322daf0fadfe7e26d3bd1/library/std/src/panicking.rs:689:5
       1: core::panicking::panic_fmt
                 at /rustc/e408947bfd200af42db322daf0fadfe7e26d3bd1/library/core/src/panicking.rs:80:14
       2: core::result::unwrap_failed
                 at /rustc/e408947bfd200af42db322daf0fadfe7e26d3bd1/library/core/src/result.rs:1867:5
       3: core::result::Result<T,E>::expect
                 at /rustc/e408947bfd200af42db322daf0fadfe7e26d3bd1/library/core/src/result.rs:1185:23
       4: fq::tests::congestion::performance_test_one
                 at ./src/tests/congestion.rs:345:6
       5: fq::tests::congestion::bbr_asym100_nodelay
                 at ./src/tests/congestion.rs:888:5
       6: fq::tests::congestion::bbr_asym100_nodelay::{{closure}}
                 at ./src/tests/congestion.rs:884:25
       7: core::ops::function::FnOnce::call_once
                 at /rustc/e408947bfd200af42db322daf0fadfe7e26d3bd1/library/core/src/ops/function.rs:250:5
       8: core::ops::function::FnOnce::call_once
                 at /rustc/e408947bfd200af42db322daf0fadfe7e26d3bd1/library/core/src/ops/function.rs:250:5
    note: Some details are omitted, run with `RUST_BACKTRACE=full` for a verbose backtrace.

        FAIL [   0.108s] (266/744) fq tests::congestion::bbr_jitter
  stdout ───

    running 1 test
    test tests::congestion::bbr_jitter ... FAILED

    failures:

    failures:
        tests::congestion::bbr_jitter

    test result: FAILED. 0 passed; 1 failed; 0 ignored; 0 measured; 743 filtered out; finished in 0.09s

  stderr ───

    thread 'tests::congestion::bbr_jitter' (24864) panicked at src/tests/congestion.rs:213:6:
    scenario body: Generic
    stack backtrace:
       0: __rustc::rust_begin_unwind
                 at /rustc/e408947bfd200af42db322daf0fadfe7e26d3bd1/library/std/src/panicking.rs:689:5
       1: core::panicking::panic_fmt
                 at /rustc/e408947bfd200af42db322daf0fadfe7e26d3bd1/library/core/src/panicking.rs:80:14
       2: core::result::unwrap_failed
                 at /rustc/e408947bfd200af42db322daf0fadfe7e26d3bd1/library/core/src/result.rs:1867:5
       3: core::result::Result<T,E>::expect
                 at /rustc/e408947bfd200af42db322daf0fadfe7e26d3bd1/library/core/src/result.rs:1185:23
       4: fq::tests::congestion::congestion_control_test
                 at ./src/tests/congestion.rs:213:6
       5: fq::tests::congestion::bbr_jitter
                 at ./src/tests/congestion.rs:811:5
       6: fq::tests::congestion::bbr_jitter::{{closure}}
                 at ./src/tests/congestion.rs:809:16
       7: core::ops::function::FnOnce::call_once
                 at /rustc/e408947bfd200af42db322daf0fadfe7e26d3bd1/library/core/src/ops/function.rs:250:5
       8: core::ops::function::FnOnce::call_once
                 at /rustc/e408947bfd200af42db322daf0fadfe7e26d3bd1/library/core/src/ops/function.rs:250:5
    note: Some details are omitted, run with `RUST_BACKTRACE=full` for a verbose backtrace.

        FAIL [   0.114s] (267/744) fq tests::congestion::bbr_gbps
  stdout ───

    running 1 test
    test tests::congestion::bbr_gbps ... FAILED

    failures:

    failures:
        tests::congestion::bbr_gbps

    test result: FAILED. 0 passed; 1 failed; 0 ignored; 0 measured; 743 filtered out; finished in 0.09s

  stderr ───

    thread 'tests::congestion::bbr_gbps' (24865) panicked at src/tests/congestion.rs:345:6:
    scenario body: Generic
    stack backtrace:
       0: __rustc::rust_begin_unwind
                 at /rustc/e408947bfd200af42db322daf0fadfe7e26d3bd1/library/std/src/panicking.rs:689:5
       1: core::panicking::panic_fmt
                 at /rustc/e408947bfd200af42db322daf0fadfe7e26d3bd1/library/core/src/panicking.rs:80:14
       2: core::result::unwrap_failed
                 at /rustc/e408947bfd200af42db322daf0fadfe7e26d3bd1/library/core/src/result.rs:1867:5
       3: core::result::Result<T,E>::expect
                 at /rustc/e408947bfd200af42db322daf0fadfe7e26d3bd1/library/core/src/result.rs:1185:23
       4: fq::tests::congestion::performance_test_one
                 at ./src/tests/congestion.rs:345:6
       5: fq::tests::congestion::performance_test
                 at ./src/tests/congestion.rs:356:5
       6: fq::tests::congestion::bbr_gbps
                 at ./src/tests/congestion.rs:869:5
       7: fq::tests::congestion::bbr_gbps::{{closure}}
                 at ./src/tests/congestion.rs:865:14
       8: core::ops::function::FnOnce::call_once
                 at /rustc/e408947bfd200af42db322daf0fadfe7e26d3bd1/library/core/src/ops/function.rs:250:5
       9: core::ops::function::FnOnce::call_once
                 at /rustc/e408947bfd200af42db322daf0fadfe7e26d3bd1/library/core/src/ops/function.rs:250:5
    note: Some details are omitted, run with `RUST_BACKTRACE=full` for a verbose backtrace.

        FAIL [   0.101s] (268/744) fq tests::congestion::bbr_long
  stdout ───

    running 1 test
    test tests::congestion::bbr_long ... FAILED

    failures:

    failures:
        tests::congestion::bbr_long

    test result: FAILED. 0 passed; 1 failed; 0 ignored; 0 measured; 743 filtered out; finished in 0.09s

  stderr ───

    thread 'tests::congestion::bbr_long' (24868) panicked at src/tests/congestion.rs:243:81:
    connect: Generic
    stack backtrace:
       0: __rustc::rust_begin_unwind
                 at /rustc/e408947bfd200af42db322daf0fadfe7e26d3bd1/library/std/src/panicking.rs:689:5
       1: core::panicking::panic_fmt
                 at /rustc/e408947bfd200af42db322daf0fadfe7e26d3bd1/library/core/src/panicking.rs:80:14
       2: core::result::unwrap_failed
                 at /rustc/e408947bfd200af42db322daf0fadfe7e26d3bd1/library/core/src/result.rs:1867:5
       3: core::result::Result<T,E>::expect
                 at /rustc/e408947bfd200af42db322daf0fadfe7e26d3bd1/library/core/src/result.rs:1185:23
       4: fq::tests::congestion::congestion_long_test
                 at ./src/tests/congestion.rs:243:81
       5: fq::tests::congestion::bbr_long
                 at ./src/tests/congestion.rs:818:5
       6: fq::tests::congestion::bbr_long::{{closure}}
                 at ./src/tests/congestion.rs:816:14
       7: core::ops::function::FnOnce::call_once
                 at /rustc/e408947bfd200af42db322daf0fadfe7e26d3bd1/library/core/src/ops/function.rs:250:5
       8: core::ops::function::FnOnce::call_once
                 at /rustc/e408947bfd200af42db322daf0fadfe7e26d3bd1/library/core/src/ops/function.rs:250:5
    note: Some details are omitted, run with `RUST_BACKTRACE=full` for a verbose backtrace.

        FAIL [   0.109s] (269/744) fq tests::congestion::bbr_one_second
  stdout ───

    running 1 test
    test tests::congestion::bbr_one_second ... FAILED

    failures:

    failures:
        tests::congestion::bbr_one_second

    test result: FAILED. 0 passed; 1 failed; 0 ignored; 0 measured; 743 filtered out; finished in 0.09s

  stderr ───

    thread 'tests::congestion::bbr_one_second' (24869) panicked at src/tests/congestion.rs:345:6:
    scenario body: Generic
    stack backtrace:
       0: __rustc::rust_begin_unwind
                 at /rustc/e408947bfd200af42db322daf0fadfe7e26d3bd1/library/std/src/panicking.rs:689:5
       1: core::panicking::panic_fmt
                 at /rustc/e408947bfd200af42db322daf0fadfe7e26d3bd1/library/core/src/panicking.rs:80:14
       2: core::result::unwrap_failed
                 at /rustc/e408947bfd200af42db322daf0fadfe7e26d3bd1/library/core/src/result.rs:1867:5
       3: core::result::Result<T,E>::expect
                 at /rustc/e408947bfd200af42db322daf0fadfe7e26d3bd1/library/core/src/result.rs:1185:23
       4: fq::tests::congestion::performance_test_one
                 at ./src/tests/congestion.rs:345:6
       5: fq::tests::congestion::performance_test
                 at ./src/tests/congestion.rs:356:5
       6: fq::tests::congestion::bbr_one_second
                 at ./src/tests/congestion.rs:858:5
       7: fq::tests::congestion::bbr_one_second::{{closure}}
                 at ./src/tests/congestion.rs:854:20
       8: core::ops::function::FnOnce::call_once
                 at /rustc/e408947bfd200af42db322daf0fadfe7e26d3bd1/library/core/src/ops/function.rs:250:5
       9: core::ops::function::FnOnce::call_once
                 at /rustc/e408947bfd200af42db322daf0fadfe7e26d3bd1/library/core/src/ops/function.rs:250:5
    note: Some details are omitted, run with `RUST_BACKTRACE=full` for a verbose backtrace.

        FAIL [   0.109s] (270/744) fq tests::congestion::bbr_performance
  stdout ───

    running 1 test
    test tests::congestion::bbr_performance ... FAILED

    failures:

    failures:
        tests::congestion::bbr_performance

    test result: FAILED. 0 passed; 1 failed; 0 ignored; 0 measured; 743 filtered out; finished in 0.09s

  stderr ───

    thread 'tests::congestion::bbr_performance' (24872) panicked at src/tests/congestion.rs:345:6:
    scenario body: Generic
    stack backtrace:
       0: __rustc::rust_begin_unwind
                 at /rustc/e408947bfd200af42db322daf0fadfe7e26d3bd1/library/std/src/panicking.rs:689:5
       1: core::panicking::panic_fmt
                 at /rustc/e408947bfd200af42db322daf0fadfe7e26d3bd1/library/core/src/panicking.rs:80:14
       2: core::result::unwrap_failed
                 at /rustc/e408947bfd200af42db322daf0fadfe7e26d3bd1/library/core/src/result.rs:1867:5
       3: core::result::Result<T,E>::expect
                 at /rustc/e408947bfd200af42db322daf0fadfe7e26d3bd1/library/core/src/result.rs:1185:23
       4: fq::tests::congestion::performance_test_one
                 at ./src/tests/congestion.rs:345:6
       5: fq::tests::congestion::performance_test
                 at ./src/tests/congestion.rs:356:5
       6: fq::tests::congestion::bbr_performance
                 at ./src/tests/congestion.rs:836:5
       7: fq::tests::congestion::bbr_performance::{{closure}}
                 at ./src/tests/congestion.rs:832:21
       8: core::ops::function::FnOnce::call_once
                 at /rustc/e408947bfd200af42db322daf0fadfe7e26d3bd1/library/core/src/ops/function.rs:250:5
       9: core::ops::function::FnOnce::call_once
                 at /rustc/e408947bfd200af42db322daf0fadfe7e26d3bd1/library/core/src/ops/function.rs:250:5
    note: Some details are omitted, run with `RUST_BACKTRACE=full` for a verbose backtrace.

        FAIL [   0.108s] (271/744) fq tests::congestion::bbr_slow_long
  stdout ───

    running 1 test
    test tests::congestion::bbr_slow_long ... FAILED

    failures:

    failures:
        tests::congestion::bbr_slow_long

    test result: FAILED. 0 passed; 1 failed; 0 ignored; 0 measured; 743 filtered out; finished in 0.09s

  stderr ───

    thread 'tests::congestion::bbr_slow_long' (24873) panicked at src/tests/congestion.rs:345:6:
    scenario body: Generic
    stack backtrace:
       0: __rustc::rust_begin_unwind
                 at /rustc/e408947bfd200af42db322daf0fadfe7e26d3bd1/library/std/src/panicking.rs:689:5
       1: core::panicking::panic_fmt
                 at /rustc/e408947bfd200af42db322daf0fadfe7e26d3bd1/library/core/src/panicking.rs:80:14
       2: core::result::unwrap_failed
                 at /rustc/e408947bfd200af42db322daf0fadfe7e26d3bd1/library/core/src/result.rs:1867:5
       3: core::result::Result<T,E>::expect
                 at /rustc/e408947bfd200af42db322daf0fadfe7e26d3bd1/library/core/src/result.rs:1185:23
       4: fq::tests::congestion::performance_test_one
                 at ./src/tests/congestion.rs:345:6
       5: fq::tests::congestion::performance_test
                 at ./src/tests/congestion.rs:356:5
       6: fq::tests::congestion::bbr_slow_long
                 at ./src/tests/congestion.rs:847:5
       7: fq::tests::congestion::bbr_slow_long::{{closure}}
                 at ./src/tests/congestion.rs:843:19
       8: core::ops::function::FnOnce::call_once
                 at /rustc/e408947bfd200af42db322daf0fadfe7e26d3bd1/library/core/src/ops/function.rs:250:5
       9: core::ops::function::FnOnce::call_once
                 at /rustc/e408947bfd200af42db322daf0fadfe7e26d3bd1/library/core/src/ops/function.rs:250:5
    note: Some details are omitted, run with `RUST_BACKTRACE=full` for a verbose backtrace.

        FAIL [   0.104s] (272/744) fq tests::congestion::bdp_basic
  stdout ───

    running 1 test
    test tests::congestion::bdp_basic ... FAILED

    failures:

    failures:
        tests::congestion::bdp_basic

    test result: FAILED. 0 passed; 1 failed; 0 ignored; 0 measured; 743 filtered out; finished in 0.09s

  stderr ───

    thread 'tests::congestion::bdp_basic' (24875) panicked at src/tests/congestion.rs:501:10:
    scenario body: Generic
    stack backtrace:
       0: __rustc::rust_begin_unwind
                 at /rustc/e408947bfd200af42db322daf0fadfe7e26d3bd1/library/std/src/panicking.rs:689:5
       1: core::panicking::panic_fmt
                 at /rustc/e408947bfd200af42db322daf0fadfe7e26d3bd1/library/core/src/panicking.rs:80:14
       2: core::result::unwrap_failed
                 at /rustc/e408947bfd200af42db322daf0fadfe7e26d3bd1/library/core/src/result.rs:1867:5
       3: core::result::Result<T,E>::expect
                 at /rustc/e408947bfd200af42db322daf0fadfe7e26d3bd1/library/core/src/result.rs:1185:23
       4: fq::tests::congestion::bdp_option_test_one
                 at ./src/tests/congestion.rs:501:10
       5: fq::tests::congestion::bdp_basic
                 at ./src/tests/congestion.rs:916:5
       6: fq::tests::congestion::bdp_basic::{{closure}}
                 at ./src/tests/congestion.rs:915:15
       7: core::ops::function::FnOnce::call_once
                 at /rustc/e408947bfd200af42db322daf0fadfe7e26d3bd1/library/core/src/ops/function.rs:250:5
       8: core::ops::function::FnOnce::call_once
                 at /rustc/e408947bfd200af42db322daf0fadfe7e26d3bd1/library/core/src/ops/function.rs:250:5
    note: Some details are omitted, run with `RUST_BACKTRACE=full` for a verbose backtrace.

        FAIL [   0.120s] (273/744) fq tests::congestion::bdp_bbr1
  stdout ───

    running 1 test
    test tests::congestion::bdp_bbr1 ... FAILED

    failures:

    failures:
        tests::congestion::bdp_bbr1

    test result: FAILED. 0 passed; 1 failed; 0 ignored; 0 measured; 743 filtered out; finished in 0.10s

  stderr ───

    thread 'tests::congestion::bdp_bbr1' (24877) panicked at src/tests/congestion.rs:501:10:
    scenario body: Generic
    stack backtrace:
       0: __rustc::rust_begin_unwind
                 at /rustc/e408947bfd200af42db322daf0fadfe7e26d3bd1/library/std/src/panicking.rs:689:5
       1: core::panicking::panic_fmt
                 at /rustc/e408947bfd200af42db322daf0fadfe7e26d3bd1/library/core/src/panicking.rs:80:14
       2: core::result::unwrap_failed
                 at /rustc/e408947bfd200af42db322daf0fadfe7e26d3bd1/library/core/src/result.rs:1867:5
       3: core::result::Result<T,E>::expect
                 at /rustc/e408947bfd200af42db322daf0fadfe7e26d3bd1/library/core/src/result.rs:1185:23
       4: fq::tests::congestion::bdp_option_test_one
                 at ./src/tests/congestion.rs:501:10
       5: fq::tests::congestion::bdp_bbr1
                 at ./src/tests/congestion.rs:970:5
       6: fq::tests::congestion::bdp_bbr1::{{closure}}
                 at ./src/tests/congestion.rs:969:14
       7: core::ops::function::FnOnce::call_once
                 at /rustc/e408947bfd200af42db322daf0fadfe7e26d3bd1/library/core/src/ops/function.rs:250:5
       8: core::ops::function::FnOnce::call_once
                 at /rustc/e408947bfd200af42db322daf0fadfe7e26d3bd1/library/core/src/ops/function.rs:250:5
    note: Some details are omitted, run with `RUST_BACKTRACE=full` for a verbose backtrace.

        FAIL [   0.106s] (274/744) fq tests::congestion::bdp_delay
  stdout ───

    running 1 test
    test tests::congestion::bdp_delay ... FAILED

    failures:

    failures:
        tests::congestion::bdp_delay

    test result: FAILED. 0 passed; 1 failed; 0 ignored; 0 measured; 743 filtered out; finished in 0.09s

  stderr ───

    thread 'tests::congestion::bdp_delay' (24881) panicked at src/tests/congestion.rs:501:10:
    scenario body: Generic
    stack backtrace:
       0: __rustc::rust_begin_unwind
                 at /rustc/e408947bfd200af42db322daf0fadfe7e26d3bd1/library/std/src/panicking.rs:689:5
       1: core::panicking::panic_fmt
                 at /rustc/e408947bfd200af42db322daf0fadfe7e26d3bd1/library/core/src/panicking.rs:80:14
       2: core::result::unwrap_failed
                 at /rustc/e408947bfd200af42db322daf0fadfe7e26d3bd1/library/core/src/result.rs:1867:5
       3: core::result::Result<T,E>::expect
                 at /rustc/e408947bfd200af42db322daf0fadfe7e26d3bd1/library/core/src/result.rs:1185:23
       4: fq::tests::congestion::bdp_option_test_one
                 at ./src/tests/congestion.rs:501:10
       5: fq::tests::congestion::bdp_delay
                 at ./src/tests/congestion.rs:922:5
       6: fq::tests::congestion::bdp_delay::{{closure}}
                 at ./src/tests/congestion.rs:921:15
       7: core::ops::function::FnOnce::call_once
                 at /rustc/e408947bfd200af42db322daf0fadfe7e26d3bd1/library/core/src/ops/function.rs:250:5
       8: core::ops::function::FnOnce::call_once
                 at /rustc/e408947bfd200af42db322daf0fadfe7e26d3bd1/library/core/src/ops/function.rs:250:5
    note: Some details are omitted, run with `RUST_BACKTRACE=full` for a verbose backtrace.

        FAIL [   0.120s] (275/744) fq tests::congestion::bdp_cubic
  stdout ───

    running 1 test
    test tests::congestion::bdp_cubic ... FAILED

    failures:

    failures:
        tests::congestion::bdp_cubic

    test result: FAILED. 0 passed; 1 failed; 0 ignored; 0 measured; 743 filtered out; finished in 0.10s

  stderr ───

    thread 'tests::congestion::bdp_cubic' (24880) panicked at src/tests/congestion.rs:501:10:
    scenario body: Generic
    stack backtrace:
       0: __rustc::rust_begin_unwind
                 at /rustc/e408947bfd200af42db322daf0fadfe7e26d3bd1/library/std/src/panicking.rs:689:5
       1: core::panicking::panic_fmt
                 at /rustc/e408947bfd200af42db322daf0fadfe7e26d3bd1/library/core/src/panicking.rs:80:14
       2: core::result::unwrap_failed
                 at /rustc/e408947bfd200af42db322daf0fadfe7e26d3bd1/library/core/src/result.rs:1867:5
       3: core::result::Result<T,E>::expect
                 at /rustc/e408947bfd200af42db322daf0fadfe7e26d3bd1/library/core/src/result.rs:1185:23
       4: fq::tests::congestion::bdp_option_test_one
                 at ./src/tests/congestion.rs:501:10
       5: fq::tests::congestion::bdp_cubic
                 at ./src/tests/congestion.rs:946:5
       6: fq::tests::congestion::bdp_cubic::{{closure}}
                 at ./src/tests/congestion.rs:945:15
       7: core::ops::function::FnOnce::call_once
                 at /rustc/e408947bfd200af42db322daf0fadfe7e26d3bd1/library/core/src/ops/function.rs:250:5
       8: core::ops::function::FnOnce::call_once
                 at /rustc/e408947bfd200af42db322daf0fadfe7e26d3bd1/library/core/src/ops/function.rs:250:5
    note: Some details are omitted, run with `RUST_BACKTRACE=full` for a verbose backtrace.

        FAIL [   0.102s] (276/744) fq tests::congestion::bdp_ip
  stdout ───

    running 1 test
    test tests::congestion::bdp_ip ... FAILED

    failures:

    failures:
        tests::congestion::bdp_ip

    test result: FAILED. 0 passed; 1 failed; 0 ignored; 0 measured; 743 filtered out; finished in 0.09s

  stderr ───

    thread 'tests::congestion::bdp_ip' (24883) panicked at src/tests/congestion.rs:501:10:
    scenario body: Generic
    stack backtrace:
       0: __rustc::rust_begin_unwind
                 at /rustc/e408947bfd200af42db322daf0fadfe7e26d3bd1/library/std/src/panicking.rs:689:5
       1: core::panicking::panic_fmt
                 at /rustc/e408947bfd200af42db322daf0fadfe7e26d3bd1/library/core/src/panicking.rs:80:14
       2: core::result::unwrap_failed
                 at /rustc/e408947bfd200af42db322daf0fadfe7e26d3bd1/library/core/src/result.rs:1867:5
       3: core::result::Result<T,E>::expect
                 at /rustc/e408947bfd200af42db322daf0fadfe7e26d3bd1/library/core/src/result.rs:1185:23
       4: fq::tests::congestion::bdp_option_test_one
                 at ./src/tests/congestion.rs:501:10
       5: fq::tests::congestion::bdp_ip
                 at ./src/tests/congestion.rs:928:5
       6: fq::tests::congestion::bdp_ip::{{closure}}
                 at ./src/tests/congestion.rs:927:12
       7: core::ops::function::FnOnce::call_once
                 at /rustc/e408947bfd200af42db322daf0fadfe7e26d3bd1/library/core/src/ops/function.rs:250:5
       8: core::ops::function::FnOnce::call_once
                 at /rustc/e408947bfd200af42db322daf0fadfe7e26d3bd1/library/core/src/ops/function.rs:250:5
    note: Some details are omitted, run with `RUST_BACKTRACE=full` for a verbose backtrace.

        FAIL [   0.114s] (277/744) fq tests::congestion::bdp_reno
  stdout ───

    running 1 test
    test tests::congestion::bdp_reno ... FAILED

    failures:

    failures:
        tests::congestion::bdp_reno

    test result: FAILED. 0 passed; 1 failed; 0 ignored; 0 measured; 743 filtered out; finished in 0.10s

  stderr ───

    thread 'tests::congestion::bdp_reno' (24885) panicked at src/tests/congestion.rs:501:10:
    scenario body: Generic
    stack backtrace:
       0: __rustc::rust_begin_unwind
                 at /rustc/e408947bfd200af42db322daf0fadfe7e26d3bd1/library/std/src/panicking.rs:689:5
       1: core::panicking::panic_fmt
                 at /rustc/e408947bfd200af42db322daf0fadfe7e26d3bd1/library/core/src/panicking.rs:80:14
       2: core::result::unwrap_failed
                 at /rustc/e408947bfd200af42db322daf0fadfe7e26d3bd1/library/core/src/result.rs:1867:5
       3: core::result::Result<T,E>::expect
                 at /rustc/e408947bfd200af42db322daf0fadfe7e26d3bd1/library/core/src/result.rs:1185:23
       4: fq::tests::congestion::bdp_option_test_one
                 at ./src/tests/congestion.rs:501:10
       5: fq::tests::congestion::bdp_reno
                 at ./src/tests/congestion.rs:940:5
       6: fq::tests::congestion::bdp_reno::{{closure}}
                 at ./src/tests/congestion.rs:939:14
       7: core::ops::function::FnOnce::call_once
                 at /rustc/e408947bfd200af42db322daf0fadfe7e26d3bd1/library/core/src/ops/function.rs:250:5
       8: core::ops::function::FnOnce::call_once
                 at /rustc/e408947bfd200af42db322daf0fadfe7e26d3bd1/library/core/src/ops/function.rs:250:5
    note: Some details are omitted, run with `RUST_BACKTRACE=full` for a verbose backtrace.

        FAIL [   0.105s] (278/744) fq tests::congestion::bdp_rtt
  stdout ───

    running 1 test
    test tests::congestion::bdp_rtt ... FAILED

    failures:

    failures:
        tests::congestion::bdp_rtt

    test result: FAILED. 0 passed; 1 failed; 0 ignored; 0 measured; 743 filtered out; finished in 0.09s

  stderr ───

    thread 'tests::congestion::bdp_rtt' (24887) panicked at src/tests/congestion.rs:501:10:
    scenario body: Generic
    stack backtrace:
       0: __rustc::rust_begin_unwind
                 at /rustc/e408947bfd200af42db322daf0fadfe7e26d3bd1/library/std/src/panicking.rs:689:5
       1: core::panicking::panic_fmt
                 at /rustc/e408947bfd200af42db322daf0fadfe7e26d3bd1/library/core/src/panicking.rs:80:14
       2: core::result::unwrap_failed
                 at /rustc/e408947bfd200af42db322daf0fadfe7e26d3bd1/library/core/src/result.rs:1867:5
       3: core::result::Result<T,E>::expect
                 at /rustc/e408947bfd200af42db322daf0fadfe7e26d3bd1/library/core/src/result.rs:1185:23
       4: fq::tests::congestion::bdp_option_test_one
                 at ./src/tests/congestion.rs:501:10
       5: fq::tests::congestion::bdp_rtt
                 at ./src/tests/congestion.rs:934:5
       6: fq::tests::congestion::bdp_rtt::{{closure}}
                 at ./src/tests/congestion.rs:933:13
       7: core::ops::function::FnOnce::call_once
                 at /rustc/e408947bfd200af42db322daf0fadfe7e26d3bd1/library/core/src/ops/function.rs:250:5
       8: core::ops::function::FnOnce::call_once
                 at /rustc/e408947bfd200af42db322daf0fadfe7e26d3bd1/library/core/src/ops/function.rs:250:5
    note: Some details are omitted, run with `RUST_BACKTRACE=full` for a verbose backtrace.

        FAIL [   0.105s] (279/744) fq tests::congestion::bdp_short
  stdout ───

    running 1 test
    test tests::congestion::bdp_short ... FAILED

    failures:

    failures:
        tests::congestion::bdp_short

    test result: FAILED. 0 passed; 1 failed; 0 ignored; 0 measured; 743 filtered out; finished in 0.09s

  stderr ───

    thread 'tests::congestion::bdp_short' (24889) panicked at src/tests/congestion.rs:501:10:
    scenario body: Generic
    stack backtrace:
       0: __rustc::rust_begin_unwind
                 at /rustc/e408947bfd200af42db322daf0fadfe7e26d3bd1/library/std/src/panicking.rs:689:5
       1: core::panicking::panic_fmt
                 at /rustc/e408947bfd200af42db322daf0fadfe7e26d3bd1/library/core/src/panicking.rs:80:14
       2: core::result::unwrap_failed
                 at /rustc/e408947bfd200af42db322daf0fadfe7e26d3bd1/library/core/src/result.rs:1867:5
       3: core::result::Result<T,E>::expect
                 at /rustc/e408947bfd200af42db322daf0fadfe7e26d3bd1/library/core/src/result.rs:1185:23
       4: fq::tests::congestion::bdp_option_test_one
                 at ./src/tests/congestion.rs:501:10
       5: fq::tests::congestion::bdp_short
                 at ./src/tests/congestion.rs:952:5
       6: fq::tests::congestion::bdp_short::{{closure}}
                 at ./src/tests/congestion.rs:951:15
       7: core::ops::function::FnOnce::call_once
                 at /rustc/e408947bfd200af42db322daf0fadfe7e26d3bd1/library/core/src/ops/function.rs:250:5
       8: core::ops::function::FnOnce::call_once
                 at /rustc/e408947bfd200af42db322daf0fadfe7e26d3bd1/library/core/src/ops/function.rs:250:5
    note: Some details are omitted, run with `RUST_BACKTRACE=full` for a verbose backtrace.

        FAIL [   0.101s] (280/744) fq tests::congestion::bdp_short_hi
  stdout ───

    running 1 test
    test tests::congestion::bdp_short_hi ... FAILED

    failures:

    failures:
        tests::congestion::bdp_short_hi

    test result: FAILED. 0 passed; 1 failed; 0 ignored; 0 measured; 743 filtered out; finished in 0.09s

  stderr ───

    thread 'tests::congestion::bdp_short_hi' (24891) panicked at src/tests/congestion.rs:501:10:
    scenario body: Generic
    stack backtrace:
       0: __rustc::rust_begin_unwind
                 at /rustc/e408947bfd200af42db322daf0fadfe7e26d3bd1/library/std/src/panicking.rs:689:5
       1: core::panicking::panic_fmt
                 at /rustc/e408947bfd200af42db322daf0fadfe7e26d3bd1/library/core/src/panicking.rs:80:14
       2: core::result::unwrap_failed
                 at /rustc/e408947bfd200af42db322daf0fadfe7e26d3bd1/library/core/src/result.rs:1867:5
       3: core::result::Result<T,E>::expect
                 at /rustc/e408947bfd200af42db322daf0fadfe7e26d3bd1/library/core/src/result.rs:1185:23
       4: fq::tests::congestion::bdp_option_test_one
                 at ./src/tests/congestion.rs:501:10
       5: fq::tests::congestion::bdp_short_hi
                 at ./src/tests/congestion.rs:958:5
       6: fq::tests::congestion::bdp_short_hi::{{closure}}
                 at ./src/tests/congestion.rs:957:18
       7: core::ops::function::FnOnce::call_once
                 at /rustc/e408947bfd200af42db322daf0fadfe7e26d3bd1/library/core/src/ops/function.rs:250:5
       8: core::ops::function::FnOnce::call_once
                 at /rustc/e408947bfd200af42db322daf0fadfe7e26d3bd1/library/core/src/ops/function.rs:250:5
    note: Some details are omitted, run with `RUST_BACKTRACE=full` for a verbose backtrace.

        FAIL [   0.105s] (281/744) fq tests::congestion::bdp_short_lo
  stdout ───

    running 1 test
    test tests::congestion::bdp_short_lo ... FAILED

    failures:

    failures:
        tests::congestion::bdp_short_lo

    test result: FAILED. 0 passed; 1 failed; 0 ignored; 0 measured; 743 filtered out; finished in 0.09s

  stderr ───

    thread 'tests::congestion::bdp_short_lo' (24893) panicked at src/tests/congestion.rs:501:10:
    scenario body: Generic
    stack backtrace:
       0: __rustc::rust_begin_unwind
                 at /rustc/e408947bfd200af42db322daf0fadfe7e26d3bd1/library/std/src/panicking.rs:689:5
       1: core::panicking::panic_fmt
                 at /rustc/e408947bfd200af42db322daf0fadfe7e26d3bd1/library/core/src/panicking.rs:80:14
       2: core::result::unwrap_failed
                 at /rustc/e408947bfd200af42db322daf0fadfe7e26d3bd1/library/core/src/result.rs:1867:5
       3: core::result::Result<T,E>::expect
                 at /rustc/e408947bfd200af42db322daf0fadfe7e26d3bd1/library/core/src/result.rs:1185:23
       4: fq::tests::congestion::bdp_option_test_one
                 at ./src/tests/congestion.rs:501:10
       5: fq::tests::congestion::bdp_short_lo
                 at ./src/tests/congestion.rs:964:5
       6: fq::tests::congestion::bdp_short_lo::{{closure}}
                 at ./src/tests/congestion.rs:963:18
       7: core::ops::function::FnOnce::call_once
                 at /rustc/e408947bfd200af42db322daf0fadfe7e26d3bd1/library/core/src/ops/function.rs:250:5
       8: core::ops::function::FnOnce::call_once
                 at /rustc/e408947bfd200af42db322daf0fadfe7e26d3bd1/library/core/src/ops/function.rs:250:5
    note: Some details are omitted, run with `RUST_BACKTRACE=full` for a verbose backtrace.

        FAIL [   0.104s] (282/744) fq tests::congestion::blackhole
  stdout ───

    running 1 test
    test tests::congestion::blackhole ... FAILED

    failures:

    failures:
        tests::congestion::blackhole

    test result: FAILED. 0 passed; 1 failed; 0 ignored; 0 measured; 743 filtered out; finished in 0.09s

  stderr ───

    thread 'tests::congestion::blackhole' (24895) panicked at src/tests/congestion.rs:617:6:
    scenario body: Generic
    stack backtrace:
       0: __rustc::rust_begin_unwind
                 at /rustc/e408947bfd200af42db322daf0fadfe7e26d3bd1/library/std/src/panicking.rs:689:5
       1: core::panicking::panic_fmt
                 at /rustc/e408947bfd200af42db322daf0fadfe7e26d3bd1/library/core/src/panicking.rs:80:14
       2: core::result::unwrap_failed
                 at /rustc/e408947bfd200af42db322daf0fadfe7e26d3bd1/library/core/src/result.rs:1867:5
       3: core::result::Result<T,E>::expect
                 at /rustc/e408947bfd200af42db322daf0fadfe7e26d3bd1/library/core/src/result.rs:1185:23
       4: fq::tests::congestion::blackhole_test_one
                 at ./src/tests/congestion.rs:617:6
       5: fq::tests::congestion::blackhole
                 at ./src/tests/congestion.rs:755:5
       6: fq::tests::congestion::blackhole::{{closure}}
                 at ./src/tests/congestion.rs:753:15
       7: core::ops::function::FnOnce::call_once
                 at /rustc/e408947bfd200af42db322daf0fadfe7e26d3bd1/library/core/src/ops/function.rs:250:5
       8: core::ops::function::FnOnce::call_once
                 at /rustc/e408947bfd200af42db322daf0fadfe7e26d3bd1/library/core/src/ops/function.rs:250:5
    note: Some details are omitted, run with `RUST_BACKTRACE=full` for a verbose backtrace.

        FAIL [   0.105s] (283/744) fq tests::congestion::c4
  stdout ───

    running 1 test
    test tests::congestion::c4 ... FAILED

    failures:

    failures:
        tests::congestion::c4

    test result: FAILED. 0 passed; 1 failed; 0 ignored; 0 measured; 743 filtered out; finished in 0.09s

  stderr ───

    thread 'tests::congestion::c4' (24897) panicked at src/tests/congestion.rs:213:6:
    scenario body: Generic
    stack backtrace:
       0: __rustc::rust_begin_unwind
                 at /rustc/e408947bfd200af42db322daf0fadfe7e26d3bd1/library/std/src/panicking.rs:689:5
       1: core::panicking::panic_fmt
                 at /rustc/e408947bfd200af42db322daf0fadfe7e26d3bd1/library/core/src/panicking.rs:80:14
       2: core::result::unwrap_failed
                 at /rustc/e408947bfd200af42db322daf0fadfe7e26d3bd1/library/core/src/result.rs:1867:5
       3: core::result::Result<T,E>::expect
                 at /rustc/e408947bfd200af42db322daf0fadfe7e26d3bd1/library/core/src/result.rs:1185:23
       4: fq::tests::congestion::congestion_control_test
                 at ./src/tests/congestion.rs:213:6
       5: fq::tests::congestion::c4
                 at ./src/tests/congestion.rs:776:5
       6: fq::tests::congestion::c4::{{closure}}
                 at ./src/tests/congestion.rs:774:8
       7: core::ops::function::FnOnce::call_once
                 at /rustc/e408947bfd200af42db322daf0fadfe7e26d3bd1/library/core/src/ops/function.rs:250:5
       8: core::ops::function::FnOnce::call_once
                 at /rustc/e408947bfd200af42db322daf0fadfe7e26d3bd1/library/core/src/ops/function.rs:250:5
    note: Some details are omitted, run with `RUST_BACKTRACE=full` for a verbose backtrace.

        FAIL [   0.105s] (284/744) fq tests::congestion::c4_jitter
  stdout ───

    running 1 test
    test tests::congestion::c4_jitter ... FAILED

    failures:

    failures:
        tests::congestion::c4_jitter

    test result: FAILED. 0 passed; 1 failed; 0 ignored; 0 measured; 743 filtered out; finished in 0.09s

  stderr ───

    thread 'tests::congestion::c4_jitter' (24899) panicked at src/tests/congestion.rs:213:6:
    scenario body: Generic
    stack backtrace:
       0: __rustc::rust_begin_unwind
                 at /rustc/e408947bfd200af42db322daf0fadfe7e26d3bd1/library/std/src/panicking.rs:689:5
       1: core::panicking::panic_fmt
                 at /rustc/e408947bfd200af42db322daf0fadfe7e26d3bd1/library/core/src/panicking.rs:80:14
       2: core::result::unwrap_failed
                 at /rustc/e408947bfd200af42db322daf0fadfe7e26d3bd1/library/core/src/result.rs:1867:5
       3: core::result::Result<T,E>::expect
                 at /rustc/e408947bfd200af42db322daf0fadfe7e26d3bd1/library/core/src/result.rs:1185:23
       4: fq::tests::congestion::congestion_control_test
                 at ./src/tests/congestion.rs:213:6
       5: fq::tests::congestion::c4_jitter
                 at ./src/tests/congestion.rs:783:5
       6: fq::tests::congestion::c4_jitter::{{closure}}
                 at ./src/tests/congestion.rs:781:15
       7: core::ops::function::FnOnce::call_once
                 at /rustc/e408947bfd200af42db322daf0fadfe7e26d3bd1/library/core/src/ops/function.rs:250:5
       8: core::ops::function::FnOnce::call_once
                 at /rustc/e408947bfd200af42db322daf0fadfe7e26d3bd1/library/core/src/ops/function.rs:250:5
    note: Some details are omitted, run with `RUST_BACKTRACE=full` for a verbose backtrace.

        FAIL [   0.107s] (285/744) fq tests::congestion::c4_long
  stdout ───

    running 1 test
    test tests::congestion::c4_long ... FAILED

    failures:

    failures:
        tests::congestion::c4_long

    test result: FAILED. 0 passed; 1 failed; 0 ignored; 0 measured; 743 filtered out; finished in 0.09s

  stderr ───

    thread 'tests::congestion::c4_long' (24901) panicked at src/tests/congestion.rs:243:81:
    connect: Generic
    stack backtrace:
       0: __rustc::rust_begin_unwind
                 at /rustc/e408947bfd200af42db322daf0fadfe7e26d3bd1/library/std/src/panicking.rs:689:5
       1: core::panicking::panic_fmt
                 at /rustc/e408947bfd200af42db322daf0fadfe7e26d3bd1/library/core/src/panicking.rs:80:14
       2: core::result::unwrap_failed
                 at /rustc/e408947bfd200af42db322daf0fadfe7e26d3bd1/library/core/src/result.rs:1867:5
       3: core::result::Result<T,E>::expect
                 at /rustc/e408947bfd200af42db322daf0fadfe7e26d3bd1/library/core/src/result.rs:1185:23
       4: fq::tests::congestion::congestion_long_test
                 at ./src/tests/congestion.rs:243:81
       5: fq::tests::congestion::c4_long
                 at ./src/tests/congestion.rs:825:5
       6: fq::tests::congestion::c4_long::{{closure}}
                 at ./src/tests/congestion.rs:823:13
       7: core::ops::function::FnOnce::call_once
                 at /rustc/e408947bfd200af42db322daf0fadfe7e26d3bd1/library/core/src/ops/function.rs:250:5
       8: core::ops::function::FnOnce::call_once
                 at /rustc/e408947bfd200af42db322daf0fadfe7e26d3bd1/library/core/src/ops/function.rs:250:5
    note: Some details are omitted, run with `RUST_BACKTRACE=full` for a verbose backtrace.

        FAIL [   0.109s] (286/744) fq tests::congestion::cubic
  stdout ───

    running 1 test
    test tests::congestion::cubic ... FAILED

    failures:

    failures:
        tests::congestion::cubic

    test result: FAILED. 0 passed; 1 failed; 0 ignored; 0 measured; 743 filtered out; finished in 0.09s

  stderr ───

    thread 'tests::congestion::cubic' (24903) panicked at src/tests/congestion.rs:213:6:
    scenario body: Generic
    stack backtrace:
       0: __rustc::rust_begin_unwind
                 at /rustc/e408947bfd200af42db322daf0fadfe7e26d3bd1/library/std/src/panicking.rs:689:5
       1: core::panicking::panic_fmt
                 at /rustc/e408947bfd200af42db322daf0fadfe7e26d3bd1/library/core/src/panicking.rs:80:14
       2: core::result::unwrap_failed
                 at /rustc/e408947bfd200af42db322daf0fadfe7e26d3bd1/library/core/src/result.rs:1867:5
       3: core::result::Result<T,E>::expect
                 at /rustc/e408947bfd200af42db322daf0fadfe7e26d3bd1/library/core/src/result.rs:1185:23
       4: fq::tests::congestion::congestion_control_test
                 at ./src/tests/congestion.rs:213:6
       5: fq::tests::congestion::cubic
                 at ./src/tests/congestion.rs:762:5
       6: fq::tests::congestion::cubic::{{closure}}
                 at ./src/tests/congestion.rs:760:11
       7: core::ops::function::FnOnce::call_once
                 at /rustc/e408947bfd200af42db322daf0fadfe7e26d3bd1/library/core/src/ops/function.rs:250:5
       8: core::ops::function::FnOnce::call_once
                 at /rustc/e408947bfd200af42db322daf0fadfe7e26d3bd1/library/core/src/ops/function.rs:250:5
    note: Some details are omitted, run with `RUST_BACKTRACE=full` for a verbose backtrace.

        FAIL [   0.108s] (287/744) fq tests::congestion::cubic_jitter
  stdout ───

    running 1 test
    test tests::congestion::cubic_jitter ... FAILED

    failures:

    failures:
        tests::congestion::cubic_jitter

    test result: FAILED. 0 passed; 1 failed; 0 ignored; 0 measured; 743 filtered out; finished in 0.09s

  stderr ───

    thread 'tests::congestion::cubic_jitter' (24905) panicked at src/tests/congestion.rs:213:6:
    scenario body: Generic
    stack backtrace:
       0: __rustc::rust_begin_unwind
                 at /rustc/e408947bfd200af42db322daf0fadfe7e26d3bd1/library/std/src/panicking.rs:689:5
       1: core::panicking::panic_fmt
                 at /rustc/e408947bfd200af42db322daf0fadfe7e26d3bd1/library/core/src/panicking.rs:80:14
       2: core::result::unwrap_failed
                 at /rustc/e408947bfd200af42db322daf0fadfe7e26d3bd1/library/core/src/result.rs:1867:5
       3: core::result::Result<T,E>::expect
                 at /rustc/e408947bfd200af42db322daf0fadfe7e26d3bd1/library/core/src/result.rs:1185:23
       4: fq::tests::congestion::congestion_control_test
                 at ./src/tests/congestion.rs:213:6
       5: fq::tests::congestion::cubic_jitter
                 at ./src/tests/congestion.rs:769:5
       6: fq::tests::congestion::cubic_jitter::{{closure}}
                 at ./src/tests/congestion.rs:767:18
       7: core::ops::function::FnOnce::call_once
                 at /rustc/e408947bfd200af42db322daf0fadfe7e26d3bd1/library/core/src/ops/function.rs:250:5
       8: core::ops::function::FnOnce::call_once
                 at /rustc/e408947bfd200af42db322daf0fadfe7e26d3bd1/library/core/src/ops/function.rs:250:5
    note: Some details are omitted, run with `RUST_BACKTRACE=full` for a verbose backtrace.

        PASS [   0.007s] (288/744) fq tests::cplusplus::cplusplus
        FAIL [   0.101s] (289/744) fq tests::congestion::cwin_max
  stdout ───

    running 1 test
    test tests::congestion::cwin_max ... FAILED

    failures:

    failures:
        tests::congestion::cwin_max

    test result: FAILED. 0 passed; 1 failed; 0 ignored; 0 measured; 743 filtered out; finished in 0.09s

  stderr ───

    thread 'tests::congestion::cwin_max' (24907) panicked at src/tests/congestion.rs:738:6:
    scenario body: Generic
    stack backtrace:
       0: __rustc::rust_begin_unwind
                 at /rustc/e408947bfd200af42db322daf0fadfe7e26d3bd1/library/std/src/panicking.rs:689:5
       1: core::panicking::panic_fmt
                 at /rustc/e408947bfd200af42db322daf0fadfe7e26d3bd1/library/core/src/panicking.rs:80:14
       2: core::result::unwrap_failed
                 at /rustc/e408947bfd200af42db322daf0fadfe7e26d3bd1/library/core/src/result.rs:1867:5
       3: core::result::Result<T,E>::expect
                 at /rustc/e408947bfd200af42db322daf0fadfe7e26d3bd1/library/core/src/result.rs:1185:23
       4: fq::tests::congestion::cwin_max_test_one
                 at ./src/tests/congestion.rs:738:6
       5: fq::tests::congestion::cwin_max
                 at ./src/tests/congestion.rs:1001:9
       6: fq::tests::congestion::cwin_max::{{closure}}
                 at ./src/tests/congestion.rs:993:14
       7: core::ops::function::FnOnce::call_once
                 at /rustc/e408947bfd200af42db322daf0fadfe7e26d3bd1/library/core/src/ops/function.rs:250:5
       8: core::ops::function::FnOnce::call_once
                 at /rustc/e408947bfd200af42db322daf0fadfe7e26d3bd1/library/core/src/ops/function.rs:250:5
    note: Some details are omitted, run with `RUST_BACKTRACE=full` for a verbose backtrace.

        FAIL [   0.106s] (290/744) fq tests::congestion::fastcc
  stdout ───

    running 1 test
    test tests::congestion::fastcc ... FAILED

    failures:

    failures:
        tests::congestion::fastcc

    test result: FAILED. 0 passed; 1 failed; 0 ignored; 0 measured; 743 filtered out; finished in 0.09s

  stderr ───

    thread 'tests::congestion::fastcc' (24909) panicked at src/tests/congestion.rs:213:6:
    scenario body: Generic
    stack backtrace:
       0: __rustc::rust_begin_unwind
                 at /rustc/e408947bfd200af42db322daf0fadfe7e26d3bd1/library/std/src/panicking.rs:689:5
       1: core::panicking::panic_fmt
                 at /rustc/e408947bfd200af42db322daf0fadfe7e26d3bd1/library/core/src/panicking.rs:80:14
       2: core::result::unwrap_failed
                 at /rustc/e408947bfd200af42db322daf0fadfe7e26d3bd1/library/core/src/result.rs:1867:5
       3: core::result::Result<T,E>::expect
                 at /rustc/e408947bfd200af42db322daf0fadfe7e26d3bd1/library/core/src/result.rs:1185:23
       4: fq::tests::congestion::congestion_control_test
                 at ./src/tests/congestion.rs:213:6
       5: fq::tests::congestion::fastcc
                 at ./src/tests/congestion.rs:790:5
       6: fq::tests::congestion::fastcc::{{closure}}
                 at ./src/tests/congestion.rs:788:12
       7: core::ops::function::FnOnce::call_once
                 at /rustc/e408947bfd200af42db322daf0fadfe7e26d3bd1/library/core/src/ops/function.rs:250:5
       8: core::ops::function::FnOnce::call_once
                 at /rustc/e408947bfd200af42db322daf0fadfe7e26d3bd1/library/core/src/ops/function.rs:250:5
    note: Some details are omitted, run with `RUST_BACKTRACE=full` for a verbose backtrace.

        FAIL [   0.104s] (291/744) fq tests::congestion::fastcc_jitter
  stdout ───

    running 1 test
    test tests::congestion::fastcc_jitter ... FAILED

    failures:

    failures:
        tests::congestion::fastcc_jitter

    test result: FAILED. 0 passed; 1 failed; 0 ignored; 0 measured; 743 filtered out; finished in 0.09s

  stderr ───

    thread 'tests::congestion::fastcc_jitter' (24911) panicked at src/tests/congestion.rs:213:6:
    scenario body: Generic
    stack backtrace:
       0: __rustc::rust_begin_unwind
                 at /rustc/e408947bfd200af42db322daf0fadfe7e26d3bd1/library/std/src/panicking.rs:689:5
       1: core::panicking::panic_fmt
                 at /rustc/e408947bfd200af42db322daf0fadfe7e26d3bd1/library/core/src/panicking.rs:80:14
       2: core::result::unwrap_failed
                 at /rustc/e408947bfd200af42db322daf0fadfe7e26d3bd1/library/core/src/result.rs:1867:5
       3: core::result::Result<T,E>::expect
                 at /rustc/e408947bfd200af42db322daf0fadfe7e26d3bd1/library/core/src/result.rs:1185:23
       4: fq::tests::congestion::congestion_control_test
                 at ./src/tests/congestion.rs:213:6
       5: fq::tests::congestion::fastcc_jitter
                 at ./src/tests/congestion.rs:797:5
       6: fq::tests::congestion::fastcc_jitter::{{closure}}
                 at ./src/tests/congestion.rs:795:19
       7: core::ops::function::FnOnce::call_once
                 at /rustc/e408947bfd200af42db322daf0fadfe7e26d3bd1/library/core/src/ops/function.rs:250:5
       8: core::ops::function::FnOnce::call_once
                 at /rustc/e408947bfd200af42db322daf0fadfe7e26d3bd1/library/core/src/ops/function.rs:250:5
    note: Some details are omitted, run with `RUST_BACKTRACE=full` for a verbose backtrace.

        FAIL [   0.106s] (292/744) fq tests::cpu_limited::limited_batch
  stdout ───

    running 1 test
    test tests::cpu_limited::limited_batch ... FAILED

    failures:

    failures:
        tests::cpu_limited::limited_batch

    test result: FAILED. 0 passed; 1 failed; 0 ignored; 0 measured; 743 filtered out; finished in 0.09s

  stderr ───

    thread 'tests::cpu_limited::limited_batch' (24915) panicked at src/tests/cpu_limited.rs:145:6:
    scenario body: Generic
    stack backtrace:
       0: __rustc::rust_begin_unwind
                 at /rustc/e408947bfd200af42db322daf0fadfe7e26d3bd1/library/std/src/panicking.rs:689:5
       1: core::panicking::panic_fmt
                 at /rustc/e408947bfd200af42db322daf0fadfe7e26d3bd1/library/core/src/panicking.rs:80:14
       2: core::result::unwrap_failed
                 at /rustc/e408947bfd200af42db322daf0fadfe7e26d3bd1/library/core/src/result.rs:1867:5
       3: core::result::Result<T,E>::expect
                 at /rustc/e408947bfd200af42db322daf0fadfe7e26d3bd1/library/core/src/result.rs:1185:23
       4: fq::tests::cpu_limited::limited_client_test_one
                 at ./src/tests/cpu_limited.rs:145:6
       5: fq::tests::cpu_limited::limited_batch
                 at ./src/tests/cpu_limited.rs:194:5
       6: fq::tests::cpu_limited::limited_batch::{{closure}}
                 at ./src/tests/cpu_limited.rs:189:19
       7: core::ops::function::FnOnce::call_once
                 at /rustc/e408947bfd200af42db322daf0fadfe7e26d3bd1/library/core/src/ops/function.rs:250:5
       8: core::ops::function::FnOnce::call_once
                 at /rustc/e408947bfd200af42db322daf0fadfe7e26d3bd1/library/core/src/ops/function.rs:250:5
    note: Some details are omitted, run with `RUST_BACKTRACE=full` for a verbose backtrace.

        FAIL [   0.100s] (293/744) fq tests::cpu_limited::limited_bbr
  stdout ───

    running 1 test
    test tests::cpu_limited::limited_bbr ... FAILED

    failures:

    failures:
        tests::cpu_limited::limited_bbr

    test result: FAILED. 0 passed; 1 failed; 0 ignored; 0 measured; 743 filtered out; finished in 0.09s

  stderr ───

    thread 'tests::cpu_limited::limited_bbr' (24917) panicked at src/tests/cpu_limited.rs:145:6:
    scenario body: Generic
    stack backtrace:
       0: __rustc::rust_begin_unwind
                 at /rustc/e408947bfd200af42db322daf0fadfe7e26d3bd1/library/std/src/panicking.rs:689:5
       1: core::panicking::panic_fmt
                 at /rustc/e408947bfd200af42db322daf0fadfe7e26d3bd1/library/core/src/panicking.rs:80:14
       2: core::result::unwrap_failed
                 at /rustc/e408947bfd200af42db322daf0fadfe7e26d3bd1/library/core/src/result.rs:1867:5
       3: core::result::Result<T,E>::expect
                 at /rustc/e408947bfd200af42db322daf0fadfe7e26d3bd1/library/core/src/result.rs:1185:23
       4: fq::tests::cpu_limited::limited_client_test_one
                 at ./src/tests/cpu_limited.rs:145:6
       5: fq::tests::cpu_limited::limited_bbr
                 at ./src/tests/cpu_limited.rs:184:5
       6: fq::tests::cpu_limited::limited_bbr::{{closure}}
                 at ./src/tests/cpu_limited.rs:180:17
       7: core::ops::function::FnOnce::call_once
                 at /rustc/e408947bfd200af42db322daf0fadfe7e26d3bd1/library/core/src/ops/function.rs:250:5
       8: core::ops::function::FnOnce::call_once
                 at /rustc/e408947bfd200af42db322daf0fadfe7e26d3bd1/library/core/src/ops/function.rs:250:5
    note: Some details are omitted, run with `RUST_BACKTRACE=full` for a verbose backtrace.

        FAIL [   0.107s] (294/744) fq tests::cpu_limited::limited_cubic
  stdout ───

    running 1 test
    test tests::cpu_limited::limited_cubic ... FAILED

    failures:

    failures:
        tests::cpu_limited::limited_cubic

    test result: FAILED. 0 passed; 1 failed; 0 ignored; 0 measured; 743 filtered out; finished in 0.09s

  stderr ───

    thread 'tests::cpu_limited::limited_cubic' (24919) panicked at src/tests/cpu_limited.rs:145:6:
    scenario body: Generic
    stack backtrace:
       0: __rustc::rust_begin_unwind
                 at /rustc/e408947bfd200af42db322daf0fadfe7e26d3bd1/library/std/src/panicking.rs:689:5
       1: core::panicking::panic_fmt
                 at /rustc/e408947bfd200af42db322daf0fadfe7e26d3bd1/library/core/src/panicking.rs:80:14
       2: core::result::unwrap_failed
                 at /rustc/e408947bfd200af42db322daf0fadfe7e26d3bd1/library/core/src/result.rs:1867:5
       3: core::result::Result<T,E>::expect
                 at /rustc/e408947bfd200af42db322daf0fadfe7e26d3bd1/library/core/src/result.rs:1185:23
       4: fq::tests::cpu_limited::limited_client_test_one
                 at ./src/tests/cpu_limited.rs:145:6
       5: fq::tests::cpu_limited::limited_cubic
                 at ./src/tests/cpu_limited.rs:175:5
       6: fq::tests::cpu_limited::limited_cubic::{{closure}}
                 at ./src/tests/cpu_limited.rs:171:19
       7: core::ops::function::FnOnce::call_once
                 at /rustc/e408947bfd200af42db322daf0fadfe7e26d3bd1/library/core/src/ops/function.rs:250:5
       8: core::ops::function::FnOnce::call_once
                 at /rustc/e408947bfd200af42db322daf0fadfe7e26d3bd1/library/core/src/ops/function.rs:250:5
    note: Some details are omitted, run with `RUST_BACKTRACE=full` for a verbose backtrace.

        FAIL [   0.106s] (295/744) fq tests::cpu_limited::limited_reno
  stdout ───

    running 1 test
    test tests::cpu_limited::limited_reno ... FAILED

    failures:

    failures:
        tests::cpu_limited::limited_reno

    test result: FAILED. 0 passed; 1 failed; 0 ignored; 0 measured; 743 filtered out; finished in 0.09s

  stderr ───

    thread 'tests::cpu_limited::limited_reno' (24921) panicked at src/tests/cpu_limited.rs:145:6:
    scenario body: Generic
    stack backtrace:
       0: __rustc::rust_begin_unwind
                 at /rustc/e408947bfd200af42db322daf0fadfe7e26d3bd1/library/std/src/panicking.rs:689:5
       1: core::panicking::panic_fmt
                 at /rustc/e408947bfd200af42db322daf0fadfe7e26d3bd1/library/core/src/panicking.rs:80:14
       2: core::result::unwrap_failed
                 at /rustc/e408947bfd200af42db322daf0fadfe7e26d3bd1/library/core/src/result.rs:1867:5
       3: core::result::Result<T,E>::expect
                 at /rustc/e408947bfd200af42db322daf0fadfe7e26d3bd1/library/core/src/result.rs:1185:23
       4: fq::tests::cpu_limited::limited_client_test_one
                 at ./src/tests/cpu_limited.rs:145:6
       5: fq::tests::cpu_limited::limited_reno
                 at ./src/tests/cpu_limited.rs:166:5
       6: fq::tests::cpu_limited::limited_reno::{{closure}}
                 at ./src/tests/cpu_limited.rs:162:18
       7: core::ops::function::FnOnce::call_once
                 at /rustc/e408947bfd200af42db322daf0fadfe7e26d3bd1/library/core/src/ops/function.rs:250:5
       8: core::ops::function::FnOnce::call_once
                 at /rustc/e408947bfd200af42db322daf0fadfe7e26d3bd1/library/core/src/ops/function.rs:250:5
    note: Some details are omitted, run with `RUST_BACKTRACE=full` for a verbose backtrace.

        FAIL [   0.107s] (296/744) fq tests::cpu_limited::limited_safe
  stdout ───

    running 1 test
    test tests::cpu_limited::limited_safe ... FAILED

    failures:

    failures:
        tests::cpu_limited::limited_safe

    test result: FAILED. 0 passed; 1 failed; 0 ignored; 0 measured; 743 filtered out; finished in 0.09s

  stderr ───

    thread 'tests::cpu_limited::limited_safe' (24923) panicked at src/tests/cpu_limited.rs:145:6:
    scenario body: Generic
    stack backtrace:
       0: __rustc::rust_begin_unwind
                 at /rustc/e408947bfd200af42db322daf0fadfe7e26d3bd1/library/std/src/panicking.rs:689:5
       1: core::panicking::panic_fmt
                 at /rustc/e408947bfd200af42db322daf0fadfe7e26d3bd1/library/core/src/panicking.rs:80:14
       2: core::result::unwrap_failed
                 at /rustc/e408947bfd200af42db322daf0fadfe7e26d3bd1/library/core/src/result.rs:1867:5
       3: core::result::Result<T,E>::expect
                 at /rustc/e408947bfd200af42db322daf0fadfe7e26d3bd1/library/core/src/result.rs:1185:23
       4: fq::tests::cpu_limited::limited_client_test_one
                 at ./src/tests/cpu_limited.rs:145:6
       5: fq::tests::cpu_limited::limited_safe
                 at ./src/tests/cpu_limited.rs:206:5
       6: fq::tests::cpu_limited::limited_safe::{{closure}}
                 at ./src/tests/cpu_limited.rs:199:18
       7: core::ops::function::FnOnce::call_once
                 at /rustc/e408947bfd200af42db322daf0fadfe7e26d3bd1/library/core/src/ops/function.rs:250:5
       8: core::ops::function::FnOnce::call_once
                 at /rustc/e408947bfd200af42db322daf0fadfe7e26d3bd1/library/core/src/ops/function.rs:250:5
    note: Some details are omitted, run with `RUST_BACKTRACE=full` for a verbose backtrace.

        FAIL [   0.100s] (297/744) fq tests::datagram::datagram
  stdout ───

    running 1 test
    test tests::datagram::datagram ... FAILED

    failures:

    failures:
        tests::datagram::datagram

    test result: FAILED. 0 passed; 1 failed; 0 ignored; 0 measured; 743 filtered out; finished in 0.08s

  stderr ───

    thread 'tests::datagram::datagram' (24925) panicked at src/tests/datagram.rs:494:63:
    datagram_test_one: Generic
    stack backtrace:
       0: __rustc::rust_begin_unwind
                 at /rustc/e408947bfd200af42db322daf0fadfe7e26d3bd1/library/std/src/panicking.rs:689:5
       1: core::panicking::panic_fmt
                 at /rustc/e408947bfd200af42db322daf0fadfe7e26d3bd1/library/core/src/panicking.rs:80:14
       2: core::result::unwrap_failed
                 at /rustc/e408947bfd200af42db322daf0fadfe7e26d3bd1/library/core/src/result.rs:1867:5
       3: core::result::Result<T,E>::expect
                 at /rustc/e408947bfd200af42db322daf0fadfe7e26d3bd1/library/core/src/result.rs:1185:23
       4: fq::tests::datagram::datagram_test_one
                 at ./src/tests/datagram.rs:494:63
       5: fq::tests::datagram::datagram
                 at ./src/tests/datagram.rs:778:5
       6: fq::tests::datagram::datagram::{{closure}}
                 at ./src/tests/datagram.rs:772:14
       7: core::ops::function::FnOnce::call_once
                 at /rustc/e408947bfd200af42db322daf0fadfe7e26d3bd1/library/core/src/ops/function.rs:250:5
       8: core::ops::function::FnOnce::call_once
                 at /rustc/e408947bfd200af42db322daf0fadfe7e26d3bd1/library/core/src/ops/function.rs:250:5
    note: Some details are omitted, run with `RUST_BACKTRACE=full` for a verbose backtrace.

        FAIL [   0.105s] (298/744) fq tests::datagram::datagram_loss
  stdout ───

    running 1 test
    test tests::datagram::datagram_loss ... FAILED

    failures:

    failures:
        tests::datagram::datagram_loss

    test result: FAILED. 0 passed; 1 failed; 0 ignored; 0 measured; 743 filtered out; finished in 0.09s

  stderr ───

    thread 'tests::datagram::datagram_loss' (24927) panicked at src/tests/datagram.rs:494:63:
    datagram_test_one: Generic
    stack backtrace:
       0: __rustc::rust_begin_unwind
                 at /rustc/e408947bfd200af42db322daf0fadfe7e26d3bd1/library/std/src/panicking.rs:689:5
       1: core::panicking::panic_fmt
                 at /rustc/e408947bfd200af42db322daf0fadfe7e26d3bd1/library/core/src/panicking.rs:80:14
       2: core::result::unwrap_failed
                 at /rustc/e408947bfd200af42db322daf0fadfe7e26d3bd1/library/core/src/result.rs:1867:5
       3: core::result::Result<T,E>::expect
                 at /rustc/e408947bfd200af42db322daf0fadfe7e26d3bd1/library/core/src/result.rs:1185:23
       4: fq::tests::datagram::datagram_test_one
                 at ./src/tests/datagram.rs:494:63
       5: fq::tests::datagram::datagram_loss
                 at ./src/tests/datagram.rs:836:5
       6: fq::tests::datagram::datagram_loss::{{closure}}
                 at ./src/tests/datagram.rs:828:19
       7: core::ops::function::FnOnce::call_once
                 at /rustc/e408947bfd200af42db322daf0fadfe7e26d3bd1/library/core/src/ops/function.rs:250:5
       8: core::ops::function::FnOnce::call_once
                 at /rustc/e408947bfd200af42db322daf0fadfe7e26d3bd1/library/core/src/ops/function.rs:250:5
    note: Some details are omitted, run with `RUST_BACKTRACE=full` for a verbose backtrace.

        FAIL [   0.104s] (299/744) fq tests::datagram::datagram_rt
  stdout ───

    running 1 test
    test tests::datagram::datagram_rt ... FAILED

    failures:

    failures:
        tests::datagram::datagram_rt

    test result: FAILED. 0 passed; 1 failed; 0 ignored; 0 measured; 743 filtered out; finished in 0.09s

  stderr ───

    thread 'tests::datagram::datagram_rt' (24929) panicked at src/tests/datagram.rs:494:63:
    datagram_test_one: Generic
    stack backtrace:
       0: __rustc::rust_begin_unwind
                 at /rustc/e408947bfd200af42db322daf0fadfe7e26d3bd1/library/std/src/panicking.rs:689:5
       1: core::panicking::panic_fmt
                 at /rustc/e408947bfd200af42db322daf0fadfe7e26d3bd1/library/core/src/panicking.rs:80:14
       2: core::result::unwrap_failed
                 at /rustc/e408947bfd200af42db322daf0fadfe7e26d3bd1/library/core/src/result.rs:1867:5
       3: core::result::Result<T,E>::expect
                 at /rustc/e408947bfd200af42db322daf0fadfe7e26d3bd1/library/core/src/result.rs:1185:23
       4: fq::tests::datagram::datagram_test_one
                 at ./src/tests/datagram.rs:494:63
       5: fq::tests::datagram::datagram_rt
                 at ./src/tests/datagram.rs:792:5
       6: fq::tests::datagram::datagram_rt::{{closure}}
                 at ./src/tests/datagram.rs:783:17
       7: core::ops::function::FnOnce::call_once
                 at /rustc/e408947bfd200af42db322daf0fadfe7e26d3bd1/library/core/src/ops/function.rs:250:5
       8: core::ops::function::FnOnce::call_once
                 at /rustc/e408947bfd200af42db322daf0fadfe7e26d3bd1/library/core/src/ops/function.rs:250:5
    note: Some details are omitted, run with `RUST_BACKTRACE=full` for a verbose backtrace.

        FAIL [   0.101s] (300/744) fq tests::datagram::datagram_rtnew_skip
  stdout ───

    running 1 test
    test tests::datagram::datagram_rtnew_skip ... FAILED

    failures:

    failures:
        tests::datagram::datagram_rtnew_skip

    test result: FAILED. 0 passed; 1 failed; 0 ignored; 0 measured; 743 filtered out; finished in 0.09s

  stderr ───

    thread 'tests::datagram::datagram_rtnew_skip' (24933) panicked at src/tests/datagram.rs:494:63:
    datagram_test_one: Generic
    stack backtrace:
       0: __rustc::rust_begin_unwind
                 at /rustc/e408947bfd200af42db322daf0fadfe7e26d3bd1/library/std/src/panicking.rs:689:5
       1: core::panicking::panic_fmt
                 at /rustc/e408947bfd200af42db322daf0fadfe7e26d3bd1/library/core/src/panicking.rs:80:14
       2: core::result::unwrap_failed
                 at /rustc/e408947bfd200af42db322daf0fadfe7e26d3bd1/library/core/src/result.rs:1867:5
       3: core::result::Result<T,E>::expect
                 at /rustc/e408947bfd200af42db322daf0fadfe7e26d3bd1/library/core/src/result.rs:1185:23
       4: fq::tests::datagram::datagram_test_one
                 at ./src/tests/datagram.rs:494:63
       5: fq::tests::datagram::datagram_rtnew_skip
                 at ./src/tests/datagram.rs:823:5
       6: fq::tests::datagram::datagram_rtnew_skip::{{closure}}
                 at ./src/tests/datagram.rs:812:25
       7: core::ops::function::FnOnce::call_once
                 at /rustc/e408947bfd200af42db322daf0fadfe7e26d3bd1/library/core/src/ops/function.rs:250:5
       8: core::ops::function::FnOnce::call_once
                 at /rustc/e408947bfd200af42db322daf0fadfe7e26d3bd1/library/core/src/ops/function.rs:250:5
    note: Some details are omitted, run with `RUST_BACKTRACE=full` for a verbose backtrace.

        FAIL [   0.108s] (301/744) fq tests::datagram::datagram_rt_skip
  stdout ───

    running 1 test
    test tests::datagram::datagram_rt_skip ... FAILED

    failures:

    failures:
        tests::datagram::datagram_rt_skip

    test result: FAILED. 0 passed; 1 failed; 0 ignored; 0 measured; 743 filtered out; finished in 0.09s

  stderr ───

    thread 'tests::datagram::datagram_rt_skip' (24932) panicked at src/tests/datagram.rs:494:63:
    datagram_test_one: Generic
    stack backtrace:
       0: __rustc::rust_begin_unwind
                 at /rustc/e408947bfd200af42db322daf0fadfe7e26d3bd1/library/std/src/panicking.rs:689:5
       1: core::panicking::panic_fmt
                 at /rustc/e408947bfd200af42db322daf0fadfe7e26d3bd1/library/core/src/panicking.rs:80:14
       2: core::result::unwrap_failed
                 at /rustc/e408947bfd200af42db322daf0fadfe7e26d3bd1/library/core/src/result.rs:1867:5
       3: core::result::Result<T,E>::expect
                 at /rustc/e408947bfd200af42db322daf0fadfe7e26d3bd1/library/core/src/result.rs:1185:23
       4: fq::tests::datagram::datagram_test_one
                 at ./src/tests/datagram.rs:494:63
       5: fq::tests::datagram::datagram_rt_skip
                 at ./src/tests/datagram.rs:807:5
       6: fq::tests::datagram::datagram_rt_skip::{{closure}}
                 at ./src/tests/datagram.rs:797:22
       7: core::ops::function::FnOnce::call_once
                 at /rustc/e408947bfd200af42db322daf0fadfe7e26d3bd1/library/core/src/ops/function.rs:250:5
       8: core::ops::function::FnOnce::call_once
                 at /rustc/e408947bfd200af42db322daf0fadfe7e26d3bd1/library/core/src/ops/function.rs:250:5
    note: Some details are omitted, run with `RUST_BACKTRACE=full` for a verbose backtrace.

        FAIL [   0.106s] (302/744) fq tests::datagram::datagram_size
  stdout ───

    running 1 test
    test tests::datagram::datagram_size ... FAILED

    failures:

    failures:
        tests::datagram::datagram_size

    test result: FAILED. 0 passed; 1 failed; 0 ignored; 0 measured; 743 filtered out; finished in 0.09s

  stderr ───

    thread 'tests::datagram::datagram_size' (24935) panicked at src/tests/datagram.rs:494:63:
    datagram_test_one: Generic
    stack backtrace:
       0: __rustc::rust_begin_unwind
                 at /rustc/e408947bfd200af42db322daf0fadfe7e26d3bd1/library/std/src/panicking.rs:689:5
       1: core::panicking::panic_fmt
                 at /rustc/e408947bfd200af42db322daf0fadfe7e26d3bd1/library/core/src/panicking.rs:80:14
       2: core::result::unwrap_failed
                 at /rustc/e408947bfd200af42db322daf0fadfe7e26d3bd1/library/core/src/result.rs:1867:5
       3: core::result::Result<T,E>::expect
                 at /rustc/e408947bfd200af42db322daf0fadfe7e26d3bd1/library/core/src/result.rs:1185:23
       4: fq::tests::datagram::datagram_test_one
                 at ./src/tests/datagram.rs:494:63
       5: fq::tests::datagram::datagram_size
                 at ./src/tests/datagram.rs:848:5
       6: fq::tests::datagram::datagram_size::{{closure}}
                 at ./src/tests/datagram.rs:841:19
       7: core::ops::function::FnOnce::call_once
                 at /rustc/e408947bfd200af42db322daf0fadfe7e26d3bd1/library/core/src/ops/function.rs:250:5
       8: core::ops::function::FnOnce::call_once
                 at /rustc/e408947bfd200af42db322daf0fadfe7e26d3bd1/library/core/src/ops/function.rs:250:5
    note: Some details are omitted, run with `RUST_BACKTRACE=full` for a verbose backtrace.

        FAIL [   0.105s] (303/744) fq tests::datagram::datagram_small
  stdout ───

    running 1 test
    test tests::datagram::datagram_small ... FAILED

    failures:

    failures:
        tests::datagram::datagram_small

    test result: FAILED. 0 passed; 1 failed; 0 ignored; 0 measured; 743 filtered out; finished in 0.09s

  stderr ───

    thread 'tests::datagram::datagram_small' (24937) panicked at src/tests/datagram.rs:494:63:
    datagram_test_one: Generic
    stack backtrace:
       0: __rustc::rust_begin_unwind
                 at /rustc/e408947bfd200af42db322daf0fadfe7e26d3bd1/library/std/src/panicking.rs:689:5
       1: core::panicking::panic_fmt
                 at /rustc/e408947bfd200af42db322daf0fadfe7e26d3bd1/library/core/src/panicking.rs:80:14
       2: core::result::unwrap_failed
                 at /rustc/e408947bfd200af42db322daf0fadfe7e26d3bd1/library/core/src/result.rs:1867:5
       3: core::result::Result<T,E>::expect
                 at /rustc/e408947bfd200af42db322daf0fadfe7e26d3bd1/library/core/src/result.rs:1185:23
       4: fq::tests::datagram::datagram_test_one
                 at ./src/tests/datagram.rs:494:63
       5: fq::tests::datagram::datagram_small
                 at ./src/tests/datagram.rs:864:5
       6: fq::tests::datagram::datagram_small::{{closure}}
                 at ./src/tests/datagram.rs:853:20
       7: core::ops::function::FnOnce::call_once
                 at /rustc/e408947bfd200af42db322daf0fadfe7e26d3bd1/library/core/src/ops/function.rs:250:5
       8: core::ops::function::FnOnce::call_once
                 at /rustc/e408947bfd200af42db322daf0fadfe7e26d3bd1/library/core/src/ops/function.rs:250:5
    note: Some details are omitted, run with `RUST_BACKTRACE=full` for a verbose backtrace.

        FAIL [   0.104s] (304/744) fq tests::datagram::datagram_small_new
  stdout ───

    running 1 test
    test tests::datagram::datagram_small_new ... FAILED

    failures:

    failures:
        tests::datagram::datagram_small_new

    test result: FAILED. 0 passed; 1 failed; 0 ignored; 0 measured; 743 filtered out; finished in 0.09s

  stderr ───

    thread 'tests::datagram::datagram_small_new' (24939) panicked at src/tests/datagram.rs:494:63:
    datagram_test_one: Generic
    stack backtrace:
       0: __rustc::rust_begin_unwind
                 at /rustc/e408947bfd200af42db322daf0fadfe7e26d3bd1/library/std/src/panicking.rs:689:5
       1: core::panicking::panic_fmt
                 at /rustc/e408947bfd200af42db322daf0fadfe7e26d3bd1/library/core/src/panicking.rs:80:14
       2: core::result::unwrap_failed
                 at /rustc/e408947bfd200af42db322daf0fadfe7e26d3bd1/library/core/src/result.rs:1867:5
       3: core::result::Result<T,E>::expect
                 at /rustc/e408947bfd200af42db322daf0fadfe7e26d3bd1/library/core/src/result.rs:1185:23
       4: fq::tests::datagram::datagram_test_one
                 at ./src/tests/datagram.rs:494:63
       5: fq::tests::datagram::datagram_small_new
                 at ./src/tests/datagram.rs:881:5
       6: fq::tests::datagram::datagram_small_new::{{closure}}
                 at ./src/tests/datagram.rs:869:24
       7: core::ops::function::FnOnce::call_once
                 at /rustc/e408947bfd200af42db322daf0fadfe7e26d3bd1/library/core/src/ops/function.rs:250:5
       8: core::ops::function::FnOnce::call_once
                 at /rustc/e408947bfd200af42db322daf0fadfe7e26d3bd1/library/core/src/ops/function.rs:250:5
    note: Some details are omitted, run with `RUST_BACKTRACE=full` for a verbose backtrace.

        FAIL [   0.109s] (305/744) fq tests::datagram::datagram_small_packet
  stdout ───

    running 1 test
    test tests::datagram::datagram_small_packet ... FAILED

    failures:

    failures:
        tests::datagram::datagram_small_packet

    test result: FAILED. 0 passed; 1 failed; 0 ignored; 0 measured; 743 filtered out; finished in 0.09s

  stderr ───

    thread 'tests::datagram::datagram_small_packet' (24941) panicked at src/tests/datagram.rs:494:63:
    datagram_test_one: Generic
    stack backtrace:
       0: __rustc::rust_begin_unwind
                 at /rustc/e408947bfd200af42db322daf0fadfe7e26d3bd1/library/std/src/panicking.rs:689:5
       1: core::panicking::panic_fmt
                 at /rustc/e408947bfd200af42db322daf0fadfe7e26d3bd1/library/core/src/panicking.rs:80:14
       2: core::result::unwrap_failed
                 at /rustc/e408947bfd200af42db322daf0fadfe7e26d3bd1/library/core/src/result.rs:1867:5
       3: core::result::Result<T,E>::expect
                 at /rustc/e408947bfd200af42db322daf0fadfe7e26d3bd1/library/core/src/result.rs:1185:23
       4: fq::tests::datagram::datagram_test_one
                 at ./src/tests/datagram.rs:494:63
       5: fq::tests::datagram::datagram_small_packet
                 at ./src/tests/datagram.rs:902:5
       6: fq::tests::datagram::datagram_small_packet::{{closure}}
                 at ./src/tests/datagram.rs:886:27
       7: core::ops::function::FnOnce::call_once
                 at /rustc/e408947bfd200af42db322daf0fadfe7e26d3bd1/library/core/src/ops/function.rs:250:5
       8: core::ops::function::FnOnce::call_once
                 at /rustc/e408947bfd200af42db322daf0fadfe7e26d3bd1/library/core/src/ops/function.rs:250:5
    note: Some details are omitted, run with `RUST_BACKTRACE=full` for a verbose backtrace.

        FAIL [   0.107s] (306/744) fq tests::datagram::datagram_too_long_test
  stdout ───

    running 1 test
    test tests::datagram::datagram_too_long_test ... FAILED

    failures:

    failures:
        tests::datagram::datagram_too_long_test

    test result: FAILED. 0 passed; 1 failed; 0 ignored; 0 measured; 743 filtered out; finished in 0.09s

  stderr ───

    thread 'tests::datagram::datagram_too_long_test' (24943) panicked at src/tests/datagram.rs:494:63:
    datagram_test_one: Generic
    stack backtrace:
       0: __rustc::rust_begin_unwind
                 at /rustc/e408947bfd200af42db322daf0fadfe7e26d3bd1/library/std/src/panicking.rs:689:5
       1: core::panicking::panic_fmt
                 at /rustc/e408947bfd200af42db322daf0fadfe7e26d3bd1/library/core/src/panicking.rs:80:14
       2: core::result::unwrap_failed
                 at /rustc/e408947bfd200af42db322daf0fadfe7e26d3bd1/library/core/src/result.rs:1867:5
       3: core::result::Result<T,E>::expect
                 at /rustc/e408947bfd200af42db322daf0fadfe7e26d3bd1/library/core/src/result.rs:1185:23
       4: fq::tests::datagram::datagram_test_one
                 at ./src/tests/datagram.rs:494:63
       5: fq::tests::datagram::datagram_too_long_test
                 at ./src/tests/datagram.rs:914:5
       6: fq::tests::datagram::datagram_too_long_test::{{closure}}
                 at ./src/tests/datagram.rs:907:28
       7: core::ops::function::FnOnce::call_once
                 at /rustc/e408947bfd200af42db322daf0fadfe7e26d3bd1/library/core/src/ops/function.rs:250:5
       8: core::ops::function::FnOnce::call_once
                 at /rustc/e408947bfd200af42db322daf0fadfe7e26d3bd1/library/core/src/ops/function.rs:250:5
    note: Some details are omitted, run with `RUST_BACKTRACE=full` for a verbose backtrace.

        FAIL [   0.109s] (307/744) fq tests::datagram::datagram_wifi
  stdout ───

    running 1 test
    test tests::datagram::datagram_wifi ... FAILED

    failures:

    failures:
        tests::datagram::datagram_wifi

    test result: FAILED. 0 passed; 1 failed; 0 ignored; 0 measured; 743 filtered out; finished in 0.09s

  stderr ───

    thread 'tests::datagram::datagram_wifi' (24945) panicked at src/tests/datagram.rs:494:63:
    datagram_test_one: Generic
    stack backtrace:
       0: __rustc::rust_begin_unwind
                 at /rustc/e408947bfd200af42db322daf0fadfe7e26d3bd1/library/std/src/panicking.rs:689:5
       1: core::panicking::panic_fmt
                 at /rustc/e408947bfd200af42db322daf0fadfe7e26d3bd1/library/core/src/panicking.rs:80:14
       2: core::result::unwrap_failed
                 at /rustc/e408947bfd200af42db322daf0fadfe7e26d3bd1/library/core/src/result.rs:1867:5
       3: core::result::Result<T,E>::expect
                 at /rustc/e408947bfd200af42db322daf0fadfe7e26d3bd1/library/core/src/result.rs:1185:23
       4: fq::tests::datagram::datagram_test_one
                 at ./src/tests/datagram.rs:494:63
       5: fq::tests::datagram::datagram_wifi
                 at ./src/tests/datagram.rs:931:5
       6: fq::tests::datagram::datagram_wifi::{{closure}}
                 at ./src/tests/datagram.rs:919:19
       7: core::ops::function::FnOnce::call_once
                 at /rustc/e408947bfd200af42db322daf0fadfe7e26d3bd1/library/core/src/ops/function.rs:250:5
       8: core::ops::function::FnOnce::call_once
                 at /rustc/e408947bfd200af42db322daf0fadfe7e26d3bd1/library/core/src/ops/function.rs:250:5
    note: Some details are omitted, run with `RUST_BACKTRACE=full` for a verbose backtrace.

        FAIL [   0.099s] (308/744) fq tests::delay_tolerant::dtn_basic
  stdout ───

    running 1 test
    test tests::delay_tolerant::dtn_basic ... FAILED

    failures:

    failures:
        tests::delay_tolerant::dtn_basic

    test result: FAILED. 0 passed; 1 failed; 0 ignored; 0 measured; 743 filtered out; finished in 0.08s

  stderr ───

    thread 'tests::delay_tolerant::dtn_basic' (24947) panicked at src/tests/delay_tolerant.rs:128:6:
    DTN scenario: Generic
    stack backtrace:
       0: __rustc::rust_begin_unwind
                 at /rustc/e408947bfd200af42db322daf0fadfe7e26d3bd1/library/std/src/panicking.rs:689:5
       1: core::panicking::panic_fmt
                 at /rustc/e408947bfd200af42db322daf0fadfe7e26d3bd1/library/core/src/panicking.rs:80:14
       2: core::result::unwrap_failed
                 at /rustc/e408947bfd200af42db322daf0fadfe7e26d3bd1/library/core/src/result.rs:1867:5
       3: core::result::Result<T,E>::expect
                 at /rustc/e408947bfd200af42db322daf0fadfe7e26d3bd1/library/core/src/result.rs:1185:23
       4: fq::tests::delay_tolerant::dtn_test_one
                 at ./src/tests/delay_tolerant.rs:128:6
       5: fq::tests::delay_tolerant::dtn_basic
                 at ./src/tests/delay_tolerant.rs:188:5
       6: fq::tests::delay_tolerant::dtn_basic::{{closure}}
                 at ./src/tests/delay_tolerant.rs:185:15
       7: core::ops::function::FnOnce::call_once
                 at /rustc/e408947bfd200af42db322daf0fadfe7e26d3bd1/library/core/src/ops/function.rs:250:5
       8: core::ops::function::FnOnce::call_once
                 at /rustc/e408947bfd200af42db322daf0fadfe7e26d3bd1/library/core/src/ops/function.rs:250:5
    note: Some details are omitted, run with `RUST_BACKTRACE=full` for a verbose backtrace.

        PASS [   0.008s] (309/744) fq tests::dualq_aqm::dualq_aqm
        PASS [   0.008s] (310/744) fq tests::ech::ech_config
        FAIL [   0.107s] (311/744) fq tests::delay_tolerant::dtn_data
  stdout ───

    running 1 test
    test tests::delay_tolerant::dtn_data ... FAILED

    failures:

    failures:
        tests::delay_tolerant::dtn_data

    test result: FAILED. 0 passed; 1 failed; 0 ignored; 0 measured; 743 filtered out; finished in 0.09s

  stderr ───

    thread 'tests::delay_tolerant::dtn_data' (24949) panicked at src/tests/delay_tolerant.rs:128:6:
    DTN scenario: Generic
    stack backtrace:
       0: __rustc::rust_begin_unwind
                 at /rustc/e408947bfd200af42db322daf0fadfe7e26d3bd1/library/std/src/panicking.rs:689:5
       1: core::panicking::panic_fmt
                 at /rustc/e408947bfd200af42db322daf0fadfe7e26d3bd1/library/core/src/panicking.rs:80:14
       2: core::result::unwrap_failed
                 at /rustc/e408947bfd200af42db322daf0fadfe7e26d3bd1/library/core/src/result.rs:1867:5
       3: core::result::Result<T,E>::expect
                 at /rustc/e408947bfd200af42db322daf0fadfe7e26d3bd1/library/core/src/result.rs:1185:23
       4: fq::tests::delay_tolerant::dtn_test_one
                 at ./src/tests/delay_tolerant.rs:128:6
       5: fq::tests::delay_tolerant::dtn_data
                 at ./src/tests/delay_tolerant.rs:198:5
       6: fq::tests::delay_tolerant::dtn_data::{{closure}}
                 at ./src/tests/delay_tolerant.rs:193:14
       7: core::ops::function::FnOnce::call_once
                 at /rustc/e408947bfd200af42db322daf0fadfe7e26d3bd1/library/core/src/ops/function.rs:250:5
       8: core::ops::function::FnOnce::call_once
                 at /rustc/e408947bfd200af42db322daf0fadfe7e26d3bd1/library/core/src/ops/function.rs:250:5
    note: Some details are omitted, run with `RUST_BACKTRACE=full` for a verbose backtrace.

        PASS [   0.009s] (312/744) fq tests::ech::ech_config_p
        FAIL [   0.105s] (313/744) fq tests::delay_tolerant::dtn_silence
  stdout ───

    running 1 test
    test tests::delay_tolerant::dtn_silence ... FAILED

    failures:

    failures:
        tests::delay_tolerant::dtn_silence

    test result: FAILED. 0 passed; 1 failed; 0 ignored; 0 measured; 743 filtered out; finished in 0.09s

  stderr ───

    thread 'tests::delay_tolerant::dtn_silence' (24951) panicked at src/tests/delay_tolerant.rs:128:6:
    DTN scenario: Generic
    stack backtrace:
       0: __rustc::rust_begin_unwind
                 at /rustc/e408947bfd200af42db322daf0fadfe7e26d3bd1/library/std/src/panicking.rs:689:5
       1: core::panicking::panic_fmt
                 at /rustc/e408947bfd200af42db322daf0fadfe7e26d3bd1/library/core/src/panicking.rs:80:14
       2: core::result::unwrap_failed
                 at /rustc/e408947bfd200af42db322daf0fadfe7e26d3bd1/library/core/src/result.rs:1867:5
       3: core::result::Result<T,E>::expect
                 at /rustc/e408947bfd200af42db322daf0fadfe7e26d3bd1/library/core/src/result.rs:1185:23
       4: fq::tests::delay_tolerant::dtn_test_one
                 at ./src/tests/delay_tolerant.rs:128:6
       5: fq::tests::delay_tolerant::dtn_silence
                 at ./src/tests/delay_tolerant.rs:208:5
       6: fq::tests::delay_tolerant::dtn_silence::{{closure}}
                 at ./src/tests/delay_tolerant.rs:203:17
       7: core::ops::function::FnOnce::call_once
                 at /rustc/e408947bfd200af42db322daf0fadfe7e26d3bd1/library/core/src/ops/function.rs:250:5
       8: core::ops::function::FnOnce::call_once
                 at /rustc/e408947bfd200af42db322daf0fadfe7e26d3bd1/library/core/src/ops/function.rs:250:5
    note: Some details are omitted, run with `RUST_BACKTRACE=full` for a verbose backtrace.

        FAIL [   0.104s] (314/744) fq tests::delay_tolerant::dtn_twenty
  stdout ───

    running 1 test
    test tests::delay_tolerant::dtn_twenty ... FAILED

    failures:

    failures:
        tests::delay_tolerant::dtn_twenty

    test result: FAILED. 0 passed; 1 failed; 0 ignored; 0 measured; 743 filtered out; finished in 0.09s

  stderr ───

    thread 'tests::delay_tolerant::dtn_twenty' (24953) panicked at src/tests/delay_tolerant.rs:128:6:
    DTN scenario: Generic
    stack backtrace:
       0: __rustc::rust_begin_unwind
                 at /rustc/e408947bfd200af42db322daf0fadfe7e26d3bd1/library/std/src/panicking.rs:689:5
       1: core::panicking::panic_fmt
                 at /rustc/e408947bfd200af42db322daf0fadfe7e26d3bd1/library/core/src/panicking.rs:80:14
       2: core::result::unwrap_failed
                 at /rustc/e408947bfd200af42db322daf0fadfe7e26d3bd1/library/core/src/result.rs:1867:5
       3: core::result::Result<T,E>::expect
                 at /rustc/e408947bfd200af42db322daf0fadfe7e26d3bd1/library/core/src/result.rs:1185:23
       4: fq::tests::delay_tolerant::dtn_test_one
                 at ./src/tests/delay_tolerant.rs:128:6
       5: fq::tests::delay_tolerant::dtn_twenty
                 at ./src/tests/delay_tolerant.rs:218:5
       6: fq::tests::delay_tolerant::dtn_twenty::{{closure}}
                 at ./src/tests/delay_tolerant.rs:213:16
       7: core::ops::function::FnOnce::call_once
                 at /rustc/e408947bfd200af42db322daf0fadfe7e26d3bd1/library/core/src/ops/function.rs:250:5
       8: core::ops::function::FnOnce::call_once
                 at /rustc/e408947bfd200af42db322daf0fadfe7e26d3bd1/library/core/src/ops/function.rs:250:5
    note: Some details are omitted, run with `RUST_BACKTRACE=full` for a verbose backtrace.

        FAIL [   0.101s] (315/744) fq tests::ech::ech_e2e_0rtt
  stdout ───

    running 1 test
    test tests::ech::ech_e2e_0rtt ... FAILED

    failures:

    failures:
        tests::ech::ech_e2e_0rtt

    test result: FAILED. 0 passed; 1 failed; 0 ignored; 0 measured; 743 filtered out; finished in 0.09s

  stderr ───

    thread 'tests::ech::ech_e2e_0rtt' (24963) panicked at src/tests/ech.rs:82:34:
    ech_e2e_test_one: Generic
    stack backtrace:
       0: __rustc::rust_begin_unwind
                 at /rustc/e408947bfd200af42db322daf0fadfe7e26d3bd1/library/std/src/panicking.rs:689:5
       1: core::panicking::panic_fmt
                 at /rustc/e408947bfd200af42db322daf0fadfe7e26d3bd1/library/core/src/panicking.rs:80:14
       2: core::result::unwrap_failed
                 at /rustc/e408947bfd200af42db322daf0fadfe7e26d3bd1/library/core/src/result.rs:1867:5
       3: core::result::Result<T,E>::expect
                 at /rustc/e408947bfd200af42db322daf0fadfe7e26d3bd1/library/core/src/result.rs:1185:23
       4: fq::tests::ech::ech_e2e_test_one
                 at ./src/tests/ech.rs:82:34
       5: fq::tests::ech::ech_e2e_0rtt
                 at ./src/tests/ech.rs:280:5
       6: fq::tests::ech::ech_e2e_0rtt::{{closure}}
                 at ./src/tests/ech.rs:273:18
       7: core::ops::function::FnOnce::call_once
                 at /rustc/e408947bfd200af42db322daf0fadfe7e26d3bd1/library/core/src/ops/function.rs:250:5
       8: core::ops::function::FnOnce::call_once
                 at /rustc/e408947bfd200af42db322daf0fadfe7e26d3bd1/library/core/src/ops/function.rs:250:5
    note: Some details are omitted, run with `RUST_BACKTRACE=full` for a verbose backtrace.

        FAIL [   0.110s] (316/744) fq tests::ech::ech_e2e
  stdout ───

    running 1 test
    test tests::ech::ech_e2e ... FAILED

    failures:

    failures:
        tests::ech::ech_e2e

    test result: FAILED. 0 passed; 1 failed; 0 ignored; 0 measured; 743 filtered out; finished in 0.09s

  stderr ───

    thread 'tests::ech::ech_e2e' (24962) panicked at src/tests/ech.rs:82:34:
    ech_e2e_test_one: Generic
    stack backtrace:
       0: __rustc::rust_begin_unwind
                 at /rustc/e408947bfd200af42db322daf0fadfe7e26d3bd1/library/std/src/panicking.rs:689:5
       1: core::panicking::panic_fmt
                 at /rustc/e408947bfd200af42db322daf0fadfe7e26d3bd1/library/core/src/panicking.rs:80:14
       2: core::result::unwrap_failed
                 at /rustc/e408947bfd200af42db322daf0fadfe7e26d3bd1/library/core/src/result.rs:1867:5
       3: core::result::Result<T,E>::expect
                 at /rustc/e408947bfd200af42db322daf0fadfe7e26d3bd1/library/core/src/result.rs:1185:23
       4: fq::tests::ech::ech_e2e_test_one
                 at ./src/tests/ech.rs:82:34
       5: fq::tests::ech::ech_e2e
                 at ./src/tests/ech.rs:267:5
       6: fq::tests::ech::ech_e2e::{{closure}}
                 at ./src/tests/ech.rs:262:13
       7: core::ops::function::FnOnce::call_once
                 at /rustc/e408947bfd200af42db322daf0fadfe7e26d3bd1/library/core/src/ops/function.rs:250:5
       8: core::ops::function::FnOnce::call_once
                 at /rustc/e408947bfd200af42db322daf0fadfe7e26d3bd1/library/core/src/ops/function.rs:250:5
    note: Some details are omitted, run with `RUST_BACKTRACE=full` for a verbose backtrace.

        FAIL [   0.113s] (317/744) fq tests::ech::ech_grease
  stdout ───

    running 1 test
    test tests::ech::ech_grease ... FAILED

    failures:

    failures:
        tests::ech::ech_grease

    test result: FAILED. 0 passed; 1 failed; 0 ignored; 0 measured; 743 filtered out; finished in 0.09s

  stderr ───

    thread 'tests::ech::ech_grease' (24965) panicked at src/tests/ech.rs:82:34:
    ech_e2e_test_one: Generic
    stack backtrace:
       0: __rustc::rust_begin_unwind
                 at /rustc/e408947bfd200af42db322daf0fadfe7e26d3bd1/library/std/src/panicking.rs:689:5
       1: core::panicking::panic_fmt
                 at /rustc/e408947bfd200af42db322daf0fadfe7e26d3bd1/library/core/src/panicking.rs:80:14
       2: core::result::unwrap_failed
                 at /rustc/e408947bfd200af42db322daf0fadfe7e26d3bd1/library/core/src/result.rs:1867:5
       3: core::result::Result<T,E>::expect
                 at /rustc/e408947bfd200af42db322daf0fadfe7e26d3bd1/library/core/src/result.rs:1185:23
       4: fq::tests::ech::ech_e2e_test_one
                 at ./src/tests/ech.rs:82:34
       5: fq::tests::ech::ech_grease
                 at ./src/tests/ech.rs:291:5
       6: fq::tests::ech::ech_grease::{{closure}}
                 at ./src/tests/ech.rs:286:16
       7: core::ops::function::FnOnce::call_once
                 at /rustc/e408947bfd200af42db322daf0fadfe7e26d3bd1/library/core/src/ops/function.rs:250:5
       8: core::ops::function::FnOnce::call_once
                 at /rustc/e408947bfd200af42db322daf0fadfe7e26d3bd1/library/core/src/ops/function.rs:250:5
    note: Some details are omitted, run with `RUST_BACKTRACE=full` for a verbose backtrace.

        FAIL [   0.107s] (318/744) fq tests::ech::ech_no_ech
  stdout ───

    running 1 test
    test tests::ech::ech_no_ech ... FAILED

    failures:

    failures:
        tests::ech::ech_no_ech

    test result: FAILED. 0 passed; 1 failed; 0 ignored; 0 measured; 743 filtered out; finished in 0.09s

  stderr ───

    thread 'tests::ech::ech_no_ech' (24967) panicked at src/tests/ech.rs:82:34:
    ech_e2e_test_one: Generic
    stack backtrace:
       0: __rustc::rust_begin_unwind
                 at /rustc/e408947bfd200af42db322daf0fadfe7e26d3bd1/library/std/src/panicking.rs:689:5
       1: core::panicking::panic_fmt
                 at /rustc/e408947bfd200af42db322daf0fadfe7e26d3bd1/library/core/src/panicking.rs:80:14
       2: core::result::unwrap_failed
                 at /rustc/e408947bfd200af42db322daf0fadfe7e26d3bd1/library/core/src/result.rs:1867:5
       3: core::result::Result<T,E>::expect
                 at /rustc/e408947bfd200af42db322daf0fadfe7e26d3bd1/library/core/src/result.rs:1185:23
       4: fq::tests::ech::ech_e2e_test_one
                 at ./src/tests/ech.rs:82:34
       5: fq::tests::ech::ech_no_ech
                 at ./src/tests/ech.rs:304:5
       6: fq::tests::ech::ech_no_ech::{{closure}}
                 at ./src/tests/ech.rs:297:16
       7: core::ops::function::FnOnce::call_once
                 at /rustc/e408947bfd200af42db322daf0fadfe7e26d3bd1/library/core/src/ops/function.rs:250:5
       8: core::ops::function::FnOnce::call_once
                 at /rustc/e408947bfd200af42db322daf0fadfe7e26d3bd1/library/core/src/ops/function.rs:250:5
    note: Some details are omitted, run with `RUST_BACKTRACE=full` for a verbose backtrace.

        FAIL [   0.101s] (319/744) fq tests::edge_cases::crypto_hs_offset
  stdout ───

    running 1 test
    test tests::edge_cases::crypto_hs_offset ... FAILED

    failures:

    failures:
        tests::edge_cases::crypto_hs_offset

    test result: FAILED. 0 passed; 1 failed; 0 ignored; 0 measured; 743 filtered out; finished in 0.08s

  stderr ───

    thread 'tests::edge_cases::crypto_hs_offset' (24970) panicked at src/tests/edge_cases.rs:1604:34:
    crypto_hs_offset_one: Generic
    stack backtrace:
       0: __rustc::rust_begin_unwind
                 at /rustc/e408947bfd200af42db322daf0fadfe7e26d3bd1/library/std/src/panicking.rs:689:5
       1: core::panicking::panic_fmt
                 at /rustc/e408947bfd200af42db322daf0fadfe7e26d3bd1/library/core/src/panicking.rs:80:14
       2: core::result::unwrap_failed
                 at /rustc/e408947bfd200af42db322daf0fadfe7e26d3bd1/library/core/src/result.rs:1867:5
       3: core::result::Result<T,E>::expect
                 at /rustc/e408947bfd200af42db322daf0fadfe7e26d3bd1/library/core/src/result.rs:1185:23
       4: fq::tests::edge_cases::crypto_hs_offset
                 at ./src/tests/edge_cases.rs:1604:34
       5: fq::tests::edge_cases::crypto_hs_offset::{{closure}}
                 at ./src/tests/edge_cases.rs:1598:22
       6: core::ops::function::FnOnce::call_once
                 at /rustc/e408947bfd200af42db322daf0fadfe7e26d3bd1/library/core/src/ops/function.rs:250:5
       7: core::ops::function::FnOnce::call_once
                 at /rustc/e408947bfd200af42db322daf0fadfe7e26d3bd1/library/core/src/ops/function.rs:250:5
    note: Some details are omitted, run with `RUST_BACKTRACE=full` for a verbose backtrace.

        FAIL [   0.107s] (320/744) fq tests::edge_cases::ec00_zero
  stdout ───

    running 1 test
    test tests::edge_cases::ec00_zero ... FAILED

    failures:

    failures:
        tests::edge_cases::ec00_zero

    test result: FAILED. 0 passed; 1 failed; 0 ignored; 0 measured; 743 filtered out; finished in 0.09s

  stderr ───

    thread 'tests::edge_cases::ec00_zero' (24971) panicked at src/tests/edge_cases.rs:1614:66:
    edge_case_prepare: Generic
    stack backtrace:
       0: __rustc::rust_begin_unwind
                 at /rustc/e408947bfd200af42db322daf0fadfe7e26d3bd1/library/std/src/panicking.rs:689:5
       1: core::panicking::panic_fmt
                 at /rustc/e408947bfd200af42db322daf0fadfe7e26d3bd1/library/core/src/panicking.rs:80:14
       2: core::result::unwrap_failed
                 at /rustc/e408947bfd200af42db322daf0fadfe7e26d3bd1/library/core/src/result.rs:1867:5
       3: core::result::Result<T,E>::expect
                 at /rustc/e408947bfd200af42db322daf0fadfe7e26d3bd1/library/core/src/result.rs:1185:23
       4: fq::tests::edge_cases::ec00_zero
                 at ./src/tests/edge_cases.rs:1614:66
       5: fq::tests::edge_cases::ec00_zero::{{closure}}
                 at ./src/tests/edge_cases.rs:1611:15
       6: core::ops::function::FnOnce::call_once
                 at /rustc/e408947bfd200af42db322daf0fadfe7e26d3bd1/library/core/src/ops/function.rs:250:5
       7: core::ops::function::FnOnce::call_once
                 at /rustc/e408947bfd200af42db322daf0fadfe7e26d3bd1/library/core/src/ops/function.rs:250:5
    note: Some details are omitted, run with `RUST_BACKTRACE=full` for a verbose backtrace.

        FAIL [   0.108s] (321/744) fq tests::edge_cases::ec2f_second_flight
  stdout ───

    running 1 test
    test tests::edge_cases::ec2f_second_flight ... FAILED

    failures:

    failures:
        tests::edge_cases::ec2f_second_flight

    test result: FAILED. 0 passed; 1 failed; 0 ignored; 0 measured; 743 filtered out; finished in 0.09s

  stderr ───

    thread 'tests::edge_cases::ec2f_second_flight' (24973) panicked at src/tests/edge_cases.rs:1630:10:
    edge_case_prepare: Generic
    stack backtrace:
       0: __rustc::rust_begin_unwind
                 at /rustc/e408947bfd200af42db322daf0fadfe7e26d3bd1/library/std/src/panicking.rs:689:5
       1: core::panicking::panic_fmt
                 at /rustc/e408947bfd200af42db322daf0fadfe7e26d3bd1/library/core/src/panicking.rs:80:14
       2: core::result::unwrap_failed
                 at /rustc/e408947bfd200af42db322daf0fadfe7e26d3bd1/library/core/src/result.rs:1867:5
       3: core::result::Result<T,E>::expect
                 at /rustc/e408947bfd200af42db322daf0fadfe7e26d3bd1/library/core/src/result.rs:1185:23
       4: fq::tests::edge_cases::ec2f_second_flight
                 at ./src/tests/edge_cases.rs:1630:10
       5: fq::tests::edge_cases::ec2f_second_flight::{{closure}}
                 at ./src/tests/edge_cases.rs:1626:24
       6: core::ops::function::FnOnce::call_once
                 at /rustc/e408947bfd200af42db322daf0fadfe7e26d3bd1/library/core/src/ops/function.rs:250:5
       7: core::ops::function::FnOnce::call_once
                 at /rustc/e408947bfd200af42db322daf0fadfe7e26d3bd1/library/core/src/ops/function.rs:250:5
    note: Some details are omitted, run with `RUST_BACKTRACE=full` for a verbose backtrace.

        FAIL [   0.105s] (322/744) fq tests::edge_cases::ec5c_silly_cid
  stdout ───

    running 1 test
    test tests::edge_cases::ec5c_silly_cid ... FAILED

    failures:

    failures:
        tests::edge_cases::ec5c_silly_cid

    test result: FAILED. 0 passed; 1 failed; 0 ignored; 0 measured; 743 filtered out; finished in 0.09s

  stderr ───

    thread 'tests::edge_cases::ec5c_silly_cid' (24975) panicked at src/tests/edge_cases.rs:1716:10:
    edge_case_prepare: Generic
    stack backtrace:
       0: __rustc::rust_begin_unwind
                 at /rustc/e408947bfd200af42db322daf0fadfe7e26d3bd1/library/std/src/panicking.rs:689:5
       1: core::panicking::panic_fmt
                 at /rustc/e408947bfd200af42db322daf0fadfe7e26d3bd1/library/core/src/panicking.rs:80:14
       2: core::result::unwrap_failed
                 at /rustc/e408947bfd200af42db322daf0fadfe7e26d3bd1/library/core/src/result.rs:1867:5
       3: core::result::Result<T,E>::expect
                 at /rustc/e408947bfd200af42db322daf0fadfe7e26d3bd1/library/core/src/result.rs:1185:23
       4: fq::tests::edge_cases::ec5c_silly_cid
                 at ./src/tests/edge_cases.rs:1716:10
       5: fq::tests::edge_cases::ec5c_silly_cid::{{closure}}
                 at ./src/tests/edge_cases.rs:1713:20
       6: core::ops::function::FnOnce::call_once
                 at /rustc/e408947bfd200af42db322daf0fadfe7e26d3bd1/library/core/src/ops/function.rs:250:5
       7: core::ops::function::FnOnce::call_once
                 at /rustc/e408947bfd200af42db322daf0fadfe7e26d3bd1/library/core/src/ops/function.rs:250:5
    note: Some details are omitted, run with `RUST_BACKTRACE=full` for a verbose backtrace.

        FAIL [   0.101s] (323/744) fq tests::edge_cases::ec9a_preemptive_amok
  stdout ───

    running 1 test
    test tests::edge_cases::ec9a_preemptive_amok ... FAILED

    failures:

    failures:
        tests::edge_cases::ec9a_preemptive_amok

    test result: FAILED. 0 passed; 1 failed; 0 ignored; 0 measured; 743 filtered out; finished in 0.08s

  stderr ───

    thread 'tests::edge_cases::ec9a_preemptive_amok' (24977) panicked at src/tests/edge_cases.rs:1730:72:
    edge_case_prepare: Generic
    stack backtrace:
       0: __rustc::rust_begin_unwind
                 at /rustc/e408947bfd200af42db322daf0fadfe7e26d3bd1/library/std/src/panicking.rs:689:5
       1: core::panicking::panic_fmt
                 at /rustc/e408947bfd200af42db322daf0fadfe7e26d3bd1/library/core/src/panicking.rs:80:14
       2: core::result::unwrap_failed
                 at /rustc/e408947bfd200af42db322daf0fadfe7e26d3bd1/library/core/src/result.rs:1867:5
       3: core::result::Result<T,E>::expect
                 at /rustc/e408947bfd200af42db322daf0fadfe7e26d3bd1/library/core/src/result.rs:1185:23
       4: fq::tests::edge_cases::ec9a_preemptive_amok
                 at ./src/tests/edge_cases.rs:1730:72
       5: fq::tests::edge_cases::ec9a_preemptive_amok::{{closure}}
                 at ./src/tests/edge_cases.rs:1727:26
       6: core::ops::function::FnOnce::call_once
                 at /rustc/e408947bfd200af42db322daf0fadfe7e26d3bd1/library/core/src/ops/function.rs:250:5
       7: core::ops::function::FnOnce::call_once
                 at /rustc/e408947bfd200af42db322daf0fadfe7e26d3bd1/library/core/src/ops/function.rs:250:5
    note: Some details are omitted, run with `RUST_BACKTRACE=full` for a verbose backtrace.

        FAIL [   0.107s] (324/744) fq tests::edge_cases::eca1_amplification_loss
  stdout ───

    running 1 test
    test tests::edge_cases::eca1_amplification_loss ... FAILED

    failures:

    failures:
        tests::edge_cases::eca1_amplification_loss

    test result: FAILED. 0 passed; 1 failed; 0 ignored; 0 measured; 743 filtered out; finished in 0.09s

  stderr ───

    thread 'tests::edge_cases::eca1_amplification_loss' (24979) panicked at src/tests/edge_cases.rs:1683:73:
    edge_case_prepare: Generic
    stack backtrace:
       0: __rustc::rust_begin_unwind
                 at /rustc/e408947bfd200af42db322daf0fadfe7e26d3bd1/library/std/src/panicking.rs:689:5
       1: core::panicking::panic_fmt
                 at /rustc/e408947bfd200af42db322daf0fadfe7e26d3bd1/library/core/src/panicking.rs:80:14
       2: core::result::unwrap_failed
                 at /rustc/e408947bfd200af42db322daf0fadfe7e26d3bd1/library/core/src/result.rs:1867:5
       3: core::result::Result<T,E>::expect
                 at /rustc/e408947bfd200af42db322daf0fadfe7e26d3bd1/library/core/src/result.rs:1185:23
       4: fq::tests::edge_cases::eca1_amplification_loss
                 at ./src/tests/edge_cases.rs:1683:73
       5: fq::tests::edge_cases::eca1_amplification_loss::{{closure}}
                 at ./src/tests/edge_cases.rs:1680:29
       6: core::ops::function::FnOnce::call_once
                 at /rustc/e408947bfd200af42db322daf0fadfe7e26d3bd1/library/core/src/ops/function.rs:250:5
       7: core::ops::function::FnOnce::call_once
                 at /rustc/e408947bfd200af42db322daf0fadfe7e26d3bd1/library/core/src/ops/function.rs:250:5
    note: Some details are omitted, run with `RUST_BACKTRACE=full` for a verbose backtrace.

        PASS [   0.109s] (325/744) fq tests::edge_cases::eccf_corrupted_fuzz
        FAIL [   0.110s] (326/744) fq tests::edge_cases::ecf1_final_loss
  stdout ───

    running 1 test
    test tests::edge_cases::ecf1_final_loss ... FAILED

    failures:

    failures:
        tests::edge_cases::ecf1_final_loss

    test result: FAILED. 0 passed; 1 failed; 0 ignored; 0 measured; 743 filtered out; finished in 0.09s

  stderr ───

    thread 'tests::edge_cases::ecf1_final_loss' (24983) panicked at src/tests/edge_cases.rs:1693:68:
    edge_case_prepare: Generic
    stack backtrace:
       0: __rustc::rust_begin_unwind
                 at /rustc/e408947bfd200af42db322daf0fadfe7e26d3bd1/library/std/src/panicking.rs:689:5
       1: core::panicking::panic_fmt
                 at /rustc/e408947bfd200af42db322daf0fadfe7e26d3bd1/library/core/src/panicking.rs:80:14
       2: core::result::unwrap_failed
                 at /rustc/e408947bfd200af42db322daf0fadfe7e26d3bd1/library/core/src/result.rs:1867:5
       3: core::result::Result<T,E>::expect
                 at /rustc/e408947bfd200af42db322daf0fadfe7e26d3bd1/library/core/src/result.rs:1185:23
       4: fq::tests::edge_cases::ecf1_final_loss
                 at ./src/tests/edge_cases.rs:1693:68
       5: fq::tests::edge_cases::ecf1_final_loss::{{closure}}
                 at ./src/tests/edge_cases.rs:1690:21
       6: core::ops::function::FnOnce::call_once
                 at /rustc/e408947bfd200af42db322daf0fadfe7e26d3bd1/library/core/src/ops/function.rs:250:5
       7: core::ops::function::FnOnce::call_once
                 at /rustc/e408947bfd200af42db322daf0fadfe7e26d3bd1/library/core/src/ops/function.rs:250:5
    note: Some details are omitted, run with `RUST_BACKTRACE=full` for a verbose backtrace.

        FAIL [   0.097s] (327/744) fq tests::edge_cases::error_name
  stdout ───

    running 1 test
    test tests::edge_cases::error_name ... FAILED

    failures:

    failures:
        tests::edge_cases::error_name

    test result: FAILED. 0 passed; 1 failed; 0 ignored; 0 measured; 743 filtered out; finished in 0.08s

  stderr ───

    thread 'tests::edge_cases::error_name' (24985) panicked at src/tests/edge_cases.rs:2207:9:
    assertion `left == right` failed: error_code=0x0 got="<none>" expected="unknown"
      left: "<none>"
     right: "unknown"
    stack backtrace:
       0: __rustc::rust_begin_unwind
                 at /rustc/e408947bfd200af42db322daf0fadfe7e26d3bd1/library/std/src/panicking.rs:689:5
       1: core::panicking::panic_fmt
                 at /rustc/e408947bfd200af42db322daf0fadfe7e26d3bd1/library/core/src/panicking.rs:80:14
       2: core::panicking::assert_failed_inner
                 at /rustc/e408947bfd200af42db322daf0fadfe7e26d3bd1/library/core/src/panicking.rs:434:23
       3: core::panicking::assert_failed
                 at /rustc/e408947bfd200af42db322daf0fadfe7e26d3bd1/library/core/src/panicking.rs:394:5
       4: fq::tests::edge_cases::error_name
                 at ./src/tests/edge_cases.rs:2207:9
       5: fq::tests::edge_cases::error_name::{{closure}}
                 at ./src/tests/edge_cases.rs:2096:16
       6: core::ops::function::FnOnce::call_once
                 at /rustc/e408947bfd200af42db322daf0fadfe7e26d3bd1/library/core/src/ops/function.rs:250:5
       7: core::ops::function::FnOnce::call_once
                 at /rustc/e408947bfd200af42db322daf0fadfe7e26d3bd1/library/core/src/ops/function.rs:250:5
    note: Some details are omitted, run with `RUST_BACKTRACE=full` for a verbose backtrace.

        FAIL [   0.108s] (328/744) fq tests::edge_cases::idle_server
  stdout ───

    running 1 test
    test tests::edge_cases::idle_server ... FAILED

    failures:

    failures:
        tests::edge_cases::idle_server

    test result: FAILED. 0 passed; 1 failed; 0 ignored; 0 measured; 743 filtered out; finished in 0.09s

  stderr ───

    thread 'tests::edge_cases::idle_server' (24987) panicked at src/tests/edge_cases.rs:1766:52:
    case 1: Generic
    stack backtrace:
       0: __rustc::rust_begin_unwind
                 at /rustc/e408947bfd200af42db322daf0fadfe7e26d3bd1/library/std/src/panicking.rs:689:5
       1: core::panicking::panic_fmt
                 at /rustc/e408947bfd200af42db322daf0fadfe7e26d3bd1/library/core/src/panicking.rs:80:14
       2: core::result::unwrap_failed
                 at /rustc/e408947bfd200af42db322daf0fadfe7e26d3bd1/library/core/src/result.rs:1867:5
       3: core::result::Result<T,E>::expect
                 at /rustc/e408947bfd200af42db322daf0fadfe7e26d3bd1/library/core/src/result.rs:1185:23
       4: fq::tests::edge_cases::idle_server
                 at ./src/tests/edge_cases.rs:1766:52
       5: fq::tests::edge_cases::idle_server::{{closure}}
                 at ./src/tests/edge_cases.rs:1765:17
       6: core::ops::function::FnOnce::call_once
                 at /rustc/e408947bfd200af42db322daf0fadfe7e26d3bd1/library/core/src/ops/function.rs:250:5
       7: core::ops::function::FnOnce::call_once
                 at /rustc/e408947bfd200af42db322daf0fadfe7e26d3bd1/library/core/src/ops/function.rs:250:5
    note: Some details are omitted, run with `RUST_BACKTRACE=full` for a verbose backtrace.

        FAIL [   0.107s] (329/744) fq tests::edge_cases::idle_timeout
  stdout ───

    running 1 test
    test tests::edge_cases::idle_timeout ... FAILED

    failures:

    failures:
        tests::edge_cases::idle_timeout

    test result: FAILED. 0 passed; 1 failed; 0 ignored; 0 measured; 743 filtered out; finished in 0.09s

  stderr ───

    thread 'tests::edge_cases::idle_timeout' (24990) panicked at src/tests/edge_cases.rs:1751:58:
    case 1: Generic
    stack backtrace:
       0: __rustc::rust_begin_unwind
                 at /rustc/e408947bfd200af42db322daf0fadfe7e26d3bd1/library/std/src/panicking.rs:689:5
       1: core::panicking::panic_fmt
                 at /rustc/e408947bfd200af42db322daf0fadfe7e26d3bd1/library/core/src/panicking.rs:80:14
       2: core::result::unwrap_failed
                 at /rustc/e408947bfd200af42db322daf0fadfe7e26d3bd1/library/core/src/result.rs:1867:5
       3: core::result::Result<T,E>::expect
                 at /rustc/e408947bfd200af42db322daf0fadfe7e26d3bd1/library/core/src/result.rs:1185:23
       4: fq::tests::edge_cases::idle_timeout
                 at ./src/tests/edge_cases.rs:1751:58
       5: fq::tests::edge_cases::idle_timeout::{{closure}}
                 at ./src/tests/edge_cases.rs:1750:18
       6: core::ops::function::FnOnce::call_once
                 at /rustc/e408947bfd200af42db322daf0fadfe7e26d3bd1/library/core/src/ops/function.rs:250:5
       7: core::ops::function::FnOnce::call_once
                 at /rustc/e408947bfd200af42db322daf0fadfe7e26d3bd1/library/core/src/ops/function.rs:250:5
    note: Some details are omitted, run with `RUST_BACKTRACE=full` for a verbose backtrace.

        FAIL [   0.101s] (330/744) fq tests::edge_cases::initial_pto_srv
  stdout ───

    running 1 test
    test tests::edge_cases::initial_pto_srv ... FAILED

    failures:

    failures:
        tests::edge_cases::initial_pto_srv

    test result: FAILED. 0 passed; 1 failed; 0 ignored; 0 measured; 743 filtered out; finished in 0.08s

  stderr ───

    thread 'tests::edge_cases::initial_pto_srv' (24993) panicked at src/tests/edge_cases.rs:1829:42:
    start_client: Generic
    stack backtrace:
       0: __rustc::rust_begin_unwind
                 at /rustc/e408947bfd200af42db322daf0fadfe7e26d3bd1/library/std/src/panicking.rs:689:5
       1: core::panicking::panic_fmt
                 at /rustc/e408947bfd200af42db322daf0fadfe7e26d3bd1/library/core/src/panicking.rs:80:14
       2: core::result::unwrap_failed
                 at /rustc/e408947bfd200af42db322daf0fadfe7e26d3bd1/library/core/src/result.rs:1867:5
       3: core::result::Result<T,E>::expect
                 at /rustc/e408947bfd200af42db322daf0fadfe7e26d3bd1/library/core/src/result.rs:1185:23
       4: fq::tests::edge_cases::initial_pto_srv
                 at ./src/tests/edge_cases.rs:1829:42
       5: fq::tests::edge_cases::initial_pto_srv::{{closure}}
                 at ./src/tests/edge_cases.rs:1817:21
       6: core::ops::function::FnOnce::call_once
                 at /rustc/e408947bfd200af42db322daf0fadfe7e26d3bd1/library/core/src/ops/function.rs:250:5
       7: core::ops::function::FnOnce::call_once
                 at /rustc/e408947bfd200af42db322daf0fadfe7e26d3bd1/library/core/src/ops/function.rs:250:5
    note: Some details are omitted, run with `RUST_BACKTRACE=full` for a verbose backtrace.

        FAIL [   0.117s] (331/744) fq tests::edge_cases::initial_pto
  stdout ───

    running 1 test
    test tests::edge_cases::initial_pto ... FAILED

    failures:

    failures:
        tests::edge_cases::initial_pto

    test result: FAILED. 0 passed; 1 failed; 0 ignored; 0 measured; 743 filtered out; finished in 0.10s

  stderr ───

    thread 'tests::edge_cases::initial_pto' (24991) panicked at src/tests/edge_cases.rs:1793:42:
    start_client: Generic
    stack backtrace:
       0: __rustc::rust_begin_unwind
                 at /rustc/e408947bfd200af42db322daf0fadfe7e26d3bd1/library/std/src/panicking.rs:689:5
       1: core::panicking::panic_fmt
                 at /rustc/e408947bfd200af42db322daf0fadfe7e26d3bd1/library/core/src/panicking.rs:80:14
       2: core::result::unwrap_failed
                 at /rustc/e408947bfd200af42db322daf0fadfe7e26d3bd1/library/core/src/result.rs:1867:5
       3: core::result::Result<T,E>::expect
                 at /rustc/e408947bfd200af42db322daf0fadfe7e26d3bd1/library/core/src/result.rs:1185:23
       4: fq::tests::edge_cases::initial_pto
                 at ./src/tests/edge_cases.rs:1793:42
       5: fq::tests::edge_cases::initial_pto::{{closure}}
                 at ./src/tests/edge_cases.rs:1777:17
       6: core::ops::function::FnOnce::call_once
                 at /rustc/e408947bfd200af42db322daf0fadfe7e26d3bd1/library/core/src/ops/function.rs:250:5
       7: core::ops::function::FnOnce::call_once
                 at /rustc/e408947bfd200af42db322daf0fadfe7e26d3bd1/library/core/src/ops/function.rs:250:5
    note: Some details are omitted, run with `RUST_BACKTRACE=full` for a verbose backtrace.

        FAIL [   0.111s] (332/744) fq tests::edge_cases::reset_ack_max
  stdout ───

    running 1 test
    test tests::edge_cases::reset_ack_max ... FAILED

    failures:

    failures:
        tests::edge_cases::reset_ack_max

    test result: FAILED. 0 passed; 1 failed; 0 ignored; 0 measured; 743 filtered out; finished in 0.09s

  stderr ───

    thread 'tests::edge_cases::reset_ack_max' (24995) panicked at src/tests/edge_cases.rs:1877:56:
    reset_ack_max: Generic
    stack backtrace:
       0: __rustc::rust_begin_unwind
                 at /rustc/e408947bfd200af42db322daf0fadfe7e26d3bd1/library/std/src/panicking.rs:689:5
       1: core::panicking::panic_fmt
                 at /rustc/e408947bfd200af42db322daf0fadfe7e26d3bd1/library/core/src/panicking.rs:80:14
       2: core::result::unwrap_failed
                 at /rustc/e408947bfd200af42db322daf0fadfe7e26d3bd1/library/core/src/result.rs:1867:5
       3: core::result::Result<T,E>::expect
                 at /rustc/e408947bfd200af42db322daf0fadfe7e26d3bd1/library/core/src/result.rs:1185:23
       4: fq::tests::edge_cases::reset_ack_max
                 at ./src/tests/edge_cases.rs:1877:56
       5: fq::tests::edge_cases::reset_ack_max::{{closure}}
                 at ./src/tests/edge_cases.rs:1876:19
       6: core::ops::function::FnOnce::call_once
                 at /rustc/e408947bfd200af42db322daf0fadfe7e26d3bd1/library/core/src/ops/function.rs:250:5
       7: core::ops::function::FnOnce::call_once
                 at /rustc/e408947bfd200af42db322daf0fadfe7e26d3bd1/library/core/src/ops/function.rs:250:5
    note: Some details are omitted, run with `RUST_BACKTRACE=full` for a verbose backtrace.

        FAIL [   0.112s] (333/744) fq tests::edge_cases::reset_ack_reset
  stdout ───

    running 1 test
    test tests::edge_cases::reset_ack_reset ... FAILED

    failures:

    failures:
        tests::edge_cases::reset_ack_reset

    test result: FAILED. 0 passed; 1 failed; 0 ignored; 0 measured; 743 filtered out; finished in 0.09s

  stderr ───

    thread 'tests::edge_cases::reset_ack_reset' (24997) panicked at src/tests/edge_cases.rs:1883:52:
    reset_ack_reset: Generic
    stack backtrace:
       0: __rustc::rust_begin_unwind
                 at /rustc/e408947bfd200af42db322daf0fadfe7e26d3bd1/library/std/src/panicking.rs:689:5
       1: core::panicking::panic_fmt
                 at /rustc/e408947bfd200af42db322daf0fadfe7e26d3bd1/library/core/src/panicking.rs:80:14
       2: core::result::unwrap_failed
                 at /rustc/e408947bfd200af42db322daf0fadfe7e26d3bd1/library/core/src/result.rs:1867:5
       3: core::result::Result<T,E>::expect
                 at /rustc/e408947bfd200af42db322daf0fadfe7e26d3bd1/library/core/src/result.rs:1185:23
       4: fq::tests::edge_cases::reset_ack_reset
                 at ./src/tests/edge_cases.rs:1883:52
       5: fq::tests::edge_cases::reset_ack_reset::{{closure}}
                 at ./src/tests/edge_cases.rs:1882:21
       6: core::ops::function::FnOnce::call_once
                 at /rustc/e408947bfd200af42db322daf0fadfe7e26d3bd1/library/core/src/ops/function.rs:250:5
       7: core::ops::function::FnOnce::call_once
                 at /rustc/e408947bfd200af42db322daf0fadfe7e26d3bd1/library/core/src/ops/function.rs:250:5
    note: Some details are omitted, run with `RUST_BACKTRACE=full` for a verbose backtrace.

        FAIL [   0.106s] (334/744) fq tests::edge_cases::reset_extra_max
  stdout ───

    running 1 test
    test tests::edge_cases::reset_extra_max ... FAILED

    failures:

    failures:
        tests::edge_cases::reset_extra_max

    test result: FAILED. 0 passed; 1 failed; 0 ignored; 0 measured; 743 filtered out; finished in 0.09s

  stderr ───

    thread 'tests::edge_cases::reset_extra_max' (25000) panicked at src/tests/edge_cases.rs:1889:58:
    reset_extra_max: Generic
    stack backtrace:
       0: __rustc::rust_begin_unwind
                 at /rustc/e408947bfd200af42db322daf0fadfe7e26d3bd1/library/std/src/panicking.rs:689:5
       1: core::panicking::panic_fmt
                 at /rustc/e408947bfd200af42db322daf0fadfe7e26d3bd1/library/core/src/panicking.rs:80:14
       2: core::result::unwrap_failed
                 at /rustc/e408947bfd200af42db322daf0fadfe7e26d3bd1/library/core/src/result.rs:1867:5
       3: core::result::Result<T,E>::expect
                 at /rustc/e408947bfd200af42db322daf0fadfe7e26d3bd1/library/core/src/result.rs:1185:23
       4: fq::tests::edge_cases::reset_extra_max
                 at ./src/tests/edge_cases.rs:1889:58
       5: fq::tests::edge_cases::reset_extra_max::{{closure}}
                 at ./src/tests/edge_cases.rs:1888:21
       6: core::ops::function::FnOnce::call_once
                 at /rustc/e408947bfd200af42db322daf0fadfe7e26d3bd1/library/core/src/ops/function.rs:250:5
       7: core::ops::function::FnOnce::call_once
                 at /rustc/e408947bfd200af42db322daf0fadfe7e26d3bd1/library/core/src/ops/function.rs:250:5
    note: Some details are omitted, run with `RUST_BACKTRACE=full` for a verbose backtrace.

        FAIL [   0.117s] (335/744) fq tests::edge_cases::reset_extra_reset
  stdout ───

    running 1 test
    test tests::edge_cases::reset_extra_reset ... FAILED

    failures:

    failures:
        tests::edge_cases::reset_extra_reset

    test result: FAILED. 0 passed; 1 failed; 0 ignored; 0 measured; 743 filtered out; finished in 0.10s

  stderr ───

    thread 'tests::edge_cases::reset_extra_reset' (25001) panicked at src/tests/edge_cases.rs:1895:54:
    reset_extra_reset: Generic
    stack backtrace:
       0: __rustc::rust_begin_unwind
                 at /rustc/e408947bfd200af42db322daf0fadfe7e26d3bd1/library/std/src/panicking.rs:689:5
       1: core::panicking::panic_fmt
                 at /rustc/e408947bfd200af42db322daf0fadfe7e26d3bd1/library/core/src/panicking.rs:80:14
       2: core::result::unwrap_failed
                 at /rustc/e408947bfd200af42db322daf0fadfe7e26d3bd1/library/core/src/result.rs:1867:5
       3: core::result::Result<T,E>::expect
                 at /rustc/e408947bfd200af42db322daf0fadfe7e26d3bd1/library/core/src/result.rs:1185:23
       4: fq::tests::edge_cases::reset_extra_reset
                 at ./src/tests/edge_cases.rs:1895:54
       5: fq::tests::edge_cases::reset_extra_reset::{{closure}}
                 at ./src/tests/edge_cases.rs:1894:23
       6: core::ops::function::FnOnce::call_once
                 at /rustc/e408947bfd200af42db322daf0fadfe7e26d3bd1/library/core/src/ops/function.rs:250:5
       7: core::ops::function::FnOnce::call_once
                 at /rustc/e408947bfd200af42db322daf0fadfe7e26d3bd1/library/core/src/ops/function.rs:250:5
    note: Some details are omitted, run with `RUST_BACKTRACE=full` for a verbose backtrace.

        FAIL [   0.113s] (336/744) fq tests::edge_cases::reset_extra_stop
  stdout ───

    running 1 test
    test tests::edge_cases::reset_extra_stop ... FAILED

    failures:

    failures:
        tests::edge_cases::reset_extra_stop

    test result: FAILED. 0 passed; 1 failed; 0 ignored; 0 measured; 743 filtered out; finished in 0.09s

  stderr ───

    thread 'tests::edge_cases::reset_extra_stop' (25003) panicked at src/tests/edge_cases.rs:1901:53:
    reset_extra_stop: Generic
    stack backtrace:
       0: __rustc::rust_begin_unwind
                 at /rustc/e408947bfd200af42db322daf0fadfe7e26d3bd1/library/std/src/panicking.rs:689:5
       1: core::panicking::panic_fmt
                 at /rustc/e408947bfd200af42db322daf0fadfe7e26d3bd1/library/core/src/panicking.rs:80:14
       2: core::result::unwrap_failed
                 at /rustc/e408947bfd200af42db322daf0fadfe7e26d3bd1/library/core/src/result.rs:1867:5
       3: core::result::Result<T,E>::expect
                 at /rustc/e408947bfd200af42db322daf0fadfe7e26d3bd1/library/core/src/result.rs:1185:23
       4: fq::tests::edge_cases::reset_extra_stop
                 at ./src/tests/edge_cases.rs:1901:53
       5: fq::tests::edge_cases::reset_extra_stop::{{closure}}
                 at ./src/tests/edge_cases.rs:1900:22
       6: core::ops::function::FnOnce::call_once
                 at /rustc/e408947bfd200af42db322daf0fadfe7e26d3bd1/library/core/src/ops/function.rs:250:5
       7: core::ops::function::FnOnce::call_once
                 at /rustc/e408947bfd200af42db322daf0fadfe7e26d3bd1/library/core/src/ops/function.rs:250:5
    note: Some details are omitted, run with `RUST_BACKTRACE=full` for a verbose backtrace.

        FAIL [   0.104s] (337/744) fq tests::edge_cases::reset_need_max
  stdout ───

    running 1 test
    test tests::edge_cases::reset_need_max ... FAILED

    failures:

    failures:
        tests::edge_cases::reset_need_max

    test result: FAILED. 0 passed; 1 failed; 0 ignored; 0 measured; 743 filtered out; finished in 0.09s

  stderr ───

    thread 'tests::edge_cases::reset_need_max' (25007) panicked at src/tests/edge_cases.rs:1907:57:
    reset_need_max: Generic
    stack backtrace:
       0: __rustc::rust_begin_unwind
                 at /rustc/e408947bfd200af42db322daf0fadfe7e26d3bd1/library/std/src/panicking.rs:689:5
       1: core::panicking::panic_fmt
                 at /rustc/e408947bfd200af42db322daf0fadfe7e26d3bd1/library/core/src/panicking.rs:80:14
       2: core::result::unwrap_failed
                 at /rustc/e408947bfd200af42db322daf0fadfe7e26d3bd1/library/core/src/result.rs:1867:5
       3: core::result::Result<T,E>::expect
                 at /rustc/e408947bfd200af42db322daf0fadfe7e26d3bd1/library/core/src/result.rs:1185:23
       4: fq::tests::edge_cases::reset_need_max
                 at ./src/tests/edge_cases.rs:1907:57
       5: fq::tests::edge_cases::reset_need_max::{{closure}}
                 at ./src/tests/edge_cases.rs:1906:20
       6: core::ops::function::FnOnce::call_once
                 at /rustc/e408947bfd200af42db322daf0fadfe7e26d3bd1/library/core/src/ops/function.rs:250:5
       7: core::ops::function::FnOnce::call_once
                 at /rustc/e408947bfd200af42db322daf0fadfe7e26d3bd1/library/core/src/ops/function.rs:250:5
    note: Some details are omitted, run with `RUST_BACKTRACE=full` for a verbose backtrace.

        FAIL [   0.110s] (338/744) fq tests::edge_cases::reset_loop_test
  stdout ───

    running 1 test
    test tests::edge_cases::reset_loop_test ... FAILED

    failures:

    failures:
        tests::edge_cases::reset_loop_test

    test result: FAILED. 0 passed; 1 failed; 0 ignored; 0 measured; 743 filtered out; finished in 0.09s

  stderr ───

    thread 'tests::edge_cases::reset_loop_test' (25006) panicked at src/tests/edge_cases.rs:1950:42:
    start_client: Generic
    stack backtrace:
       0: __rustc::rust_begin_unwind
                 at /rustc/e408947bfd200af42db322daf0fadfe7e26d3bd1/library/std/src/panicking.rs:689:5
       1: core::panicking::panic_fmt
                 at /rustc/e408947bfd200af42db322daf0fadfe7e26d3bd1/library/core/src/panicking.rs:80:14
       2: core::result::unwrap_failed
                 at /rustc/e408947bfd200af42db322daf0fadfe7e26d3bd1/library/core/src/result.rs:1867:5
       3: core::result::Result<T,E>::expect
                 at /rustc/e408947bfd200af42db322daf0fadfe7e26d3bd1/library/core/src/result.rs:1185:23
       4: fq::tests::edge_cases::reset_loop_test
                 at ./src/tests/edge_cases.rs:1950:42
       5: fq::tests::edge_cases::reset_loop_test::{{closure}}
                 at ./src/tests/edge_cases.rs:1927:21
       6: core::ops::function::FnOnce::call_once
                 at /rustc/e408947bfd200af42db322daf0fadfe7e26d3bd1/library/core/src/ops/function.rs:250:5
       7: core::ops::function::FnOnce::call_once
                 at /rustc/e408947bfd200af42db322daf0fadfe7e26d3bd1/library/core/src/ops/function.rs:250:5
    note: Some details are omitted, run with `RUST_BACKTRACE=full` for a verbose backtrace.

        FAIL [   0.109s] (339/744) fq tests::edge_cases::reset_need_reset
  stdout ───

    running 1 test
    test tests::edge_cases::reset_need_reset ... FAILED

    failures:

    failures:
        tests::edge_cases::reset_need_reset

    test result: FAILED. 0 passed; 1 failed; 0 ignored; 0 measured; 743 filtered out; finished in 0.09s

  stderr ───

    thread 'tests::edge_cases::reset_need_reset' (25009) panicked at src/tests/edge_cases.rs:1913:53:
    reset_need_reset: Generic
    stack backtrace:
       0: __rustc::rust_begin_unwind
                 at /rustc/e408947bfd200af42db322daf0fadfe7e26d3bd1/library/std/src/panicking.rs:689:5
       1: core::panicking::panic_fmt
                 at /rustc/e408947bfd200af42db322daf0fadfe7e26d3bd1/library/core/src/panicking.rs:80:14
       2: core::result::unwrap_failed
                 at /rustc/e408947bfd200af42db322daf0fadfe7e26d3bd1/library/core/src/result.rs:1867:5
       3: core::result::Result<T,E>::expect
                 at /rustc/e408947bfd200af42db322daf0fadfe7e26d3bd1/library/core/src/result.rs:1185:23
       4: fq::tests::edge_cases::reset_need_reset
                 at ./src/tests/edge_cases.rs:1913:53
       5: fq::tests::edge_cases::reset_need_reset::{{closure}}
                 at ./src/tests/edge_cases.rs:1912:22
       6: core::ops::function::FnOnce::call_once
                 at /rustc/e408947bfd200af42db322daf0fadfe7e26d3bd1/library/core/src/ops/function.rs:250:5
       7: core::ops::function::FnOnce::call_once
                 at /rustc/e408947bfd200af42db322daf0fadfe7e26d3bd1/library/core/src/ops/function.rs:250:5
    note: Some details are omitted, run with `RUST_BACKTRACE=full` for a verbose backtrace.

        FAIL [   0.109s] (340/744) fq tests::edge_cases::reset_need_stop
  stdout ───

    running 1 test
    test tests::edge_cases::reset_need_stop ... FAILED

    failures:

    failures:
        tests::edge_cases::reset_need_stop

    test result: FAILED. 0 passed; 1 failed; 0 ignored; 0 measured; 743 filtered out; finished in 0.09s

  stderr ───

    thread 'tests::edge_cases::reset_need_stop' (25011) panicked at src/tests/edge_cases.rs:1919:52:
    reset_need_stop: Generic
    stack backtrace:
       0: __rustc::rust_begin_unwind
                 at /rustc/e408947bfd200af42db322daf0fadfe7e26d3bd1/library/std/src/panicking.rs:689:5
       1: core::panicking::panic_fmt
                 at /rustc/e408947bfd200af42db322daf0fadfe7e26d3bd1/library/core/src/panicking.rs:80:14
       2: core::result::unwrap_failed
                 at /rustc/e408947bfd200af42db322daf0fadfe7e26d3bd1/library/core/src/result.rs:1867:5
       3: core::result::Result<T,E>::expect
                 at /rustc/e408947bfd200af42db322daf0fadfe7e26d3bd1/library/core/src/result.rs:1185:23
       4: fq::tests::edge_cases::reset_need_stop
                 at ./src/tests/edge_cases.rs:1919:52
       5: fq::tests::edge_cases::reset_need_stop::{{closure}}
                 at ./src/tests/edge_cases.rs:1918:21
       6: core::ops::function::FnOnce::call_once
                 at /rustc/e408947bfd200af42db322daf0fadfe7e26d3bd1/library/core/src/ops/function.rs:250:5
       7: core::ops::function::FnOnce::call_once
                 at /rustc/e408947bfd200af42db322daf0fadfe7e26d3bd1/library/core/src/ops/function.rs:250:5
    note: Some details are omitted, run with `RUST_BACKTRACE=full` for a verbose backtrace.

        FAIL [   0.112s] (341/744) fq tests::edge_cases::reset_stream_at_basic
  stdout ───

    running 1 test
    test tests::edge_cases::reset_stream_at_basic ... FAILED

    failures:

    failures:
        tests::edge_cases::reset_stream_at_basic

    test result: FAILED. 0 passed; 1 failed; 0 ignored; 0 measured; 743 filtered out; finished in 0.10s

  stderr ───

    thread 'tests::edge_cases::reset_stream_at_basic' (25014) panicked at src/tests/edge_cases.rs:2076:56:
    reset_stream_at_basic: Generic
    stack backtrace:
       0: __rustc::rust_begin_unwind
                 at /rustc/e408947bfd200af42db322daf0fadfe7e26d3bd1/library/std/src/panicking.rs:689:5
       1: core::panicking::panic_fmt
                 at /rustc/e408947bfd200af42db322daf0fadfe7e26d3bd1/library/core/src/panicking.rs:80:14
       2: core::result::unwrap_failed
                 at /rustc/e408947bfd200af42db322daf0fadfe7e26d3bd1/library/core/src/result.rs:1867:5
       3: core::result::Result<T,E>::expect
                 at /rustc/e408947bfd200af42db322daf0fadfe7e26d3bd1/library/core/src/result.rs:1185:23
       4: fq::tests::edge_cases::reset_stream_at_basic
                 at ./src/tests/edge_cases.rs:2076:56
       5: fq::tests::edge_cases::reset_stream_at_basic::{{closure}}
                 at ./src/tests/edge_cases.rs:2075:27
       6: core::ops::function::FnOnce::call_once
                 at /rustc/e408947bfd200af42db322daf0fadfe7e26d3bd1/library/core/src/ops/function.rs:250:5
       7: core::ops::function::FnOnce::call_once
                 at /rustc/e408947bfd200af42db322daf0fadfe7e26d3bd1/library/core/src/ops/function.rs:250:5
    note: Some details are omitted, run with `RUST_BACKTRACE=full` for a verbose backtrace.

        FAIL [   0.121s] (342/744) fq tests::edge_cases::reset_stream_at_limit_test
  stdout ───

    running 1 test
    test tests::edge_cases::reset_stream_at_limit_test ... FAILED

    failures:

    failures:
        tests::edge_cases::reset_stream_at_limit_test

    test result: FAILED. 0 passed; 1 failed; 0 ignored; 0 measured; 743 filtered out; finished in 0.10s

  stderr ───

    thread 'tests::edge_cases::reset_stream_at_limit_test' (25015) panicked at src/tests/edge_cases.rs:2082:56:
    reset_stream_at_limit: Generic
    stack backtrace:
       0: __rustc::rust_begin_unwind
                 at /rustc/e408947bfd200af42db322daf0fadfe7e26d3bd1/library/std/src/panicking.rs:689:5
       1: core::panicking::panic_fmt
                 at /rustc/e408947bfd200af42db322daf0fadfe7e26d3bd1/library/core/src/panicking.rs:80:14
       2: core::result::unwrap_failed
                 at /rustc/e408947bfd200af42db322daf0fadfe7e26d3bd1/library/core/src/result.rs:1867:5
       3: core::result::Result<T,E>::expect
                 at /rustc/e408947bfd200af42db322daf0fadfe7e26d3bd1/library/core/src/result.rs:1185:23
       4: fq::tests::edge_cases::reset_stream_at_limit_test
                 at ./src/tests/edge_cases.rs:2082:56
       5: fq::tests::edge_cases::reset_stream_at_limit_test::{{closure}}
                 at ./src/tests/edge_cases.rs:2081:32
       6: core::ops::function::FnOnce::call_once
                 at /rustc/e408947bfd200af42db322daf0fadfe7e26d3bd1/library/core/src/ops/function.rs:250:5
       7: core::ops::function::FnOnce::call_once
                 at /rustc/e408947bfd200af42db322daf0fadfe7e26d3bd1/library/core/src/ops/function.rs:250:5
    note: Some details are omitted, run with `RUST_BACKTRACE=full` for a verbose backtrace.

        PASS [   0.008s] (343/744) fq tests::harness::sim_link
        PASS [   0.007s] (344/744) fq tests::harness::sim_link_jitter_sample
        FAIL [   0.122s] (345/744) fq tests::edge_cases::reset_stream_at_loss
  stdout ───

    running 1 test
    test tests::edge_cases::reset_stream_at_loss ... FAILED

    failures:

    failures:
        tests::edge_cases::reset_stream_at_loss

    test result: FAILED. 0 passed; 1 failed; 0 ignored; 0 measured; 743 filtered out; finished in 0.10s

  stderr ───

    thread 'tests::edge_cases::reset_stream_at_loss' (25017) panicked at src/tests/edge_cases.rs:2088:55:
    reset_stream_at_loss: Generic
    stack backtrace:
       0: __rustc::rust_begin_unwind
                 at /rustc/e408947bfd200af42db322daf0fadfe7e26d3bd1/library/std/src/panicking.rs:689:5
       1: core::panicking::panic_fmt
                 at /rustc/e408947bfd200af42db322daf0fadfe7e26d3bd1/library/core/src/panicking.rs:80:14
       2: core::result::unwrap_failed
                 at /rustc/e408947bfd200af42db322daf0fadfe7e26d3bd1/library/core/src/result.rs:1867:5
       3: core::result::Result<T,E>::expect
                 at /rustc/e408947bfd200af42db322daf0fadfe7e26d3bd1/library/core/src/result.rs:1185:23
       4: fq::tests::edge_cases::reset_stream_at_loss
                 at ./src/tests/edge_cases.rs:2088:55
       5: fq::tests::edge_cases::reset_stream_at_loss::{{closure}}
                 at ./src/tests/edge_cases.rs:2087:26
       6: core::ops::function::FnOnce::call_once
                 at /rustc/e408947bfd200af42db322daf0fadfe7e26d3bd1/library/core/src/ops/function.rs:250:5
       7: core::ops::function::FnOnce::call_once
                 at /rustc/e408947bfd200af42db322daf0fadfe7e26d3bd1/library/core/src/ops/function.rs:250:5
    note: Some details are omitted, run with `RUST_BACKTRACE=full` for a verbose backtrace.

        PASS [   0.008s] (346/744) fq tests::hashtest::picohash
        PASS [   0.008s] (347/744) fq tests::hashtest::picohash_bytes
        PASS [   0.007s] (348/744) fq tests::hashtest::picohash_embedded
        FAIL [   0.107s] (349/744) fq tests::flow_control::flow_control
  stdout ───

    running 1 test
    test tests::flow_control::flow_control ... FAILED

    failures:

    failures:
        tests::flow_control::flow_control

    test result: FAILED. 0 passed; 1 failed; 0 ignored; 0 measured; 743 filtered out; finished in 0.09s

  stderr ───

    thread 'tests::flow_control::flow_control' (25019) panicked at src/tests/flow_control.rs:369:47:
    bbr algorithm
    stack backtrace:
       0: __rustc::rust_begin_unwind
                 at /rustc/e408947bfd200af42db322daf0fadfe7e26d3bd1/library/std/src/panicking.rs:689:5
       1: core::panicking::panic_fmt
                 at /rustc/e408947bfd200af42db322daf0fadfe7e26d3bd1/library/core/src/panicking.rs:80:14
       2: core::panicking::panic_display
                 at /rustc/e408947bfd200af42db322daf0fadfe7e26d3bd1/library/core/src/panicking.rs:259:5
       3: core::option::expect_failed
                 at /rustc/e408947bfd200af42db322daf0fadfe7e26d3bd1/library/core/src/option.rs:2208:5
       4: core::option::Option<T>::expect
                 at /rustc/e408947bfd200af42db322daf0fadfe7e26d3bd1/library/core/src/option.rs:971:21
       5: fq::tests::flow_control::flow_control
                 at ./src/tests/flow_control.rs:369:47
       6: fq::tests::flow_control::flow_control::{{closure}}
                 at ./src/tests/flow_control.rs:368:18
       7: core::ops::function::FnOnce::call_once
                 at /rustc/e408947bfd200af42db322daf0fadfe7e26d3bd1/library/core/src/ops/function.rs:250:5
       8: core::ops::function::FnOnce::call_once
                 at /rustc/e408947bfd200af42db322daf0fadfe7e26d3bd1/library/core/src/ops/function.rs:250:5
    note: Some details are omitted, run with `RUST_BACKTRACE=full` for a verbose backtrace.

        PASS [   0.008s] (350/744) fq tests::hashtest::siphash
        FAIL [   0.103s] (351/744) fq tests::getter::getter
  stdout ───

    running 1 test
    test tests::getter::getter ... FAILED

    failures:

    failures:
        tests::getter::getter

    test result: FAILED. 0 passed; 1 failed; 0 ignored; 0 measured; 743 filtered out; finished in 0.09s

  stderr ───

    thread 'tests::getter::getter' (25021) panicked at src/tests/getter.rs:177:42:
    start client: Generic
    stack backtrace:
       0: __rustc::rust_begin_unwind
                 at /rustc/e408947bfd200af42db322daf0fadfe7e26d3bd1/library/std/src/panicking.rs:689:5
       1: core::panicking::panic_fmt
                 at /rustc/e408947bfd200af42db322daf0fadfe7e26d3bd1/library/core/src/panicking.rs:80:14
       2: core::result::unwrap_failed
                 at /rustc/e408947bfd200af42db322daf0fadfe7e26d3bd1/library/core/src/result.rs:1867:5
       3: core::result::Result<T,E>::expect
                 at /rustc/e408947bfd200af42db322daf0fadfe7e26d3bd1/library/core/src/result.rs:1185:23
       4: fq::tests::getter::getter
                 at ./src/tests/getter.rs:177:42
       5: fq::tests::getter::getter::{{closure}}
                 at ./src/tests/getter.rs:40:12
       6: core::ops::function::FnOnce::call_once
                 at /rustc/e408947bfd200af42db322daf0fadfe7e26d3bd1/library/core/src/ops/function.rs:250:5
       7: core::ops::function::FnOnce::call_once
                 at /rustc/e408947bfd200af42db322daf0fadfe7e26d3bd1/library/core/src/ops/function.rs:250:5
    note: Some details are omitted, run with `RUST_BACKTRACE=full` for a verbose backtrace.

        FAIL [   0.106s] (352/744) fq tests::high_latency::high_latency_basic
  stdout ───

    running 1 test
    test tests::high_latency::high_latency_basic ... FAILED

    failures:

    failures:
        tests::high_latency::high_latency_basic

    test result: FAILED. 0 passed; 1 failed; 0 ignored; 0 measured; 743 filtered out; finished in 0.09s

  stderr ───

    thread 'tests::high_latency::high_latency_basic' (25036) panicked at src/tests/high_latency.rs:248:70:
    client ready: Generic
    stack backtrace:
       0: __rustc::rust_begin_unwind
                 at /rustc/e408947bfd200af42db322daf0fadfe7e26d3bd1/library/std/src/panicking.rs:689:5
       1: core::panicking::panic_fmt
                 at /rustc/e408947bfd200af42db322daf0fadfe7e26d3bd1/library/core/src/panicking.rs:80:14
       2: core::result::unwrap_failed
                 at /rustc/e408947bfd200af42db322daf0fadfe7e26d3bd1/library/core/src/result.rs:1867:5
       3: core::result::Result<T,E>::expect
                 at /rustc/e408947bfd200af42db322daf0fadfe7e26d3bd1/library/core/src/result.rs:1185:23
       4: fq::tests::high_latency::high_latency_one
                 at ./src/tests/high_latency.rs:248:70
       5: fq::tests::high_latency::high_latency_basic
                 at ./src/tests/high_latency.rs:271:5
       6: fq::tests::high_latency::high_latency_basic::{{closure}}
                 at ./src/tests/high_latency.rs:268:24
       7: core::ops::function::FnOnce::call_once
                 at /rustc/e408947bfd200af42db322daf0fadfe7e26d3bd1/library/core/src/ops/function.rs:250:5
       8: core::ops::function::FnOnce::call_once
                 at /rustc/e408947bfd200af42db322daf0fadfe7e26d3bd1/library/core/src/ops/function.rs:250:5
    note: Some details are omitted, run with `RUST_BACKTRACE=full` for a verbose backtrace.

        FAIL [   0.109s] (353/744) fq tests::high_latency::high_latency_bbr
  stdout ───

    running 1 test
    test tests::high_latency::high_latency_bbr ... FAILED

    failures:

    failures:
        tests::high_latency::high_latency_bbr

    test result: FAILED. 0 passed; 1 failed; 0 ignored; 0 measured; 743 filtered out; finished in 0.09s

  stderr ───

    thread 'tests::high_latency::high_latency_bbr' (25038) panicked at src/tests/high_latency.rs:248:70:
    client ready: Generic
    stack backtrace:
       0: __rustc::rust_begin_unwind
                 at /rustc/e408947bfd200af42db322daf0fadfe7e26d3bd1/library/std/src/panicking.rs:689:5
       1: core::panicking::panic_fmt
                 at /rustc/e408947bfd200af42db322daf0fadfe7e26d3bd1/library/core/src/panicking.rs:80:14
       2: core::result::unwrap_failed
                 at /rustc/e408947bfd200af42db322daf0fadfe7e26d3bd1/library/core/src/result.rs:1867:5
       3: core::result::Result<T,E>::expect
                 at /rustc/e408947bfd200af42db322daf0fadfe7e26d3bd1/library/core/src/result.rs:1185:23
       4: fq::tests::high_latency::high_latency_one
                 at ./src/tests/high_latency.rs:248:70
       5: fq::tests::high_latency::high_latency_bbr
                 at ./src/tests/high_latency.rs:296:5
       6: fq::tests::high_latency::high_latency_bbr::{{closure}}
                 at ./src/tests/high_latency.rs:293:22
       7: core::ops::function::FnOnce::call_once
                 at /rustc/e408947bfd200af42db322daf0fadfe7e26d3bd1/library/core/src/ops/function.rs:250:5
       8: core::ops::function::FnOnce::call_once
                 at /rustc/e408947bfd200af42db322daf0fadfe7e26d3bd1/library/core/src/ops/function.rs:250:5
    note: Some details are omitted, run with `RUST_BACKTRACE=full` for a verbose backtrace.

        PASS [   0.008s] (354/744) fq tests::intformattest::intformat
        PASS [   0.007s] (355/744) fq tests::intformattest::sqrt_for_test
        PASS [   0.007s] (356/744) fq tests::intformattest::varint
        FAIL [   0.115s] (357/744) fq tests::high_latency::high_latency_cubic
  stdout ───

    running 1 test
    test tests::high_latency::high_latency_cubic ... FAILED

    failures:

    failures:
        tests::high_latency::high_latency_cubic

    test result: FAILED. 0 passed; 1 failed; 0 ignored; 0 measured; 743 filtered out; finished in 0.10s

  stderr ───

    thread 'tests::high_latency::high_latency_cubic' (25039) panicked at src/tests/high_latency.rs:248:70:
    client ready: Generic
    stack backtrace:
       0: __rustc::rust_begin_unwind
                 at /rustc/e408947bfd200af42db322daf0fadfe7e26d3bd1/library/std/src/panicking.rs:689:5
       1: core::panicking::panic_fmt
                 at /rustc/e408947bfd200af42db322daf0fadfe7e26d3bd1/library/core/src/panicking.rs:80:14
       2: core::result::unwrap_failed
                 at /rustc/e408947bfd200af42db322daf0fadfe7e26d3bd1/library/core/src/result.rs:1867:5
       3: core::result::Result<T,E>::expect
                 at /rustc/e408947bfd200af42db322daf0fadfe7e26d3bd1/library/core/src/result.rs:1185:23
       4: fq::tests::high_latency::high_latency_one
                 at ./src/tests/high_latency.rs:248:70
       5: fq::tests::high_latency::high_latency_cubic
                 at ./src/tests/high_latency.rs:316:5
       6: fq::tests::high_latency::high_latency_cubic::{{closure}}
                 at ./src/tests/high_latency.rs:313:24
       7: core::ops::function::FnOnce::call_once
                 at /rustc/e408947bfd200af42db322daf0fadfe7e26d3bd1/library/core/src/ops/function.rs:250:5
       8: core::ops::function::FnOnce::call_once
                 at /rustc/e408947bfd200af42db322daf0fadfe7e26d3bd1/library/core/src/ops/function.rs:250:5
    note: Some details are omitted, run with `RUST_BACKTRACE=full` for a verbose backtrace.

        FAIL [   0.101s] (358/744) fq tests::high_latency::high_latency_probertt
  stdout ───

    running 1 test
    test tests::high_latency::high_latency_probertt ... FAILED

    failures:

    failures:
        tests::high_latency::high_latency_probertt

    test result: FAILED. 0 passed; 1 failed; 0 ignored; 0 measured; 743 filtered out; finished in 0.09s

  stderr ───

    thread 'tests::high_latency::high_latency_probertt' (25041) panicked at src/tests/high_latency.rs:248:70:
    client ready: Generic
    stack backtrace:
       0: __rustc::rust_begin_unwind
                 at /rustc/e408947bfd200af42db322daf0fadfe7e26d3bd1/library/std/src/panicking.rs:689:5
       1: core::panicking::panic_fmt
                 at /rustc/e408947bfd200af42db322daf0fadfe7e26d3bd1/library/core/src/panicking.rs:80:14
       2: core::result::unwrap_failed
                 at /rustc/e408947bfd200af42db322daf0fadfe7e26d3bd1/library/core/src/result.rs:1867:5
       3: core::result::Result<T,E>::expect
                 at /rustc/e408947bfd200af42db322daf0fadfe7e26d3bd1/library/core/src/result.rs:1185:23
       4: fq::tests::high_latency::high_latency_one
                 at ./src/tests/high_latency.rs:248:70
       5: fq::tests::high_latency::high_latency_probertt
                 at ./src/tests/high_latency.rs:336:5
       6: fq::tests::high_latency::high_latency_probertt::{{closure}}
                 at ./src/tests/high_latency.rs:333:27
       7: core::ops::function::FnOnce::call_once
                 at /rustc/e408947bfd200af42db322daf0fadfe7e26d3bd1/library/core/src/ops/function.rs:250:5
       8: core::ops::function::FnOnce::call_once
                 at /rustc/e408947bfd200af42db322daf0fadfe7e26d3bd1/library/core/src/ops/function.rs:250:5
    note: Some details are omitted, run with `RUST_BACKTRACE=full` for a verbose backtrace.

        FAIL [   0.125s] (359/744) fq tests::l4s::l4s_bbr
  stdout ───

    running 1 test
    test tests::l4s::l4s_bbr ... FAILED

    failures:

    failures:
        tests::l4s::l4s_bbr

    test result: FAILED. 0 passed; 1 failed; 0 ignored; 0 measured; 743 filtered out; finished in 0.10s

  stderr ───

    thread 'tests::l4s::l4s_bbr' (25051) panicked at src/tests/l4s.rs:178:50:
    bbr cc algo
    stack backtrace:
       0: __rustc::rust_begin_unwind
                 at /rustc/e408947bfd200af42db322daf0fadfe7e26d3bd1/library/std/src/panicking.rs:689:5
       1: core::panicking::panic_fmt
                 at /rustc/e408947bfd200af42db322daf0fadfe7e26d3bd1/library/core/src/panicking.rs:80:14
       2: core::panicking::panic_display
                 at /rustc/e408947bfd200af42db322daf0fadfe7e26d3bd1/library/core/src/panicking.rs:259:5
       3: core::option::expect_failed
                 at /rustc/e408947bfd200af42db322daf0fadfe7e26d3bd1/library/core/src/option.rs:2208:5
       4: core::option::Option<T>::expect
                 at /rustc/e408947bfd200af42db322daf0fadfe7e26d3bd1/library/core/src/option.rs:971:21
       5: fq::tests::l4s::l4s_bbr
                 at ./src/tests/l4s.rs:178:50
       6: fq::tests::l4s::l4s_bbr::{{closure}}
                 at ./src/tests/l4s.rs:177:13
       7: core::ops::function::FnOnce::call_once
                 at /rustc/e408947bfd200af42db322daf0fadfe7e26d3bd1/library/core/src/ops/function.rs:250:5
       8: core::ops::function::FnOnce::call_once
                 at /rustc/e408947bfd200af42db322daf0fadfe7e26d3bd1/library/core/src/ops/function.rs:250:5
    note: Some details are omitted, run with `RUST_BACKTRACE=full` for a verbose backtrace.

        FAIL [   0.130s] (360/744) fq tests::l4s::l4s_c4
  stdout ───

    running 1 test
    test tests::l4s::l4s_c4 ... FAILED

    failures:

    failures:
        tests::l4s::l4s_c4

    test result: FAILED. 0 passed; 1 failed; 0 ignored; 0 measured; 743 filtered out; finished in 0.10s

  stderr ───

    thread 'tests::l4s::l4s_c4' (25053) panicked at src/tests/l4s.rs:131:6:
    tls_api_one_scenario_body_ex: Generic
    stack backtrace:
       0: __rustc::rust_begin_unwind
                 at /rustc/e408947bfd200af42db322daf0fadfe7e26d3bd1/library/std/src/panicking.rs:689:5
       1: core::panicking::panic_fmt
                 at /rustc/e408947bfd200af42db322daf0fadfe7e26d3bd1/library/core/src/panicking.rs:80:14
       2: core::result::unwrap_failed
                 at /rustc/e408947bfd200af42db322daf0fadfe7e26d3bd1/library/core/src/result.rs:1867:5
       3: core::result::Result<T,E>::expect
                 at /rustc/e408947bfd200af42db322daf0fadfe7e26d3bd1/library/core/src/result.rs:1185:23
       4: fq::tests::l4s::l4s_congestion_test
                 at ./src/tests/l4s.rs:131:6
       5: fq::tests::l4s::l4s_c4
                 at ./src/tests/l4s.rs:187:5
       6: fq::tests::l4s::l4s_c4::{{closure}}
                 at ./src/tests/l4s.rs:184:12
       7: core::ops::function::FnOnce::call_once
                 at /rustc/e408947bfd200af42db322daf0fadfe7e26d3bd1/library/core/src/ops/function.rs:250:5
       8: core::ops::function::FnOnce::call_once
                 at /rustc/e408947bfd200af42db322daf0fadfe7e26d3bd1/library/core/src/ops/function.rs:250:5
    note: Some details are omitted, run with `RUST_BACKTRACE=full` for a verbose backtrace.

        FAIL [   0.146s] (361/744) fq tests::l4s::l4s_bbr_updown
  stdout ───

    running 1 test
    test tests::l4s::l4s_bbr_updown ... FAILED

    failures:

    failures:
        tests::l4s::l4s_bbr_updown

    test result: FAILED. 0 passed; 1 failed; 0 ignored; 0 measured; 743 filtered out; finished in 0.12s

  stderr ───

    thread 'tests::l4s::l4s_bbr_updown' (25052) panicked at src/tests/l4s.rs:131:6:
    tls_api_one_scenario_body_ex: Generic
    stack backtrace:
       0: __rustc::rust_begin_unwind
                 at /rustc/e408947bfd200af42db322daf0fadfe7e26d3bd1/library/std/src/panicking.rs:689:5
       1: core::panicking::panic_fmt
                 at /rustc/e408947bfd200af42db322daf0fadfe7e26d3bd1/library/core/src/panicking.rs:80:14
       2: core::result::unwrap_failed
                 at /rustc/e408947bfd200af42db322daf0fadfe7e26d3bd1/library/core/src/result.rs:1867:5
       3: core::result::Result<T,E>::expect
                 at /rustc/e408947bfd200af42db322daf0fadfe7e26d3bd1/library/core/src/result.rs:1185:23
       4: fq::tests::l4s::l4s_congestion_test
                 at ./src/tests/l4s.rs:131:6
       5: fq::tests::l4s::l4s_bbr_updown
                 at ./src/tests/l4s.rs:196:5
       6: fq::tests::l4s::l4s_bbr_updown::{{closure}}
                 at ./src/tests/l4s.rs:193:20
       7: core::ops::function::FnOnce::call_once
                 at /rustc/e408947bfd200af42db322daf0fadfe7e26d3bd1/library/core/src/ops/function.rs:250:5
       8: core::ops::function::FnOnce::call_once
                 at /rustc/e408947bfd200af42db322daf0fadfe7e26d3bd1/library/core/src/ops/function.rs:250:5
    note: Some details are omitted, run with `RUST_BACKTRACE=full` for a verbose backtrace.

        FAIL [   0.126s] (362/744) fq tests::l4s::l4s_prague
  stdout ───

    running 1 test
    test tests::l4s::l4s_prague ... FAILED

    failures:

    failures:
        tests::l4s::l4s_prague

    test result: FAILED. 0 passed; 1 failed; 0 ignored; 0 measured; 743 filtered out; finished in 0.09s

  stderr ───

    thread 'tests::l4s::l4s_prague' (25055) panicked at src/tests/l4s.rs:162:53:
    prague cc algo
    stack backtrace:
       0: __rustc::rust_begin_unwind
                 at /rustc/e408947bfd200af42db322daf0fadfe7e26d3bd1/library/std/src/panicking.rs:689:5
       1: core::panicking::panic_fmt
                 at /rustc/e408947bfd200af42db322daf0fadfe7e26d3bd1/library/core/src/panicking.rs:80:14
       2: core::panicking::panic_display
                 at /rustc/e408947bfd200af42db322daf0fadfe7e26d3bd1/library/core/src/panicking.rs:259:5
       3: core::option::expect_failed
                 at /rustc/e408947bfd200af42db322daf0fadfe7e26d3bd1/library/core/src/option.rs:2208:5
       4: core::option::Option<T>::expect
                 at /rustc/e408947bfd200af42db322daf0fadfe7e26d3bd1/library/core/src/option.rs:971:21
       5: fq::tests::l4s::l4s_prague
                 at ./src/tests/l4s.rs:162:53
       6: fq::tests::l4s::l4s_prague::{{closure}}
                 at ./src/tests/l4s.rs:161:16
       7: core::ops::function::FnOnce::call_once
                 at /rustc/e408947bfd200af42db322daf0fadfe7e26d3bd1/library/core/src/ops/function.rs:250:5
       8: core::ops::function::FnOnce::call_once
                 at /rustc/e408947bfd200af42db322daf0fadfe7e26d3bd1/library/core/src/ops/function.rs:250:5
    note: Some details are omitted, run with `RUST_BACKTRACE=full` for a verbose backtrace.

        FAIL [   0.144s] (363/744) fq tests::l4s::l4s_reno
  stdout ───

    running 1 test
    test tests::l4s::l4s_reno ... FAILED

    failures:

    failures:
        tests::l4s::l4s_reno

    test result: FAILED. 0 passed; 1 failed; 0 ignored; 0 measured; 743 filtered out; finished in 0.11s

  stderr ───

    thread 'tests::l4s::l4s_reno' (25106) panicked at src/tests/l4s.rs:155:54:
    newreno cc algo
    stack backtrace:
       0: __rustc::rust_begin_unwind
                 at /rustc/e408947bfd200af42db322daf0fadfe7e26d3bd1/library/std/src/panicking.rs:689:5
       1: core::panicking::panic_fmt
                 at /rustc/e408947bfd200af42db322daf0fadfe7e26d3bd1/library/core/src/panicking.rs:80:14
       2: core::panicking::panic_display
                 at /rustc/e408947bfd200af42db322daf0fadfe7e26d3bd1/library/core/src/panicking.rs:259:5
       3: core::option::expect_failed
                 at /rustc/e408947bfd200af42db322daf0fadfe7e26d3bd1/library/core/src/option.rs:2208:5
       4: core::option::Option<T>::expect
                 at /rustc/e408947bfd200af42db322daf0fadfe7e26d3bd1/library/core/src/option.rs:971:21
       5: fq::tests::l4s::l4s_reno
                 at ./src/tests/l4s.rs:155:54
       6: fq::tests::l4s::l4s_reno::{{closure}}
                 at ./src/tests/l4s.rs:154:14
       7: core::ops::function::FnOnce::call_once
                 at /rustc/e408947bfd200af42db322daf0fadfe7e26d3bd1/library/core/src/ops/function.rs:250:5
       8: core::ops::function::FnOnce::call_once
                 at /rustc/e408947bfd200af42db322daf0fadfe7e26d3bd1/library/core/src/ops/function.rs:250:5
    note: Some details are omitted, run with `RUST_BACKTRACE=full` for a verbose backtrace.

        FAIL [   0.162s] (364/744) fq tests::l4s::l4s_prague_updown
  stdout ───

    running 1 test
    test tests::l4s::l4s_prague_updown ... FAILED

    failures:

    failures:
        tests::l4s::l4s_prague_updown

    test result: FAILED. 0 passed; 1 failed; 0 ignored; 0 measured; 743 filtered out; finished in 0.12s

  stderr ───

    thread 'tests::l4s::l4s_prague_updown' (25098) panicked at src/tests/l4s.rs:131:6:
    tls_api_one_scenario_body_ex: Generic
    stack backtrace:
       0: __rustc::rust_begin_unwind
                 at /rustc/e408947bfd200af42db322daf0fadfe7e26d3bd1/library/std/src/panicking.rs:689:5
       1: core::panicking::panic_fmt
                 at /rustc/e408947bfd200af42db322daf0fadfe7e26d3bd1/library/core/src/panicking.rs:80:14
       2: core::result::unwrap_failed
                 at /rustc/e408947bfd200af42db322daf0fadfe7e26d3bd1/library/core/src/result.rs:1867:5
       3: core::result::Result<T,E>::expect
                 at /rustc/e408947bfd200af42db322daf0fadfe7e26d3bd1/library/core/src/result.rs:1185:23
       4: fq::tests::l4s::l4s_congestion_test
                 at ./src/tests/l4s.rs:131:6
       5: fq::tests::l4s::l4s_prague_updown
                 at ./src/tests/l4s.rs:172:5
       6: fq::tests::l4s::l4s_prague_updown::{{closure}}
                 at ./src/tests/l4s.rs:169:23
       7: core::ops::function::FnOnce::call_once
                 at /rustc/e408947bfd200af42db322daf0fadfe7e26d3bd1/library/core/src/ops/function.rs:250:5
       8: core::ops::function::FnOnce::call_once
                 at /rustc/e408947bfd200af42db322daf0fadfe7e26d3bd1/library/core/src/ops/function.rs:250:5
    note: Some details are omitted, run with `RUST_BACKTRACE=full` for a verbose backtrace.

        FAIL [   0.143s] (365/744) fq tests::mediatest::mediatest_no_coal
  stdout ───

    running 1 test
    test tests::mediatest::mediatest_no_coal ... FAILED

    failures:

    failures:
        tests::mediatest::mediatest_no_coal

    test result: FAILED. 0 passed; 1 failed; 0 ignored; 0 measured; 743 filtered out; finished in 0.12s

  stderr ───

    thread 'tests::mediatest::mediatest_no_coal' (25117) panicked at src/tests/mediatest.rs:1560:47:
    mediatest_no_coal: Generic
    stack backtrace:
       0: __rustc::rust_begin_unwind
                 at /rustc/e408947bfd200af42db322daf0fadfe7e26d3bd1/library/std/src/panicking.rs:689:5
       1: core::panicking::panic_fmt
                 at /rustc/e408947bfd200af42db322daf0fadfe7e26d3bd1/library/core/src/panicking.rs:80:14
       2: core::result::unwrap_failed
                 at /rustc/e408947bfd200af42db322daf0fadfe7e26d3bd1/library/core/src/result.rs:1867:5
       3: core::result::Result<T,E>::expect
                 at /rustc/e408947bfd200af42db322daf0fadfe7e26d3bd1/library/core/src/result.rs:1185:23
       4: fq::tests::mediatest::mediatest_no_coal
                 at ./src/tests/mediatest.rs:1560:47
       5: fq::tests::mediatest::mediatest_no_coal::{{closure}}
                 at ./src/tests/mediatest.rs:1550:23
       6: core::ops::function::FnOnce::call_once
                 at /rustc/e408947bfd200af42db322daf0fadfe7e26d3bd1/library/core/src/ops/function.rs:250:5
       7: core::ops::function::FnOnce::call_once
                 at /rustc/e408947bfd200af42db322daf0fadfe7e26d3bd1/library/core/src/ops/function.rs:250:5
    note: Some details are omitted, run with `RUST_BACKTRACE=full` for a verbose backtrace.

        FAIL [   0.136s] (366/744) fq tests::mediatest::mediatest_suspension
  stdout ───

    running 1 test
    test tests::mediatest::mediatest_suspension ... FAILED

    failures:

    failures:
        tests::mediatest::mediatest_suspension

    test result: FAILED. 0 passed; 1 failed; 0 ignored; 0 measured; 743 filtered out; finished in 0.11s

  stderr ───

    thread 'tests::mediatest::mediatest_suspension' (25136) panicked at src/tests/mediatest.rs:1582:51:
    mediatest_suspension: Generic
    stack backtrace:
       0: __rustc::rust_begin_unwind
                 at /rustc/e408947bfd200af42db322daf0fadfe7e26d3bd1/library/std/src/panicking.rs:689:5
       1: core::panicking::panic_fmt
                 at /rustc/e408947bfd200af42db322daf0fadfe7e26d3bd1/library/core/src/panicking.rs:80:14
       2: core::result::unwrap_failed
                 at /rustc/e408947bfd200af42db322daf0fadfe7e26d3bd1/library/core/src/result.rs:1867:5
       3: core::result::Result<T,E>::expect
                 at /rustc/e408947bfd200af42db322daf0fadfe7e26d3bd1/library/core/src/result.rs:1185:23
       4: fq::tests::mediatest::mediatest_suspension
                 at ./src/tests/mediatest.rs:1582:51
       5: fq::tests::mediatest::mediatest_suspension::{{closure}}
                 at ./src/tests/mediatest.rs:1566:26
       6: core::ops::function::FnOnce::call_once
                 at /rustc/e408947bfd200af42db322daf0fadfe7e26d3bd1/library/core/src/ops/function.rs:250:5
       7: core::ops::function::FnOnce::call_once
                 at /rustc/e408947bfd200af42db322daf0fadfe7e26d3bd1/library/core/src/ops/function.rs:250:5
    note: Some details are omitted, run with `RUST_BACKTRACE=full` for a verbose backtrace.

        FAIL [   0.138s] (367/744) fq tests::mediatest::mediatest_video
  stdout ───

    running 1 test
    test tests::mediatest::mediatest_video ... FAILED

    failures:

    failures:
        tests::mediatest::mediatest_video

    test result: FAILED. 0 passed; 1 failed; 0 ignored; 0 measured; 743 filtered out; finished in 0.11s

  stderr ───

    thread 'tests::mediatest::mediatest_video' (25228) panicked at src/tests/mediatest.rs:1426:46:
    mediatest_video: Generic
    stack backtrace:
       0: __rustc::rust_begin_unwind
                 at /rustc/e408947bfd200af42db322daf0fadfe7e26d3bd1/library/std/src/panicking.rs:689:5
       1: core::panicking::panic_fmt
                 at /rustc/e408947bfd200af42db322daf0fadfe7e26d3bd1/library/core/src/panicking.rs:80:14
       2: core::result::unwrap_failed
                 at /rustc/e408947bfd200af42db322daf0fadfe7e26d3bd1/library/core/src/result.rs:1867:5
       3: core::result::Result<T,E>::expect
                 at /rustc/e408947bfd200af42db322daf0fadfe7e26d3bd1/library/core/src/result.rs:1185:23
       4: fq::tests::mediatest::mediatest_video
                 at ./src/tests/mediatest.rs:1426:46
       5: fq::tests::mediatest::mediatest_video::{{closure}}
                 at ./src/tests/mediatest.rs:1419:21
       6: core::ops::function::FnOnce::call_once
                 at /rustc/e408947bfd200af42db322daf0fadfe7e26d3bd1/library/core/src/ops/function.rs:250:5
       7: core::ops::function::FnOnce::call_once
                 at /rustc/e408947bfd200af42db322daf0fadfe7e26d3bd1/library/core/src/ops/function.rs:250:5
    note: Some details are omitted, run with `RUST_BACKTRACE=full` for a verbose backtrace.

        FAIL [   0.138s] (368/744) fq tests::mediatest::mediatest_video2_back
  stdout ───

    running 1 test
    test tests::mediatest::mediatest_video2_back ... FAILED

    failures:

    failures:
        tests::mediatest::mediatest_video2_back

    test result: FAILED. 0 passed; 1 failed; 0 ignored; 0 measured; 743 filtered out; finished in 0.12s

  stderr ───

    thread 'tests::mediatest::mediatest_video2_back' (25229) panicked at src/tests/mediatest.rs:1489:51:
    mediatest_video2_back: Generic
    stack backtrace:
       0: __rustc::rust_begin_unwind
                 at /rustc/e408947bfd200af42db322daf0fadfe7e26d3bd1/library/std/src/panicking.rs:689:5
       1: core::panicking::panic_fmt
                 at /rustc/e408947bfd200af42db322daf0fadfe7e26d3bd1/library/core/src/panicking.rs:80:14
       2: core::result::unwrap_failed
                 at /rustc/e408947bfd200af42db322daf0fadfe7e26d3bd1/library/core/src/result.rs:1867:5
       3: core::result::Result<T,E>::expect
                 at /rustc/e408947bfd200af42db322daf0fadfe7e26d3bd1/library/core/src/result.rs:1185:23
       4: fq::tests::mediatest::mediatest_video2_back
                 at ./src/tests/mediatest.rs:1489:51
       5: fq::tests::mediatest::mediatest_video2_back::{{closure}}
                 at ./src/tests/mediatest.rs:1477:27
       6: core::ops::function::FnOnce::call_once
                 at /rustc/e408947bfd200af42db322daf0fadfe7e26d3bd1/library/core/src/ops/function.rs:250:5
       7: core::ops::function::FnOnce::call_once
                 at /rustc/e408947bfd200af42db322daf0fadfe7e26d3bd1/library/core/src/ops/function.rs:250:5
    note: Some details are omitted, run with `RUST_BACKTRACE=full` for a verbose backtrace.

        FAIL [   0.165s] (369/744) fq tests::mediatest::mediatest_suspension2
  stdout ───

    running 1 test
    test tests::mediatest::mediatest_suspension2 ... FAILED

    failures:

    failures:
        tests::mediatest::mediatest_suspension2

    test result: FAILED. 0 passed; 1 failed; 0 ignored; 0 measured; 743 filtered out; finished in 0.13s

  stderr ───

    thread 'tests::mediatest::mediatest_suspension2' (25227) panicked at src/tests/mediatest.rs:1601:52:
    mediatest_suspension2: Generic
    stack backtrace:
       0: __rustc::rust_begin_unwind
                 at /rustc/e408947bfd200af42db322daf0fadfe7e26d3bd1/library/std/src/panicking.rs:689:5
       1: core::panicking::panic_fmt
                 at /rustc/e408947bfd200af42db322daf0fadfe7e26d3bd1/library/core/src/panicking.rs:80:14
       2: core::result::unwrap_failed
                 at /rustc/e408947bfd200af42db322daf0fadfe7e26d3bd1/library/core/src/result.rs:1867:5
       3: core::result::Result<T,E>::expect
                 at /rustc/e408947bfd200af42db322daf0fadfe7e26d3bd1/library/core/src/result.rs:1185:23
       4: fq::tests::mediatest::mediatest_suspension2
                 at ./src/tests/mediatest.rs:1601:52
       5: fq::tests::mediatest::mediatest_suspension2::{{closure}}
                 at ./src/tests/mediatest.rs:1588:27
       6: core::ops::function::FnOnce::call_once
                 at /rustc/e408947bfd200af42db322daf0fadfe7e26d3bd1/library/core/src/ops/function.rs:250:5
       7: core::ops::function::FnOnce::call_once
                 at /rustc/e408947bfd200af42db322daf0fadfe7e26d3bd1/library/core/src/ops/function.rs:250:5
    note: Some details are omitted, run with `RUST_BACKTRACE=full` for a verbose backtrace.

        FAIL [   0.168s] (370/744) fq tests::mediatest::mediatest_video2_down
  stdout ───

    running 1 test
    test tests::mediatest::mediatest_video2_down ... FAILED

    failures:

    failures:
        tests::mediatest::mediatest_video2_down

    test result: FAILED. 0 passed; 1 failed; 0 ignored; 0 measured; 743 filtered out; finished in 0.13s

  stderr ───

    thread 'tests::mediatest::mediatest_video2_down' (25249) panicked at src/tests/mediatest.rs:1471:51:
    mediatest_video2_down: Generic
    stack backtrace:
       0: __rustc::rust_begin_unwind
                 at /rustc/e408947bfd200af42db322daf0fadfe7e26d3bd1/library/std/src/panicking.rs:689:5
       1: core::panicking::panic_fmt
                 at /rustc/e408947bfd200af42db322daf0fadfe7e26d3bd1/library/core/src/panicking.rs:80:14
       2: core::result::unwrap_failed
                 at /rustc/e408947bfd200af42db322daf0fadfe7e26d3bd1/library/core/src/result.rs:1867:5
       3: core::result::Result<T,E>::expect
                 at /rustc/e408947bfd200af42db322daf0fadfe7e26d3bd1/library/core/src/result.rs:1185:23
       4: fq::tests::mediatest::mediatest_video2_down
                 at ./src/tests/mediatest.rs:1471:51
       5: fq::tests::mediatest::mediatest_video2_down::{{closure}}
                 at ./src/tests/mediatest.rs:1459:27
       6: core::ops::function::FnOnce::call_once
                 at /rustc/e408947bfd200af42db322daf0fadfe7e26d3bd1/library/core/src/ops/function.rs:250:5
       7: core::ops::function::FnOnce::call_once
                 at /rustc/e408947bfd200af42db322daf0fadfe7e26d3bd1/library/core/src/ops/function.rs:250:5
    note: Some details are omitted, run with `RUST_BACKTRACE=full` for a verbose backtrace.

        FAIL [   0.134s] (371/744) fq tests::mediatest::mediatest_video2_probe
  stdout ───

    running 1 test
    test tests::mediatest::mediatest_video2_probe ... FAILED

    failures:

    failures:
        tests::mediatest::mediatest_video2_probe

    test result: FAILED. 0 passed; 1 failed; 0 ignored; 0 measured; 743 filtered out; finished in 0.11s

  stderr ───

    thread 'tests::mediatest::mediatest_video2_probe' (25328) panicked at src/tests/mediatest.rs:1506:52:
    mediatest_video2_probe: Generic
    stack backtrace:
       0: __rustc::rust_begin_unwind
                 at /rustc/e408947bfd200af42db322daf0fadfe7e26d3bd1/library/std/src/panicking.rs:689:5
       1: core::panicking::panic_fmt
                 at /rustc/e408947bfd200af42db322daf0fadfe7e26d3bd1/library/core/src/panicking.rs:80:14
       2: core::result::unwrap_failed
                 at /rustc/e408947bfd200af42db322daf0fadfe7e26d3bd1/library/core/src/result.rs:1867:5
       3: core::result::Result<T,E>::expect
                 at /rustc/e408947bfd200af42db322daf0fadfe7e26d3bd1/library/core/src/result.rs:1185:23
       4: fq::tests::mediatest::mediatest_video2_probe
                 at ./src/tests/mediatest.rs:1506:52
       5: fq::tests::mediatest::mediatest_video2_probe::{{closure}}
                 at ./src/tests/mediatest.rs:1494:28
       6: core::ops::function::FnOnce::call_once
                 at /rustc/e408947bfd200af42db322daf0fadfe7e26d3bd1/library/core/src/ops/function.rs:250:5
       7: core::ops::function::FnOnce::call_once
                 at /rustc/e408947bfd200af42db322daf0fadfe7e26d3bd1/library/core/src/ops/function.rs:250:5
    note: Some details are omitted, run with `RUST_BACKTRACE=full` for a verbose backtrace.

        FAIL [   0.133s] (372/744) fq tests::mediatest::mediatest_video_audio
  stdout ───

    running 1 test
    test tests::mediatest::mediatest_video_audio ... FAILED

    failures:

    failures:
        tests::mediatest::mediatest_video_audio

    test result: FAILED. 0 passed; 1 failed; 0 ignored; 0 measured; 743 filtered out; finished in 0.11s

  stderr ───

    thread 'tests::mediatest::mediatest_video_audio' (25332) panicked at src/tests/mediatest.rs:1439:51:
    mediatest_video_audio: Generic
    stack backtrace:
       0: __rustc::rust_begin_unwind
                 at /rustc/e408947bfd200af42db322daf0fadfe7e26d3bd1/library/std/src/panicking.rs:689:5
       1: core::panicking::panic_fmt
                 at /rustc/e408947bfd200af42db322daf0fadfe7e26d3bd1/library/core/src/panicking.rs:80:14
       2: core::result::unwrap_failed
                 at /rustc/e408947bfd200af42db322daf0fadfe7e26d3bd1/library/core/src/result.rs:1867:5
       3: core::result::Result<T,E>::expect
                 at /rustc/e408947bfd200af42db322daf0fadfe7e26d3bd1/library/core/src/result.rs:1185:23
       4: fq::tests::mediatest::mediatest_video_audio
                 at ./src/tests/mediatest.rs:1439:51
       5: fq::tests::mediatest::mediatest_video_audio::{{closure}}
                 at ./src/tests/mediatest.rs:1431:27
       6: core::ops::function::FnOnce::call_once
                 at /rustc/e408947bfd200af42db322daf0fadfe7e26d3bd1/library/core/src/ops/function.rs:250:5
       7: core::ops::function::FnOnce::call_once
                 at /rustc/e408947bfd200af42db322daf0fadfe7e26d3bd1/library/core/src/ops/function.rs:250:5
    note: Some details are omitted, run with `RUST_BACKTRACE=full` for a verbose backtrace.

        FAIL [   0.137s] (373/744) fq tests::mediatest::mediatest_video_data_audio
  stdout ───

    running 1 test
    test tests::mediatest::mediatest_video_data_audio ... FAILED

    failures:

    failures:
        tests::mediatest::mediatest_video_data_audio

    test result: FAILED. 0 passed; 1 failed; 0 ignored; 0 measured; 743 filtered out; finished in 0.10s

  stderr ───

    thread 'tests::mediatest::mediatest_video_data_audio' (25355) panicked at src/tests/mediatest.rs:1453:55:
    mediatest_video_data_audio: Generic
    stack backtrace:
       0: __rustc::rust_begin_unwind
                 at /rustc/e408947bfd200af42db322daf0fadfe7e26d3bd1/library/std/src/panicking.rs:689:5
       1: core::panicking::panic_fmt
                 at /rustc/e408947bfd200af42db322daf0fadfe7e26d3bd1/library/core/src/panicking.rs:80:14
       2: core::result::unwrap_failed
                 at /rustc/e408947bfd200af42db322daf0fadfe7e26d3bd1/library/core/src/result.rs:1867:5
       3: core::result::Result<T,E>::expect
                 at /rustc/e408947bfd200af42db322daf0fadfe7e26d3bd1/library/core/src/result.rs:1185:23
       4: fq::tests::mediatest::mediatest_video_data_audio
                 at ./src/tests/mediatest.rs:1453:55
       5: fq::tests::mediatest::mediatest_video_data_audio::{{closure}}
                 at ./src/tests/mediatest.rs:1444:32
       6: core::ops::function::FnOnce::call_once
                 at /rustc/e408947bfd200af42db322daf0fadfe7e26d3bd1/library/core/src/ops/function.rs:250:5
       7: core::ops::function::FnOnce::call_once
                 at /rustc/e408947bfd200af42db322daf0fadfe7e26d3bd1/library/core/src/ops/function.rs:250:5
    note: Some details are omitted, run with `RUST_BACKTRACE=full` for a verbose backtrace.

        FAIL [   0.141s] (374/744) fq tests::mediatest::mediatest_wifi
  stdout ───

    running 1 test
    test tests::mediatest::mediatest_wifi ... FAILED

    failures:

    failures:
        tests::mediatest::mediatest_wifi

    test result: FAILED. 0 passed; 1 failed; 0 ignored; 0 measured; 743 filtered out; finished in 0.11s

  stderr ───

    thread 'tests::mediatest::mediatest_wifi' (25384) panicked at src/tests/mediatest.rs:1530:45:
    mediatest_wifi: Generic
    stack backtrace:
       0: __rustc::rust_begin_unwind
                 at /rustc/e408947bfd200af42db322daf0fadfe7e26d3bd1/library/std/src/panicking.rs:689:5
       1: core::panicking::panic_fmt
                 at /rustc/e408947bfd200af42db322daf0fadfe7e26d3bd1/library/core/src/panicking.rs:80:14
       2: core::result::unwrap_failed
                 at /rustc/e408947bfd200af42db322daf0fadfe7e26d3bd1/library/core/src/result.rs:1867:5
       3: core::result::Result<T,E>::expect
                 at /rustc/e408947bfd200af42db322daf0fadfe7e26d3bd1/library/core/src/result.rs:1185:23
       4: fq::tests::mediatest::mediatest_wifi
                 at ./src/tests/mediatest.rs:1530:45
       5: fq::tests::mediatest::mediatest_wifi::{{closure}}
                 at ./src/tests/mediatest.rs:1512:20
       6: core::ops::function::FnOnce::call_once
                 at /rustc/e408947bfd200af42db322daf0fadfe7e26d3bd1/library/core/src/ops/function.rs:250:5
       7: core::ops::function::FnOnce::call_once
                 at /rustc/e408947bfd200af42db322daf0fadfe7e26d3bd1/library/core/src/ops/function.rs:250:5
    note: Some details are omitted, run with `RUST_BACKTRACE=full` for a verbose backtrace.

        PASS [   0.008s] (375/744) fq tests::minicrypto::minicrypto_is_last
        FAIL [   0.114s] (376/744) fq tests::mediatest::mediatest_worst
  stdout ───

    running 1 test
    test tests::mediatest::mediatest_worst ... FAILED

    failures:

    failures:
        tests::mediatest::mediatest_worst

    test result: FAILED. 0 passed; 1 failed; 0 ignored; 0 measured; 743 filtered out; finished in 0.10s

  stderr ───

    thread 'tests::mediatest::mediatest_worst' (25442) panicked at src/tests/mediatest.rs:1544:46:
    mediatest_worst: Generic
    stack backtrace:
       0: __rustc::rust_begin_unwind
                 at /rustc/e408947bfd200af42db322daf0fadfe7e26d3bd1/library/std/src/panicking.rs:689:5
       1: core::panicking::panic_fmt
                 at /rustc/e408947bfd200af42db322daf0fadfe7e26d3bd1/library/core/src/panicking.rs:80:14
       2: core::result::unwrap_failed
                 at /rustc/e408947bfd200af42db322daf0fadfe7e26d3bd1/library/core/src/result.rs:1867:5
       3: core::result::Result<T,E>::expect
                 at /rustc/e408947bfd200af42db322daf0fadfe7e26d3bd1/library/core/src/result.rs:1185:23
       4: fq::tests::mediatest::mediatest_worst
                 at ./src/tests/mediatest.rs:1544:46
       5: fq::tests::mediatest::mediatest_worst::{{closure}}
                 at ./src/tests/mediatest.rs:1535:21
       6: core::ops::function::FnOnce::call_once
                 at /rustc/e408947bfd200af42db322daf0fadfe7e26d3bd1/library/core/src/ops/function.rs:250:5
       7: core::ops::function::FnOnce::call_once
                 at /rustc/e408947bfd200af42db322daf0fadfe7e26d3bd1/library/core/src/ops/function.rs:250:5
    note: Some details are omitted, run with `RUST_BACKTRACE=full` for a verbose backtrace.

        FAIL [   0.119s] (377/744) fq tests::memlog::memlog
  stdout ───

    running 1 test
    test tests::memlog::memlog ... FAILED

    failures:

    failures:
        tests::memlog::memlog

    test result: FAILED. 0 passed; 1 failed; 0 ignored; 0 measured; 743 filtered out; finished in 0.10s

  stderr ───

    thread 'tests::memlog::memlog' (25443) panicked at src/tests/memlog.rs:126:16:
    memlog scenario: Generic
    stack backtrace:
       0: __rustc::rust_begin_unwind
                 at /rustc/e408947bfd200af42db322daf0fadfe7e26d3bd1/library/std/src/panicking.rs:689:5
       1: core::panicking::panic_fmt
                 at /rustc/e408947bfd200af42db322daf0fadfe7e26d3bd1/library/core/src/panicking.rs:80:14
       2: core::result::unwrap_failed
                 at /rustc/e408947bfd200af42db322daf0fadfe7e26d3bd1/library/core/src/result.rs:1867:5
       3: core::result::Result<T,E>::expect
                 at /rustc/e408947bfd200af42db322daf0fadfe7e26d3bd1/library/core/src/result.rs:1185:23
       4: fq::tests::memlog::memlog_test_one
                 at ./src/tests/memlog.rs:126:16
       5: fq::tests::memlog::memlog
                 at ./src/tests/memlog.rs:138:5
       6: fq::tests::memlog::memlog::{{closure}}
                 at ./src/tests/memlog.rs:137:12
       7: core::ops::function::FnOnce::call_once
                 at /rustc/e408947bfd200af42db322daf0fadfe7e26d3bd1/library/core/src/ops/function.rs:250:5
       8: core::ops::function::FnOnce::call_once
                 at /rustc/e408947bfd200af42db322daf0fadfe7e26d3bd1/library/core/src/ops/function.rs:250:5
    note: Some details are omitted, run with `RUST_BACKTRACE=full` for a verbose backtrace.

        FAIL [   0.142s] (378/744) fq tests::minicrypto::minicrypto
  stdout ───

    running 1 test
    test tests::minicrypto::minicrypto ... FAILED

    failures:

    failures:
        tests::minicrypto::minicrypto

    test result: FAILED. 0 passed; 1 failed; 0 ignored; 0 measured; 743 filtered out; finished in 0.11s

  stderr ───
    DBG: init_master_tls_context failed: InvalidFile cert=None key=None root=Some("/home/user/picoquic/rs/fq/../../certs/test-ca.crt")
    DBG: qclient Quic::new failed, ticket_file=None

    thread 'tests::minicrypto::minicrypto' (25449) panicked at src/tests/minicrypto.rs:50:6:
    tls_api_init_ctx_ex2
    stack backtrace:
       0: __rustc::rust_begin_unwind
                 at /rustc/e408947bfd200af42db322daf0fadfe7e26d3bd1/library/std/src/panicking.rs:689:5
       1: core::panicking::panic_fmt
                 at /rustc/e408947bfd200af42db322daf0fadfe7e26d3bd1/library/core/src/panicking.rs:80:14
       2: core::panicking::panic_display
                 at /rustc/e408947bfd200af42db322daf0fadfe7e26d3bd1/library/core/src/panicking.rs:259:5
       3: core::option::expect_failed
                 at /rustc/e408947bfd200af42db322daf0fadfe7e26d3bd1/library/core/src/option.rs:2208:5
       4: core::option::Option<T>::expect
                 at /rustc/e408947bfd200af42db322daf0fadfe7e26d3bd1/library/core/src/option.rs:971:21
       5: fq::tests::minicrypto::minicrypto
                 at ./src/tests/minicrypto.rs:50:6
       6: fq::tests::minicrypto::minicrypto::{{closure}}
                 at ./src/tests/minicrypto.rs:31:16
       7: core::ops::function::FnOnce::call_once
                 at /rustc/e408947bfd200af42db322daf0fadfe7e26d3bd1/library/core/src/ops/function.rs:250:5
       8: core::ops::function::FnOnce::call_once
                 at /rustc/e408947bfd200af42db322daf0fadfe7e26d3bd1/library/core/src/ops/function.rs:250:5
    note: Some details are omitted, run with `RUST_BACKTRACE=full` for a verbose backtrace.

        FAIL [   0.135s] (379/744) fq tests::multipath::migration_controlled
  stdout ───

    running 1 test
    test tests::multipath::migration_controlled ... FAILED

    failures:

    failures:
        tests::multipath::migration_controlled

    test result: FAILED. 0 passed; 1 failed; 0 ignored; 0 measured; 743 filtered out; finished in 0.12s

  stderr ───

    thread 'tests::multipath::migration_controlled' (25453) panicked at src/tests/multipath.rs:217:70:
    client ready: Generic
    stack backtrace:
       0: __rustc::rust_begin_unwind
                 at /rustc/e408947bfd200af42db322daf0fadfe7e26d3bd1/library/std/src/panicking.rs:689:5
       1: core::panicking::panic_fmt
                 at /rustc/e408947bfd200af42db322daf0fadfe7e26d3bd1/library/core/src/panicking.rs:80:14
       2: core::result::unwrap_failed
                 at /rustc/e408947bfd200af42db322daf0fadfe7e26d3bd1/library/core/src/result.rs:1867:5
       3: core::result::Result<T,E>::expect
                 at /rustc/e408947bfd200af42db322daf0fadfe7e26d3bd1/library/core/src/result.rs:1185:23
       4: fq::tests::multipath::migration_test_one
                 at ./src/tests/multipath.rs:217:70
       5: fq::tests::multipath::migration_controlled
                 at ./src/tests/multipath.rs:1502:5
       6: fq::tests::multipath::migration_controlled::{{closure}}
                 at ./src/tests/multipath.rs:1501:26
       7: core::ops::function::FnOnce::call_once
                 at /rustc/e408947bfd200af42db322daf0fadfe7e26d3bd1/library/core/src/ops/function.rs:250:5
       8: core::ops::function::FnOnce::call_once
                 at /rustc/e408947bfd200af42db322daf0fadfe7e26d3bd1/library/core/src/ops/function.rs:250:5
    note: Some details are omitted, run with `RUST_BACKTRACE=full` for a verbose backtrace.

        FAIL [   0.132s] (380/744) fq tests::multipath::migration_mtu_drop
  stdout ───

    running 1 test
    test tests::multipath::migration_mtu_drop ... FAILED

    failures:

    failures:
        tests::multipath::migration_mtu_drop

    test result: FAILED. 0 passed; 1 failed; 0 ignored; 0 measured; 743 filtered out; finished in 0.12s

  stderr ───

    thread 'tests::multipath::migration_mtu_drop' (25456) panicked at src/tests/multipath.rs:217:70:
    client ready: Generic
    stack backtrace:
       0: __rustc::rust_begin_unwind
                 at /rustc/e408947bfd200af42db322daf0fadfe7e26d3bd1/library/std/src/panicking.rs:689:5
       1: core::panicking::panic_fmt
                 at /rustc/e408947bfd200af42db322daf0fadfe7e26d3bd1/library/core/src/panicking.rs:80:14
       2: core::result::unwrap_failed
                 at /rustc/e408947bfd200af42db322daf0fadfe7e26d3bd1/library/core/src/result.rs:1867:5
       3: core::result::Result<T,E>::expect
                 at /rustc/e408947bfd200af42db322daf0fadfe7e26d3bd1/library/core/src/result.rs:1185:23
       4: fq::tests::multipath::migration_test_one
                 at ./src/tests/multipath.rs:217:70
       5: fq::tests::multipath::migration_mtu_drop
                 at ./src/tests/multipath.rs:1508:5
       6: fq::tests::multipath::migration_mtu_drop::{{closure}}
                 at ./src/tests/multipath.rs:1507:24
       7: core::ops::function::FnOnce::call_once
                 at /rustc/e408947bfd200af42db322daf0fadfe7e26d3bd1/library/core/src/ops/function.rs:250:5
       8: core::ops::function::FnOnce::call_once
                 at /rustc/e408947bfd200af42db322daf0fadfe7e26d3bd1/library/core/src/ops/function.rs:250:5
    note: Some details are omitted, run with `RUST_BACKTRACE=full` for a verbose backtrace.

        FAIL [   0.132s] (381/744) fq tests::multipath::monopath_0rtt
  stdout ───

    running 1 test
    test tests::multipath::monopath_0rtt ... FAILED

    failures:

    failures:
        tests::multipath::monopath_0rtt

    test result: FAILED. 0 passed; 1 failed; 0 ignored; 0 measured; 743 filtered out; finished in 0.11s

  stderr ───

    thread 'tests::multipath::monopath_0rtt' (25457) panicked at src/tests/multipath.rs:1518:29:
    monopath_0rtt: Generic
    stack backtrace:
       0: __rustc::rust_begin_unwind
                 at /rustc/e408947bfd200af42db322daf0fadfe7e26d3bd1/library/std/src/panicking.rs:689:5
       1: core::panicking::panic_fmt
                 at /rustc/e408947bfd200af42db322daf0fadfe7e26d3bd1/library/core/src/panicking.rs:80:14
       2: core::result::unwrap_failed
                 at /rustc/e408947bfd200af42db322daf0fadfe7e26d3bd1/library/core/src/result.rs:1867:5
       3: core::result::Result<T,E>::expect
                 at /rustc/e408947bfd200af42db322daf0fadfe7e26d3bd1/library/core/src/result.rs:1185:23
       4: fq::tests::multipath::monopath_0rtt
                 at ./src/tests/multipath.rs:1518:29
       5: fq::tests::multipath::monopath_0rtt::{{closure}}
                 at ./src/tests/multipath.rs:1513:19
       6: core::ops::function::FnOnce::call_once
                 at /rustc/e408947bfd200af42db322daf0fadfe7e26d3bd1/library/core/src/ops/function.rs:250:5
       7: core::ops::function::FnOnce::call_once
                 at /rustc/e408947bfd200af42db322daf0fadfe7e26d3bd1/library/core/src/ops/function.rs:250:5
    note: Some details are omitted, run with `RUST_BACKTRACE=full` for a verbose backtrace.

        FAIL [   0.135s] (382/744) fq tests::multipath::monopath_0rtt_2
  stdout ───

    running 1 test
    test tests::multipath::monopath_0rtt_2 ... FAILED

    failures:

    failures:
        tests::multipath::monopath_0rtt_2

    test result: FAILED. 0 passed; 1 failed; 0 ignored; 0 measured; 743 filtered out; finished in 0.11s

  stderr ───

    thread 'tests::multipath::monopath_0rtt_2' (25459) panicked at src/tests/multipath.rs:1528:29:
    monopath_0rtt_2: Generic
    stack backtrace:
       0: __rustc::rust_begin_unwind
                 at /rustc/e408947bfd200af42db322daf0fadfe7e26d3bd1/library/std/src/panicking.rs:689:5
       1: core::panicking::panic_fmt
                 at /rustc/e408947bfd200af42db322daf0fadfe7e26d3bd1/library/core/src/panicking.rs:80:14
       2: core::result::unwrap_failed
                 at /rustc/e408947bfd200af42db322daf0fadfe7e26d3bd1/library/core/src/result.rs:1867:5
       3: core::result::Result<T,E>::expect
                 at /rustc/e408947bfd200af42db322daf0fadfe7e26d3bd1/library/core/src/result.rs:1185:23
       4: fq::tests::multipath::monopath_0rtt_2
                 at ./src/tests/multipath.rs:1528:29
       5: fq::tests::multipath::monopath_0rtt_2::{{closure}}
                 at ./src/tests/multipath.rs:1523:21
       6: core::ops::function::FnOnce::call_once
                 at /rustc/e408947bfd200af42db322daf0fadfe7e26d3bd1/library/core/src/ops/function.rs:250:5
       7: core::ops::function::FnOnce::call_once
                 at /rustc/e408947bfd200af42db322daf0fadfe7e26d3bd1/library/core/src/ops/function.rs:250:5
    note: Some details are omitted, run with `RUST_BACKTRACE=full` for a verbose backtrace.

        FAIL [   0.133s] (383/744) fq tests::multipath::monopath_0rtt_loss
  stdout ───

    running 1 test
    test tests::multipath::monopath_0rtt_loss ... FAILED

    failures:

    failures:
        tests::multipath::monopath_0rtt_loss

    test result: FAILED. 0 passed; 1 failed; 0 ignored; 0 measured; 743 filtered out; finished in 0.11s

  stderr ───

    thread 'tests::multipath::monopath_0rtt_loss' (25461) panicked at src/tests/multipath.rs:1541:33:
    monopath_0rtt_loss fails at packet #1
    stack backtrace:
       0: __rustc::rust_begin_unwind
                 at /rustc/e408947bfd200af42db322daf0fadfe7e26d3bd1/library/std/src/panicking.rs:689:5
       1: core::panicking::panic_fmt
                 at /rustc/e408947bfd200af42db322daf0fadfe7e26d3bd1/library/core/src/panicking.rs:80:14
       2: fq::tests::multipath::monopath_0rtt_loss::{{closure}}
                 at ./src/tests/multipath.rs:1541:33
       3: core::result::Result<T,E>::unwrap_or_else
                 at /rustc/e408947bfd200af42db322daf0fadfe7e26d3bd1/library/core/src/result.rs:1622:23
       4: fq::tests::multipath::monopath_0rtt_loss
                 at ./src/tests/multipath.rs:1541:14
       5: fq::tests::multipath::monopath_0rtt_loss::{{closure}}
                 at ./src/tests/multipath.rs:1533:24
       6: core::ops::function::FnOnce::call_once
                 at /rustc/e408947bfd200af42db322daf0fadfe7e26d3bd1/library/core/src/ops/function.rs:250:5
       7: core::ops::function::FnOnce::call_once
                 at /rustc/e408947bfd200af42db322daf0fadfe7e26d3bd1/library/core/src/ops/function.rs:250:5
    note: Some details are omitted, run with `RUST_BACKTRACE=full` for a verbose backtrace.

        FAIL [   0.116s] (384/744) fq tests::multipath::monopath_basic
  stdout ───

    running 1 test
    test tests::multipath::monopath_basic ... FAILED

    failures:

    failures:
        tests::multipath::monopath_basic

    test result: FAILED. 0 passed; 1 failed; 0 ignored; 0 measured; 743 filtered out; finished in 0.10s

  stderr ───

    thread 'tests::multipath::monopath_basic' (25465) panicked at src/tests/multipath.rs:1464:10:
    body connect: Generic
    stack backtrace:
       0: __rustc::rust_begin_unwind
                 at /rustc/e408947bfd200af42db322daf0fadfe7e26d3bd1/library/std/src/panicking.rs:689:5
       1: core::panicking::panic_fmt
                 at /rustc/e408947bfd200af42db322daf0fadfe7e26d3bd1/library/core/src/panicking.rs:80:14
       2: core::result::unwrap_failed
                 at /rustc/e408947bfd200af42db322daf0fadfe7e26d3bd1/library/core/src/result.rs:1867:5
       3: core::result::Result<T,E>::expect
                 at /rustc/e408947bfd200af42db322daf0fadfe7e26d3bd1/library/core/src/result.rs:1185:23
       4: fq::tests::multipath::monopath_test_one
                 at ./src/tests/multipath.rs:1464:10
       5: fq::tests::multipath::monopath_basic
                 at ./src/tests/multipath.rs:1562:5
       6: fq::tests::multipath::monopath_basic::{{closure}}
                 at ./src/tests/multipath.rs:1561:20
       7: core::ops::function::FnOnce::call_once
                 at /rustc/e408947bfd200af42db322daf0fadfe7e26d3bd1/library/core/src/ops/function.rs:250:5
       8: core::ops::function::FnOnce::call_once
                 at /rustc/e408947bfd200af42db322daf0fadfe7e26d3bd1/library/core/src/ops/function.rs:250:5
    note: Some details are omitted, run with `RUST_BACKTRACE=full` for a verbose backtrace.

        FAIL [   0.127s] (385/744) fq tests::multipath::monopath_0rtt_loss_2
  stdout ───

    running 1 test
    test tests::multipath::monopath_0rtt_loss_2 ... FAILED

    failures:

    failures:
        tests::multipath::monopath_0rtt_loss_2

    test result: FAILED. 0 passed; 1 failed; 0 ignored; 0 measured; 743 filtered out; finished in 0.11s

  stderr ───

    thread 'tests::multipath::monopath_0rtt_loss_2' (25464) panicked at src/tests/multipath.rs:1555:33:
    monopath_0rtt_loss_2 fails at packet #1
    stack backtrace:
       0: __rustc::rust_begin_unwind
                 at /rustc/e408947bfd200af42db322daf0fadfe7e26d3bd1/library/std/src/panicking.rs:689:5
       1: core::panicking::panic_fmt
                 at /rustc/e408947bfd200af42db322daf0fadfe7e26d3bd1/library/core/src/panicking.rs:80:14
       2: fq::tests::multipath::monopath_0rtt_loss_2::{{closure}}
                 at ./src/tests/multipath.rs:1555:33
       3: core::result::Result<T,E>::unwrap_or_else
                 at /rustc/e408947bfd200af42db322daf0fadfe7e26d3bd1/library/core/src/result.rs:1622:23
       4: fq::tests::multipath::monopath_0rtt_loss_2
                 at ./src/tests/multipath.rs:1555:14
       5: fq::tests::multipath::monopath_0rtt_loss_2::{{closure}}
                 at ./src/tests/multipath.rs:1547:26
       6: core::ops::function::FnOnce::call_once
                 at /rustc/e408947bfd200af42db322daf0fadfe7e26d3bd1/library/core/src/ops/function.rs:250:5
       7: core::ops::function::FnOnce::call_once
                 at /rustc/e408947bfd200af42db322daf0fadfe7e26d3bd1/library/core/src/ops/function.rs:250:5
    note: Some details are omitted, run with `RUST_BACKTRACE=full` for a verbose backtrace.

        FAIL [   0.121s] (386/744) fq tests::multipath::monopath_hole
  stdout ───

    running 1 test
    test tests::multipath::monopath_hole ... FAILED

    failures:

    failures:
        tests::multipath::monopath_hole

    test result: FAILED. 0 passed; 1 failed; 0 ignored; 0 measured; 743 filtered out; finished in 0.10s

  stderr ───

    thread 'tests::multipath::monopath_hole' (25467) panicked at src/tests/multipath.rs:1464:10:
    body connect: Generic
    stack backtrace:
       0: __rustc::rust_begin_unwind
                 at /rustc/e408947bfd200af42db322daf0fadfe7e26d3bd1/library/std/src/panicking.rs:689:5
       1: core::panicking::panic_fmt
                 at /rustc/e408947bfd200af42db322daf0fadfe7e26d3bd1/library/core/src/panicking.rs:80:14
       2: core::result::unwrap_failed
                 at /rustc/e408947bfd200af42db322daf0fadfe7e26d3bd1/library/core/src/result.rs:1867:5
       3: core::result::Result<T,E>::expect
                 at /rustc/e408947bfd200af42db322daf0fadfe7e26d3bd1/library/core/src/result.rs:1185:23
       4: fq::tests::multipath::monopath_test_one
                 at ./src/tests/multipath.rs:1464:10
       5: fq::tests::multipath::monopath_hole
                 at ./src/tests/multipath.rs:1568:5
       6: fq::tests::multipath::monopath_hole::{{closure}}
                 at ./src/tests/multipath.rs:1567:19
       7: core::ops::function::FnOnce::call_once
                 at /rustc/e408947bfd200af42db322daf0fadfe7e26d3bd1/library/core/src/ops/function.rs:250:5
       8: core::ops::function::FnOnce::call_once
                 at /rustc/e408947bfd200af42db322daf0fadfe7e26d3bd1/library/core/src/ops/function.rs:250:5
    note: Some details are omitted, run with `RUST_BACKTRACE=full` for a verbose backtrace.

        FAIL [   0.117s] (387/744) fq tests::multipath::monopath_keep_alive
  stdout ───

    running 1 test
    test tests::multipath::monopath_keep_alive ... FAILED

    failures:

    failures:
        tests::multipath::monopath_keep_alive

    test result: FAILED. 0 passed; 1 failed; 0 ignored; 0 measured; 743 filtered out; finished in 0.10s

  stderr ───

    thread 'tests::multipath::monopath_keep_alive' (25469) panicked at src/tests/multipath.rs:1464:10:
    body connect: Generic
    stack backtrace:
       0: __rustc::rust_begin_unwind
                 at /rustc/e408947bfd200af42db322daf0fadfe7e26d3bd1/library/std/src/panicking.rs:689:5
       1: core::panicking::panic_fmt
                 at /rustc/e408947bfd200af42db322daf0fadfe7e26d3bd1/library/core/src/panicking.rs:80:14
       2: core::result::unwrap_failed
                 at /rustc/e408947bfd200af42db322daf0fadfe7e26d3bd1/library/core/src/result.rs:1867:5
       3: core::result::Result<T,E>::expect
                 at /rustc/e408947bfd200af42db322daf0fadfe7e26d3bd1/library/core/src/result.rs:1185:23
       4: fq::tests::multipath::monopath_test_one
                 at ./src/tests/multipath.rs:1464:10
       5: fq::tests::multipath::monopath_keep_alive
                 at ./src/tests/multipath.rs:1574:5
       6: fq::tests::multipath::monopath_keep_alive::{{closure}}
                 at ./src/tests/multipath.rs:1573:25
       7: core::ops::function::FnOnce::call_once
                 at /rustc/e408947bfd200af42db322daf0fadfe7e26d3bd1/library/core/src/ops/function.rs:250:5
       8: core::ops::function::FnOnce::call_once
                 at /rustc/e408947bfd200af42db322daf0fadfe7e26d3bd1/library/core/src/ops/function.rs:250:5
    note: Some details are omitted, run with `RUST_BACKTRACE=full` for a verbose backtrace.

        PASS [   0.009s] (388/744) fq tests::multipath::multipath_aead
        FAIL [   0.106s] (389/744) fq tests::multipath::multipath_ab1
  stdout ───

    running 1 test
    test tests::multipath::multipath_ab1 ... FAILED

    failures:

    failures:
        tests::multipath::multipath_ab1

    test result: FAILED. 0 passed; 1 failed; 0 ignored; 0 measured; 743 filtered out; finished in 0.09s

  stderr ───

    thread 'tests::multipath::multipath_ab1' (25473) panicked at src/tests/multipath.rs:1039:5:
    server connection not accepted during multipath handshake
    stack backtrace:
       0: __rustc::rust_begin_unwind
                 at /rustc/e408947bfd200af42db322daf0fadfe7e26d3bd1/library/std/src/panicking.rs:689:5
       1: core::panicking::panic_fmt
                 at /rustc/e408947bfd200af42db322daf0fadfe7e26d3bd1/library/core/src/panicking.rs:80:14
       2: fq::tests::multipath::multipath_test_one
                 at ./src/tests/multipath.rs:1039:5
       3: fq::tests::multipath::multipath_ab1
                 at ./src/tests/multipath.rs:1586:5
       4: fq::tests::multipath::multipath_ab1::{{closure}}
                 at ./src/tests/multipath.rs:1585:19
       5: core::ops::function::FnOnce::call_once
                 at /rustc/e408947bfd200af42db322daf0fadfe7e26d3bd1/library/core/src/ops/function.rs:250:5
       6: core::ops::function::FnOnce::call_once
                 at /rustc/e408947bfd200af42db322daf0fadfe7e26d3bd1/library/core/src/ops/function.rs:250:5
    note: Some details are omitted, run with `RUST_BACKTRACE=full` for a verbose backtrace.

        FAIL [   0.116s] (390/744) fq tests::multipath::monopath_rotation
  stdout ───

    running 1 test
    test tests::multipath::monopath_rotation ... FAILED

    failures:

    failures:
        tests::multipath::monopath_rotation

    test result: FAILED. 0 passed; 1 failed; 0 ignored; 0 measured; 743 filtered out; finished in 0.09s

  stderr ───

    thread 'tests::multipath::monopath_rotation' (25472) panicked at src/tests/multipath.rs:1464:10:
    body connect: Generic
    stack backtrace:
       0: __rustc::rust_begin_unwind
                 at /rustc/e408947bfd200af42db322daf0fadfe7e26d3bd1/library/std/src/panicking.rs:689:5
       1: core::panicking::panic_fmt
                 at /rustc/e408947bfd200af42db322daf0fadfe7e26d3bd1/library/core/src/panicking.rs:80:14
       2: core::result::unwrap_failed
                 at /rustc/e408947bfd200af42db322daf0fadfe7e26d3bd1/library/core/src/result.rs:1867:5
       3: core::result::Result<T,E>::expect
                 at /rustc/e408947bfd200af42db322daf0fadfe7e26d3bd1/library/core/src/result.rs:1185:23
       4: fq::tests::multipath::monopath_test_one
                 at ./src/tests/multipath.rs:1464:10
       5: fq::tests::multipath::monopath_rotation
                 at ./src/tests/multipath.rs:1580:5
       6: fq::tests::multipath::monopath_rotation::{{closure}}
                 at ./src/tests/multipath.rs:1579:23
       7: core::ops::function::FnOnce::call_once
                 at /rustc/e408947bfd200af42db322daf0fadfe7e26d3bd1/library/core/src/ops/function.rs:250:5
       8: core::ops::function::FnOnce::call_once
                 at /rustc/e408947bfd200af42db322daf0fadfe7e26d3bd1/library/core/src/ops/function.rs:250:5
    note: Some details are omitted, run with `RUST_BACKTRACE=full` for a verbose backtrace.

        FAIL [   0.110s] (391/744) fq tests::multipath::multipath_abandon
  stdout ───

    running 1 test
    test tests::multipath::multipath_abandon ... FAILED

    failures:

    failures:
        tests::multipath::multipath_abandon

    test result: FAILED. 0 passed; 1 failed; 0 ignored; 0 measured; 743 filtered out; finished in 0.09s

  stderr ───

    thread 'tests::multipath::multipath_abandon' (25475) panicked at src/tests/multipath.rs:1039:5:
    server connection not accepted during multipath handshake
    stack backtrace:
       0: __rustc::rust_begin_unwind
                 at /rustc/e408947bfd200af42db322daf0fadfe7e26d3bd1/library/std/src/panicking.rs:689:5
       1: core::panicking::panic_fmt
                 at /rustc/e408947bfd200af42db322daf0fadfe7e26d3bd1/library/core/src/panicking.rs:80:14
       2: fq::tests::multipath::multipath_test_one
                 at ./src/tests/multipath.rs:1039:5
       3: fq::tests::multipath::multipath_abandon
                 at ./src/tests/multipath.rs:1592:5
       4: fq::tests::multipath::multipath_abandon::{{closure}}
                 at ./src/tests/multipath.rs:1591:23
       5: core::ops::function::FnOnce::call_once
                 at /rustc/e408947bfd200af42db322daf0fadfe7e26d3bd1/library/core/src/ops/function.rs:250:5
       6: core::ops::function::FnOnce::call_once
                 at /rustc/e408947bfd200af42db322daf0fadfe7e26d3bd1/library/core/src/ops/function.rs:250:5
    note: Some details are omitted, run with `RUST_BACKTRACE=full` for a verbose backtrace.

        FAIL [   0.107s] (392/744) fq tests::multipath::multipath_back0
  stdout ───

    running 1 test
    test tests::multipath::multipath_back0 ... FAILED

    failures:

    failures:
        tests::multipath::multipath_back0

    test result: FAILED. 0 passed; 1 failed; 0 ignored; 0 measured; 743 filtered out; finished in 0.09s

  stderr ───

    thread 'tests::multipath::multipath_back0' (25479) panicked at src/tests/multipath.rs:1039:5:
    server connection not accepted during multipath handshake
    stack backtrace:
       0: __rustc::rust_begin_unwind
                 at /rustc/e408947bfd200af42db322daf0fadfe7e26d3bd1/library/std/src/panicking.rs:689:5
       1: core::panicking::panic_fmt
                 at /rustc/e408947bfd200af42db322daf0fadfe7e26d3bd1/library/core/src/panicking.rs:80:14
       2: fq::tests::multipath::multipath_test_one
                 at ./src/tests/multipath.rs:1039:5
       3: fq::tests::multipath::multipath_back0
                 at ./src/tests/multipath.rs:1666:5
       4: fq::tests::multipath::multipath_back0::{{closure}}
                 at ./src/tests/multipath.rs:1665:21
       5: core::ops::function::FnOnce::call_once
                 at /rustc/e408947bfd200af42db322daf0fadfe7e26d3bd1/library/core/src/ops/function.rs:250:5
       6: core::ops::function::FnOnce::call_once
                 at /rustc/e408947bfd200af42db322daf0fadfe7e26d3bd1/library/core/src/ops/function.rs:250:5
    note: Some details are omitted, run with `RUST_BACKTRACE=full` for a verbose backtrace.

        FAIL [   0.101s] (393/744) fq tests::multipath::multipath_back1
  stdout ───

    running 1 test
    test tests::multipath::multipath_back1 ... FAILED

    failures:

    failures:
        tests::multipath::multipath_back1

    test result: FAILED. 0 passed; 1 failed; 0 ignored; 0 measured; 743 filtered out; finished in 0.09s

  stderr ───

    thread 'tests::multipath::multipath_back1' (25482) panicked at src/tests/multipath.rs:1039:5:
    server connection not accepted during multipath handshake
    stack backtrace:
       0: __rustc::rust_begin_unwind
                 at /rustc/e408947bfd200af42db322daf0fadfe7e26d3bd1/library/std/src/panicking.rs:689:5
       1: core::panicking::panic_fmt
                 at /rustc/e408947bfd200af42db322daf0fadfe7e26d3bd1/library/core/src/panicking.rs:80:14
       2: fq::tests::multipath::multipath_test_one
                 at ./src/tests/multipath.rs:1039:5
       3: fq::tests::multipath::multipath_back1
                 at ./src/tests/multipath.rs:1672:5
       4: fq::tests::multipath::multipath_back1::{{closure}}
                 at ./src/tests/multipath.rs:1671:21
       5: core::ops::function::FnOnce::call_once
                 at /rustc/e408947bfd200af42db322daf0fadfe7e26d3bd1/library/core/src/ops/function.rs:250:5
       6: core::ops::function::FnOnce::call_once
                 at /rustc/e408947bfd200af42db322daf0fadfe7e26d3bd1/library/core/src/ops/function.rs:250:5
    note: Some details are omitted, run with `RUST_BACKTRACE=full` for a verbose backtrace.

        FAIL [   0.109s] (394/744) fq tests::multipath::multipath_backup
  stdout ───

    running 1 test
    test tests::multipath::multipath_backup ... FAILED

    failures:

    failures:
        tests::multipath::multipath_backup

    test result: FAILED. 0 passed; 1 failed; 0 ignored; 0 measured; 743 filtered out; finished in 0.09s

  stderr ───

    thread 'tests::multipath::multipath_backup' (25483) panicked at src/tests/multipath.rs:1039:5:
    server connection not accepted during multipath handshake
    stack backtrace:
       0: __rustc::rust_begin_unwind
                 at /rustc/e408947bfd200af42db322daf0fadfe7e26d3bd1/library/std/src/panicking.rs:689:5
       1: core::panicking::panic_fmt
                 at /rustc/e408947bfd200af42db322daf0fadfe7e26d3bd1/library/core/src/panicking.rs:80:14
       2: fq::tests::multipath::multipath_test_one
                 at ./src/tests/multipath.rs:1039:5
       3: fq::tests::multipath::multipath_backup
                 at ./src/tests/multipath.rs:1678:5
       4: fq::tests::multipath::multipath_backup::{{closure}}
                 at ./src/tests/multipath.rs:1677:22
       5: core::ops::function::FnOnce::call_once
                 at /rustc/e408947bfd200af42db322daf0fadfe7e26d3bd1/library/core/src/ops/function.rs:250:5
       6: core::ops::function::FnOnce::call_once
                 at /rustc/e408947bfd200af42db322daf0fadfe7e26d3bd1/library/core/src/ops/function.rs:250:5
    note: Some details are omitted, run with `RUST_BACKTRACE=full` for a verbose backtrace.

        FAIL [   0.108s] (395/744) fq tests::multipath::multipath_basic
  stdout ───

    running 1 test
    test tests::multipath::multipath_basic ... FAILED

    failures:

    failures:
        tests::multipath::multipath_basic

    test result: FAILED. 0 passed; 1 failed; 0 ignored; 0 measured; 743 filtered out; finished in 0.09s

  stderr ───

    thread 'tests::multipath::multipath_basic' (25485) panicked at src/tests/multipath.rs:1039:5:
    server connection not accepted during multipath handshake
    stack backtrace:
       0: __rustc::rust_begin_unwind
                 at /rustc/e408947bfd200af42db322daf0fadfe7e26d3bd1/library/std/src/panicking.rs:689:5
       1: core::panicking::panic_fmt
                 at /rustc/e408947bfd200af42db322daf0fadfe7e26d3bd1/library/core/src/panicking.rs:80:14
       2: fq::tests::multipath::multipath_test_one
                 at ./src/tests/multipath.rs:1039:5
       3: fq::tests::multipath::multipath_basic
                 at ./src/tests/multipath.rs:1684:5
       4: fq::tests::multipath::multipath_basic::{{closure}}
                 at ./src/tests/multipath.rs:1683:21
       5: core::ops::function::FnOnce::call_once
                 at /rustc/e408947bfd200af42db322daf0fadfe7e26d3bd1/library/core/src/ops/function.rs:250:5
       6: core::ops::function::FnOnce::call_once
                 at /rustc/e408947bfd200af42db322daf0fadfe7e26d3bd1/library/core/src/ops/function.rs:250:5
    note: Some details are omitted, run with `RUST_BACKTRACE=full` for a verbose backtrace.

        FAIL [   0.112s] (396/744) fq tests::multipath::multipath_break1
  stdout ───

    running 1 test
    test tests::multipath::multipath_break1 ... FAILED

    failures:

    failures:
        tests::multipath::multipath_break1

    test result: FAILED. 0 passed; 1 failed; 0 ignored; 0 measured; 743 filtered out; finished in 0.09s

  stderr ───

    thread 'tests::multipath::multipath_break1' (25487) panicked at src/tests/multipath.rs:1039:5:
    server connection not accepted during multipath handshake
    stack backtrace:
       0: __rustc::rust_begin_unwind
                 at /rustc/e408947bfd200af42db322daf0fadfe7e26d3bd1/library/std/src/panicking.rs:689:5
       1: core::panicking::panic_fmt
                 at /rustc/e408947bfd200af42db322daf0fadfe7e26d3bd1/library/core/src/panicking.rs:80:14
       2: fq::tests::multipath::multipath_test_one
                 at ./src/tests/multipath.rs:1039:5
       3: fq::tests::multipath::multipath_break1
                 at ./src/tests/multipath.rs:1690:5
       4: fq::tests::multipath::multipath_break1::{{closure}}
                 at ./src/tests/multipath.rs:1689:22
       5: core::ops::function::FnOnce::call_once
                 at /rustc/e408947bfd200af42db322daf0fadfe7e26d3bd1/library/core/src/ops/function.rs:250:5
       6: core::ops::function::FnOnce::call_once
                 at /rustc/e408947bfd200af42db322daf0fadfe7e26d3bd1/library/core/src/ops/function.rs:250:5
    note: Some details are omitted, run with `RUST_BACKTRACE=full` for a verbose backtrace.

        FAIL [   0.106s] (397/744) fq tests::multipath::multipath_break_both
  stdout ───

    running 1 test
    test tests::multipath::multipath_break_both ... FAILED

    failures:

    failures:
        tests::multipath::multipath_break_both

    test result: FAILED. 0 passed; 1 failed; 0 ignored; 0 measured; 743 filtered out; finished in 0.09s

  stderr ───

    thread 'tests::multipath::multipath_break_both' (25489) panicked at src/tests/multipath.rs:1039:5:
    server connection not accepted during multipath handshake
    stack backtrace:
       0: __rustc::rust_begin_unwind
                 at /rustc/e408947bfd200af42db322daf0fadfe7e26d3bd1/library/std/src/panicking.rs:689:5
       1: core::panicking::panic_fmt
                 at /rustc/e408947bfd200af42db322daf0fadfe7e26d3bd1/library/core/src/panicking.rs:80:14
       2: fq::tests::multipath::multipath_test_one
                 at ./src/tests/multipath.rs:1039:5
       3: fq::tests::multipath::multipath_break_both
                 at ./src/tests/multipath.rs:1696:5
       4: fq::tests::multipath::multipath_break_both::{{closure}}
                 at ./src/tests/multipath.rs:1695:26
       5: core::ops::function::FnOnce::call_once
                 at /rustc/e408947bfd200af42db322daf0fadfe7e26d3bd1/library/core/src/ops/function.rs:250:5
       6: core::ops::function::FnOnce::call_once
                 at /rustc/e408947bfd200af42db322daf0fadfe7e26d3bd1/library/core/src/ops/function.rs:250:5
    note: Some details are omitted, run with `RUST_BACKTRACE=full` for a verbose backtrace.

        FAIL [   0.111s] (398/744) fq tests::multipath::multipath_callback
  stdout ───

    running 1 test
    test tests::multipath::multipath_callback ... FAILED

    failures:

    failures:
        tests::multipath::multipath_callback

    test result: FAILED. 0 passed; 1 failed; 0 ignored; 0 measured; 743 filtered out; finished in 0.09s

  stderr ───

    thread 'tests::multipath::multipath_callback' (25491) panicked at src/tests/multipath.rs:1039:5:
    server connection not accepted during multipath handshake
    stack backtrace:
       0: __rustc::rust_begin_unwind
                 at /rustc/e408947bfd200af42db322daf0fadfe7e26d3bd1/library/std/src/panicking.rs:689:5
       1: core::panicking::panic_fmt
                 at /rustc/e408947bfd200af42db322daf0fadfe7e26d3bd1/library/core/src/panicking.rs:80:14
       2: fq::tests::multipath::multipath_test_one
                 at ./src/tests/multipath.rs:1039:5
       3: fq::tests::multipath::multipath_callback
                 at ./src/tests/multipath.rs:1702:5
       4: fq::tests::multipath::multipath_callback::{{closure}}
                 at ./src/tests/multipath.rs:1701:24
       5: core::ops::function::FnOnce::call_once
                 at /rustc/e408947bfd200af42db322daf0fadfe7e26d3bd1/library/core/src/ops/function.rs:250:5
       6: core::ops::function::FnOnce::call_once
                 at /rustc/e408947bfd200af42db322daf0fadfe7e26d3bd1/library/core/src/ops/function.rs:250:5
    note: Some details are omitted, run with `RUST_BACKTRACE=full` for a verbose backtrace.

        FAIL [   0.111s] (399/744) fq tests::multipath::multipath_datagram
  stdout ───

    running 1 test
    test tests::multipath::multipath_datagram ... FAILED

    failures:

    failures:
        tests::multipath::multipath_datagram

    test result: FAILED. 0 passed; 1 failed; 0 ignored; 0 measured; 743 filtered out; finished in 0.09s

  stderr ───

    thread 'tests::multipath::multipath_datagram' (25493) panicked at src/tests/multipath.rs:1039:5:
    server connection not accepted during multipath handshake
    stack backtrace:
       0: __rustc::rust_begin_unwind
                 at /rustc/e408947bfd200af42db322daf0fadfe7e26d3bd1/library/std/src/panicking.rs:689:5
       1: core::panicking::panic_fmt
                 at /rustc/e408947bfd200af42db322daf0fadfe7e26d3bd1/library/core/src/panicking.rs:80:14
       2: fq::tests::multipath::multipath_test_one
                 at ./src/tests/multipath.rs:1039:5
       3: fq::tests::multipath::multipath_datagram
                 at ./src/tests/multipath.rs:1708:5
       4: fq::tests::multipath::multipath_datagram::{{closure}}
                 at ./src/tests/multipath.rs:1707:24
       5: core::ops::function::FnOnce::call_once
                 at /rustc/e408947bfd200af42db322daf0fadfe7e26d3bd1/library/core/src/ops/function.rs:250:5
       6: core::ops::function::FnOnce::call_once
                 at /rustc/e408947bfd200af42db322daf0fadfe7e26d3bd1/library/core/src/ops/function.rs:250:5
    note: Some details are omitted, run with `RUST_BACKTRACE=full` for a verbose backtrace.

        FAIL [   0.113s] (400/744) fq tests::multipath::multipath_dg_af
  stdout ───

    running 1 test
    test tests::multipath::multipath_dg_af ... FAILED

    failures:

    failures:
        tests::multipath::multipath_dg_af

    test result: FAILED. 0 passed; 1 failed; 0 ignored; 0 measured; 743 filtered out; finished in 0.09s

  stderr ───

    thread 'tests::multipath::multipath_dg_af' (25495) panicked at src/tests/multipath.rs:1039:5:
    server connection not accepted during multipath handshake
    stack backtrace:
       0: __rustc::rust_begin_unwind
                 at /rustc/e408947bfd200af42db322daf0fadfe7e26d3bd1/library/std/src/panicking.rs:689:5
       1: core::panicking::panic_fmt
                 at /rustc/e408947bfd200af42db322daf0fadfe7e26d3bd1/library/core/src/panicking.rs:80:14
       2: fq::tests::multipath::multipath_test_one
                 at ./src/tests/multipath.rs:1039:5
       3: fq::tests::multipath::multipath_dg_af
                 at ./src/tests/multipath.rs:1714:5
       4: fq::tests::multipath::multipath_dg_af::{{closure}}
                 at ./src/tests/multipath.rs:1713:21
       5: core::ops::function::FnOnce::call_once
                 at /rustc/e408947bfd200af42db322daf0fadfe7e26d3bd1/library/core/src/ops/function.rs:250:5
       6: core::ops::function::FnOnce::call_once
                 at /rustc/e408947bfd200af42db322daf0fadfe7e26d3bd1/library/core/src/ops/function.rs:250:5
    note: Some details are omitted, run with `RUST_BACKTRACE=full` for a verbose backtrace.

        FAIL [   0.107s] (401/744) fq tests::multipath::multipath_discovery
  stdout ───

    running 1 test
    test tests::multipath::multipath_discovery ... FAILED

    failures:

    failures:
        tests::multipath::multipath_discovery

    test result: FAILED. 0 passed; 1 failed; 0 ignored; 0 measured; 743 filtered out; finished in 0.09s

  stderr ───

    thread 'tests::multipath::multipath_discovery' (25497) panicked at src/tests/multipath.rs:1039:5:
    server connection not accepted during multipath handshake
    stack backtrace:
       0: __rustc::rust_begin_unwind
                 at /rustc/e408947bfd200af42db322daf0fadfe7e26d3bd1/library/std/src/panicking.rs:689:5
       1: core::panicking::panic_fmt
                 at /rustc/e408947bfd200af42db322daf0fadfe7e26d3bd1/library/core/src/panicking.rs:80:14
       2: fq::tests::multipath::multipath_test_one
                 at ./src/tests/multipath.rs:1039:5
       3: fq::tests::multipath::multipath_discovery
                 at ./src/tests/multipath.rs:1720:5
       4: fq::tests::multipath::multipath_discovery::{{closure}}
                 at ./src/tests/multipath.rs:1719:25
       5: core::ops::function::FnOnce::call_once
                 at /rustc/e408947bfd200af42db322daf0fadfe7e26d3bd1/library/core/src/ops/function.rs:250:5
       6: core::ops::function::FnOnce::call_once
                 at /rustc/e408947bfd200af42db322daf0fadfe7e26d3bd1/library/core/src/ops/function.rs:250:5
    note: Some details are omitted, run with `RUST_BACKTRACE=full` for a verbose backtrace.

        FAIL [   0.124s] (402/744) fq tests::multipath::multipath_drop_first
  stdout ───

    running 1 test
    test tests::multipath::multipath_drop_first ... FAILED

    failures:

    failures:
        tests::multipath::multipath_drop_first

    test result: FAILED. 0 passed; 1 failed; 0 ignored; 0 measured; 743 filtered out; finished in 0.11s

  stderr ───

    thread 'tests::multipath::multipath_drop_first' (25499) panicked at src/tests/multipath.rs:1039:5:
    server connection not accepted during multipath handshake
    stack backtrace:
       0: __rustc::rust_begin_unwind
                 at /rustc/e408947bfd200af42db322daf0fadfe7e26d3bd1/library/std/src/panicking.rs:689:5
       1: core::panicking::panic_fmt
                 at /rustc/e408947bfd200af42db322daf0fadfe7e26d3bd1/library/core/src/panicking.rs:80:14
       2: fq::tests::multipath::multipath_test_one
                 at ./src/tests/multipath.rs:1039:5
       3: fq::tests::multipath::multipath_drop_first
                 at ./src/tests/multipath.rs:1726:5
       4: fq::tests::multipath::multipath_drop_first::{{closure}}
                 at ./src/tests/multipath.rs:1725:26
       5: core::ops::function::FnOnce::call_once
                 at /rustc/e408947bfd200af42db322daf0fadfe7e26d3bd1/library/core/src/ops/function.rs:250:5
       6: core::ops::function::FnOnce::call_once
                 at /rustc/e408947bfd200af42db322daf0fadfe7e26d3bd1/library/core/src/ops/function.rs:250:5
    note: Some details are omitted, run with `RUST_BACKTRACE=full` for a verbose backtrace.

        FAIL [   0.109s] (403/744) fq tests::multipath::multipath_drop_second
  stdout ───

    running 1 test
    test tests::multipath::multipath_drop_second ... FAILED

    failures:

    failures:
        tests::multipath::multipath_drop_second

    test result: FAILED. 0 passed; 1 failed; 0 ignored; 0 measured; 743 filtered out; finished in 0.09s

  stderr ───

    thread 'tests::multipath::multipath_drop_second' (25501) panicked at src/tests/multipath.rs:1039:5:
    server connection not accepted during multipath handshake
    stack backtrace:
       0: __rustc::rust_begin_unwind
                 at /rustc/e408947bfd200af42db322daf0fadfe7e26d3bd1/library/std/src/panicking.rs:689:5
       1: core::panicking::panic_fmt
                 at /rustc/e408947bfd200af42db322daf0fadfe7e26d3bd1/library/core/src/panicking.rs:80:14
       2: fq::tests::multipath::multipath_test_one
                 at ./src/tests/multipath.rs:1039:5
       3: fq::tests::multipath::multipath_drop_second
                 at ./src/tests/multipath.rs:1732:5
       4: fq::tests::multipath::multipath_drop_second::{{closure}}
                 at ./src/tests/multipath.rs:1731:27
       5: core::ops::function::FnOnce::call_once
                 at /rustc/e408947bfd200af42db322daf0fadfe7e26d3bd1/library/core/src/ops/function.rs:250:5
       6: core::ops::function::FnOnce::call_once
                 at /rustc/e408947bfd200af42db322daf0fadfe7e26d3bd1/library/core/src/ops/function.rs:250:5
    note: Some details are omitted, run with `RUST_BACKTRACE=full` for a verbose backtrace.

        FAIL [   0.111s] (404/744) fq tests::multipath::multipath_fail
  stdout ───

    running 1 test
    test tests::multipath::multipath_fail ... FAILED

    failures:

    failures:
        tests::multipath::multipath_fail

    test result: FAILED. 0 passed; 1 failed; 0 ignored; 0 measured; 743 filtered out; finished in 0.09s

  stderr ───

    thread 'tests::multipath::multipath_fail' (25504) panicked at src/tests/multipath.rs:1039:5:
    server connection not accepted during multipath handshake
    stack backtrace:
       0: __rustc::rust_begin_unwind
                 at /rustc/e408947bfd200af42db322daf0fadfe7e26d3bd1/library/std/src/panicking.rs:689:5
       1: core::panicking::panic_fmt
                 at /rustc/e408947bfd200af42db322daf0fadfe7e26d3bd1/library/core/src/panicking.rs:80:14
       2: fq::tests::multipath::multipath_test_one
                 at ./src/tests/multipath.rs:1039:5
       3: fq::tests::multipath::multipath_fail
                 at ./src/tests/multipath.rs:1738:5
       4: fq::tests::multipath::multipath_fail::{{closure}}
                 at ./src/tests/multipath.rs:1737:20
       5: core::ops::function::FnOnce::call_once
                 at /rustc/e408947bfd200af42db322daf0fadfe7e26d3bd1/library/core/src/ops/function.rs:250:5
       6: core::ops::function::FnOnce::call_once
                 at /rustc/e408947bfd200af42db322daf0fadfe7e26d3bd1/library/core/src/ops/function.rs:250:5
    note: Some details are omitted, run with `RUST_BACKTRACE=full` for a verbose backtrace.

        FAIL [   0.112s] (405/744) fq tests::multipath::multipath_just_one
  stdout ───

    running 1 test
    test tests::multipath::multipath_just_one ... FAILED

    failures:

    failures:
        tests::multipath::multipath_just_one

    test result: FAILED. 0 passed; 1 failed; 0 ignored; 0 measured; 743 filtered out; finished in 0.09s

  stderr ───

    thread 'tests::multipath::multipath_just_one' (25505) panicked at src/tests/multipath.rs:1039:5:
    server connection not accepted during multipath handshake
    stack backtrace:
       0: __rustc::rust_begin_unwind
                 at /rustc/e408947bfd200af42db322daf0fadfe7e26d3bd1/library/std/src/panicking.rs:689:5
       1: core::panicking::panic_fmt
                 at /rustc/e408947bfd200af42db322daf0fadfe7e26d3bd1/library/core/src/panicking.rs:80:14
       2: fq::tests::multipath::multipath_test_one
                 at ./src/tests/multipath.rs:1039:5
       3: fq::tests::multipath::multipath_just_one
                 at ./src/tests/multipath.rs:1744:5
       4: fq::tests::multipath::multipath_just_one::{{closure}}
                 at ./src/tests/multipath.rs:1743:24
       5: core::ops::function::FnOnce::call_once
                 at /rustc/e408947bfd200af42db322daf0fadfe7e26d3bd1/library/core/src/ops/function.rs:250:5
       6: core::ops::function::FnOnce::call_once
                 at /rustc/e408947bfd200af42db322daf0fadfe7e26d3bd1/library/core/src/ops/function.rs:250:5
    note: Some details are omitted, run with `RUST_BACKTRACE=full` for a verbose backtrace.

        FAIL [   0.109s] (406/744) fq tests::multipath::multipath_keep_alive
  stdout ───

    running 1 test
    test tests::multipath::multipath_keep_alive ... FAILED

    failures:

    failures:
        tests::multipath::multipath_keep_alive

    test result: FAILED. 0 passed; 1 failed; 0 ignored; 0 measured; 743 filtered out; finished in 0.09s

  stderr ───

    thread 'tests::multipath::multipath_keep_alive' (25507) panicked at src/tests/multipath.rs:1039:5:
    server connection not accepted during multipath handshake
    stack backtrace:
       0: __rustc::rust_begin_unwind
                 at /rustc/e408947bfd200af42db322daf0fadfe7e26d3bd1/library/std/src/panicking.rs:689:5
       1: core::panicking::panic_fmt
                 at /rustc/e408947bfd200af42db322daf0fadfe7e26d3bd1/library/core/src/panicking.rs:80:14
       2: fq::tests::multipath::multipath_test_one
                 at ./src/tests/multipath.rs:1039:5
       3: fq::tests::multipath::multipath_keep_alive
                 at ./src/tests/multipath.rs:1750:5
       4: fq::tests::multipath::multipath_keep_alive::{{closure}}
                 at ./src/tests/multipath.rs:1749:26
       5: core::ops::function::FnOnce::call_once
                 at /rustc/e408947bfd200af42db322daf0fadfe7e26d3bd1/library/core/src/ops/function.rs:250:5
       6: core::ops::function::FnOnce::call_once
                 at /rustc/e408947bfd200af42db322daf0fadfe7e26d3bd1/library/core/src/ops/function.rs:250:5
    note: Some details are omitted, run with `RUST_BACKTRACE=full` for a verbose backtrace.

        FAIL [   0.108s] (407/744) fq tests::multipath::multipath_nat
  stdout ───

    running 1 test
    test tests::multipath::multipath_nat ... FAILED

    failures:

    failures:
        tests::multipath::multipath_nat

    test result: FAILED. 0 passed; 1 failed; 0 ignored; 0 measured; 743 filtered out; finished in 0.09s

  stderr ───

    thread 'tests::multipath::multipath_nat' (25509) panicked at src/tests/multipath.rs:1039:5:
    server connection not accepted during multipath handshake
    stack backtrace:
       0: __rustc::rust_begin_unwind
                 at /rustc/e408947bfd200af42db322daf0fadfe7e26d3bd1/library/std/src/panicking.rs:689:5
       1: core::panicking::panic_fmt
                 at /rustc/e408947bfd200af42db322daf0fadfe7e26d3bd1/library/core/src/panicking.rs:80:14
       2: fq::tests::multipath::multipath_test_one
                 at ./src/tests/multipath.rs:1039:5
       3: fq::tests::multipath::multipath_nat
                 at ./src/tests/multipath.rs:1756:5
       4: fq::tests::multipath::multipath_nat::{{closure}}
                 at ./src/tests/multipath.rs:1755:19
       5: core::ops::function::FnOnce::call_once
                 at /rustc/e408947bfd200af42db322daf0fadfe7e26d3bd1/library/core/src/ops/function.rs:250:5
       6: core::ops::function::FnOnce::call_once
                 at /rustc/e408947bfd200af42db322daf0fadfe7e26d3bd1/library/core/src/ops/function.rs:250:5
    note: Some details are omitted, run with `RUST_BACKTRACE=full` for a verbose backtrace.

        FAIL [   0.105s] (408/744) fq tests::multipath::multipath_perf
  stdout ───

    running 1 test
    test tests::multipath::multipath_perf ... FAILED

    failures:

    failures:
        tests::multipath::multipath_perf

    test result: FAILED. 0 passed; 1 failed; 0 ignored; 0 measured; 743 filtered out; finished in 0.09s

  stderr ───

    thread 'tests::multipath::multipath_perf' (25513) panicked at src/tests/multipath.rs:1039:5:
    server connection not accepted during multipath handshake
    stack backtrace:
       0: __rustc::rust_begin_unwind
                 at /rustc/e408947bfd200af42db322daf0fadfe7e26d3bd1/library/std/src/panicking.rs:689:5
       1: core::panicking::panic_fmt
                 at /rustc/e408947bfd200af42db322daf0fadfe7e26d3bd1/library/core/src/panicking.rs:80:14
       2: fq::tests::multipath::multipath_test_one
                 at ./src/tests/multipath.rs:1039:5
       3: fq::tests::multipath::multipath_perf
                 at ./src/tests/multipath.rs:1768:5
       4: fq::tests::multipath::multipath_perf::{{closure}}
                 at ./src/tests/multipath.rs:1767:20
       5: core::ops::function::FnOnce::call_once
                 at /rustc/e408947bfd200af42db322daf0fadfe7e26d3bd1/library/core/src/ops/function.rs:250:5
       6: core::ops::function::FnOnce::call_once
                 at /rustc/e408947bfd200af42db322daf0fadfe7e26d3bd1/library/core/src/ops/function.rs:250:5
    note: Some details are omitted, run with `RUST_BACKTRACE=full` for a verbose backtrace.

        FAIL [   0.111s] (409/744) fq tests::multipath::multipath_nat_challenge
  stdout ───

    running 1 test
    test tests::multipath::multipath_nat_challenge ... FAILED

    failures:

    failures:
        tests::multipath::multipath_nat_challenge

    test result: FAILED. 0 passed; 1 failed; 0 ignored; 0 measured; 743 filtered out; finished in 0.09s

  stderr ───

    thread 'tests::multipath::multipath_nat_challenge' (25512) panicked at src/tests/multipath.rs:1039:5:
    server connection not accepted during multipath handshake
    stack backtrace:
       0: __rustc::rust_begin_unwind
                 at /rustc/e408947bfd200af42db322daf0fadfe7e26d3bd1/library/std/src/panicking.rs:689:5
       1: core::panicking::panic_fmt
                 at /rustc/e408947bfd200af42db322daf0fadfe7e26d3bd1/library/core/src/panicking.rs:80:14
       2: fq::tests::multipath::multipath_test_one
                 at ./src/tests/multipath.rs:1039:5
       3: fq::tests::multipath::multipath_nat_challenge
                 at ./src/tests/multipath.rs:1762:5
       4: fq::tests::multipath::multipath_nat_challenge::{{closure}}
                 at ./src/tests/multipath.rs:1761:29
       5: core::ops::function::FnOnce::call_once
                 at /rustc/e408947bfd200af42db322daf0fadfe7e26d3bd1/library/core/src/ops/function.rs:250:5
       6: core::ops::function::FnOnce::call_once
                 at /rustc/e408947bfd200af42db322daf0fadfe7e26d3bd1/library/core/src/ops/function.rs:250:5
    note: Some details are omitted, run with `RUST_BACKTRACE=full` for a verbose backtrace.

        FAIL [   0.113s] (410/744) fq tests::multipath::multipath_qlog
  stdout ───

    running 1 test
    test tests::multipath::multipath_qlog ... FAILED

    failures:

    failures:
        tests::multipath::multipath_qlog

    test result: FAILED. 0 passed; 1 failed; 0 ignored; 0 measured; 743 filtered out; finished in 0.09s

  stderr ───

    thread 'tests::multipath::multipath_qlog' (25515) panicked at src/tests/multipath.rs:887:46:
    start client: Generic
    stack backtrace:
       0: __rustc::rust_begin_unwind
                 at /rustc/e408947bfd200af42db322daf0fadfe7e26d3bd1/library/std/src/panicking.rs:689:5
       1: core::panicking::panic_fmt
                 at /rustc/e408947bfd200af42db322daf0fadfe7e26d3bd1/library/core/src/panicking.rs:80:14
       2: core::result::unwrap_failed
                 at /rustc/e408947bfd200af42db322daf0fadfe7e26d3bd1/library/core/src/result.rs:1867:5
       3: core::result::Result<T,E>::expect
                 at /rustc/e408947bfd200af42db322daf0fadfe7e26d3bd1/library/core/src/result.rs:1185:23
       4: fq::tests::multipath::multipath_trace_test_one
                 at ./src/tests/multipath.rs:887:46
       5: fq::tests::multipath::multipath_qlog
                 at ./src/tests/multipath.rs:1780:5
       6: fq::tests::multipath::multipath_qlog::{{closure}}
                 at ./src/tests/multipath.rs:1773:20
       7: core::ops::function::FnOnce::call_once
                 at /rustc/e408947bfd200af42db322daf0fadfe7e26d3bd1/library/core/src/ops/function.rs:250:5
       8: core::ops::function::FnOnce::call_once
                 at /rustc/e408947bfd200af42db322daf0fadfe7e26d3bd1/library/core/src/ops/function.rs:250:5
    note: Some details are omitted, run with `RUST_BACKTRACE=full` for a verbose backtrace.

        FAIL [   0.106s] (411/744) fq tests::multipath::multipath_quality
  stdout ───

    running 1 test
    test tests::multipath::multipath_quality ... FAILED

    failures:

    failures:
        tests::multipath::multipath_quality

    test result: FAILED. 0 passed; 1 failed; 0 ignored; 0 measured; 743 filtered out; finished in 0.09s

  stderr ───

    thread 'tests::multipath::multipath_quality' (25517) panicked at src/tests/multipath.rs:1039:5:
    server connection not accepted during multipath handshake
    stack backtrace:
       0: __rustc::rust_begin_unwind
                 at /rustc/e408947bfd200af42db322daf0fadfe7e26d3bd1/library/std/src/panicking.rs:689:5
       1: core::panicking::panic_fmt
                 at /rustc/e408947bfd200af42db322daf0fadfe7e26d3bd1/library/core/src/panicking.rs:80:14
       2: fq::tests::multipath::multipath_test_one
                 at ./src/tests/multipath.rs:1039:5
       3: fq::tests::multipath::multipath_quality
                 at ./src/tests/multipath.rs:1788:5
       4: fq::tests::multipath::multipath_quality::{{closure}}
                 at ./src/tests/multipath.rs:1787:23
       5: core::ops::function::FnOnce::call_once
                 at /rustc/e408947bfd200af42db322daf0fadfe7e26d3bd1/library/core/src/ops/function.rs:250:5
       6: core::ops::function::FnOnce::call_once
                 at /rustc/e408947bfd200af42db322daf0fadfe7e26d3bd1/library/core/src/ops/function.rs:250:5
    note: Some details are omitted, run with `RUST_BACKTRACE=full` for a verbose backtrace.

        FAIL [   0.105s] (412/744) fq tests::multipath::multipath_rotation
  stdout ───

    running 1 test
    test tests::multipath::multipath_rotation ... FAILED

    failures:

    failures:
        tests::multipath::multipath_rotation

    test result: FAILED. 0 passed; 1 failed; 0 ignored; 0 measured; 743 filtered out; finished in 0.09s

  stderr ───

    thread 'tests::multipath::multipath_rotation' (25521) panicked at src/tests/multipath.rs:1039:5:
    server connection not accepted during multipath handshake
    stack backtrace:
       0: __rustc::rust_begin_unwind
                 at /rustc/e408947bfd200af42db322daf0fadfe7e26d3bd1/library/std/src/panicking.rs:689:5
       1: core::panicking::panic_fmt
                 at /rustc/e408947bfd200af42db322daf0fadfe7e26d3bd1/library/core/src/panicking.rs:80:14
       2: fq::tests::multipath::multipath_test_one
                 at ./src/tests/multipath.rs:1039:5
       3: fq::tests::multipath::multipath_rotation
                 at ./src/tests/multipath.rs:1800:5
       4: fq::tests::multipath::multipath_rotation::{{closure}}
                 at ./src/tests/multipath.rs:1799:24
       5: core::ops::function::FnOnce::call_once
                 at /rustc/e408947bfd200af42db322daf0fadfe7e26d3bd1/library/core/src/ops/function.rs:250:5
       6: core::ops::function::FnOnce::call_once
                 at /rustc/e408947bfd200af42db322daf0fadfe7e26d3bd1/library/core/src/ops/function.rs:250:5
    note: Some details are omitted, run with `RUST_BACKTRACE=full` for a verbose backtrace.

        FAIL [   0.110s] (413/744) fq tests::multipath::multipath_renew
  stdout ───

    running 1 test
    test tests::multipath::multipath_renew ... FAILED

    failures:

    failures:
        tests::multipath::multipath_renew

    test result: FAILED. 0 passed; 1 failed; 0 ignored; 0 measured; 743 filtered out; finished in 0.09s

  stderr ───

    thread 'tests::multipath::multipath_renew' (25520) panicked at src/tests/multipath.rs:1039:5:
    server connection not accepted during multipath handshake
    stack backtrace:
       0: __rustc::rust_begin_unwind
                 at /rustc/e408947bfd200af42db322daf0fadfe7e26d3bd1/library/std/src/panicking.rs:689:5
       1: core::panicking::panic_fmt
                 at /rustc/e408947bfd200af42db322daf0fadfe7e26d3bd1/library/core/src/panicking.rs:80:14
       2: fq::tests::multipath::multipath_test_one
                 at ./src/tests/multipath.rs:1039:5
       3: fq::tests::multipath::multipath_renew
                 at ./src/tests/multipath.rs:1794:5
       4: fq::tests::multipath::multipath_renew::{{closure}}
                 at ./src/tests/multipath.rs:1793:21
       5: core::ops::function::FnOnce::call_once
                 at /rustc/e408947bfd200af42db322daf0fadfe7e26d3bd1/library/core/src/ops/function.rs:250:5
       6: core::ops::function::FnOnce::call_once
                 at /rustc/e408947bfd200af42db322daf0fadfe7e26d3bd1/library/core/src/ops/function.rs:250:5
    note: Some details are omitted, run with `RUST_BACKTRACE=full` for a verbose backtrace.

        FAIL [   0.121s] (414/744) fq tests::multipath::multipath_sat_plus
  stdout ───

    running 1 test
    test tests::multipath::multipath_sat_plus ... FAILED

    failures:

    failures:
        tests::multipath::multipath_sat_plus

    test result: FAILED. 0 passed; 1 failed; 0 ignored; 0 measured; 743 filtered out; finished in 0.10s

  stderr ───

    thread 'tests::multipath::multipath_sat_plus' (25523) panicked at src/tests/multipath.rs:1039:5:
    server connection not accepted during multipath handshake
    stack backtrace:
       0: __rustc::rust_begin_unwind
                 at /rustc/e408947bfd200af42db322daf0fadfe7e26d3bd1/library/std/src/panicking.rs:689:5
       1: core::panicking::panic_fmt
                 at /rustc/e408947bfd200af42db322daf0fadfe7e26d3bd1/library/core/src/panicking.rs:80:14
       2: fq::tests::multipath::multipath_test_one
                 at ./src/tests/multipath.rs:1039:5
       3: fq::tests::multipath::multipath_sat_plus
                 at ./src/tests/multipath.rs:1806:5
       4: fq::tests::multipath::multipath_sat_plus::{{closure}}
                 at ./src/tests/multipath.rs:1805:24
       5: core::ops::function::FnOnce::call_once
                 at /rustc/e408947bfd200af42db322daf0fadfe7e26d3bd1/library/core/src/ops/function.rs:250:5
       6: core::ops::function::FnOnce::call_once
                 at /rustc/e408947bfd200af42db322daf0fadfe7e26d3bd1/library/core/src/ops/function.rs:250:5
    note: Some details are omitted, run with `RUST_BACKTRACE=full` for a verbose backtrace.

        FAIL [   0.108s] (415/744) fq tests::multipath::multipath_socket0_error
  stdout ───

    running 1 test
    test tests::multipath::multipath_socket0_error ... FAILED

    failures:

    failures:
        tests::multipath::multipath_socket0_error

    test result: FAILED. 0 passed; 1 failed; 0 ignored; 0 measured; 743 filtered out; finished in 0.09s

  stderr ───

    thread 'tests::multipath::multipath_socket0_error' (25525) panicked at src/tests/multipath.rs:1039:5:
    server connection not accepted during multipath handshake
    stack backtrace:
       0: __rustc::rust_begin_unwind
                 at /rustc/e408947bfd200af42db322daf0fadfe7e26d3bd1/library/std/src/panicking.rs:689:5
       1: core::panicking::panic_fmt
                 at /rustc/e408947bfd200af42db322daf0fadfe7e26d3bd1/library/core/src/panicking.rs:80:14
       2: fq::tests::multipath::multipath_test_one
                 at ./src/tests/multipath.rs:1039:5
       3: fq::tests::multipath::multipath_socket0_error
                 at ./src/tests/multipath.rs:1812:5
       4: fq::tests::multipath::multipath_socket0_error::{{closure}}
                 at ./src/tests/multipath.rs:1811:29
       5: core::ops::function::FnOnce::call_once
                 at /rustc/e408947bfd200af42db322daf0fadfe7e26d3bd1/library/core/src/ops/function.rs:250:5
       6: core::ops::function::FnOnce::call_once
                 at /rustc/e408947bfd200af42db322daf0fadfe7e26d3bd1/library/core/src/ops/function.rs:250:5
    note: Some details are omitted, run with `RUST_BACKTRACE=full` for a verbose backtrace.

        FAIL [   0.102s] (416/744) fq tests::multipath::multipath_socket_error
  stdout ───

    running 1 test
    test tests::multipath::multipath_socket_error ... FAILED

    failures:

    failures:
        tests::multipath::multipath_socket_error

    test result: FAILED. 0 passed; 1 failed; 0 ignored; 0 measured; 743 filtered out; finished in 0.09s

  stderr ───

    thread 'tests::multipath::multipath_socket_error' (25528) panicked at src/tests/multipath.rs:1039:5:
    server connection not accepted during multipath handshake
    stack backtrace:
       0: __rustc::rust_begin_unwind
                 at /rustc/e408947bfd200af42db322daf0fadfe7e26d3bd1/library/std/src/panicking.rs:689:5
       1: core::panicking::panic_fmt
                 at /rustc/e408947bfd200af42db322daf0fadfe7e26d3bd1/library/core/src/panicking.rs:80:14
       2: fq::tests::multipath::multipath_test_one
                 at ./src/tests/multipath.rs:1039:5
       3: fq::tests::multipath::multipath_socket_error
                 at ./src/tests/multipath.rs:1818:5
       4: fq::tests::multipath::multipath_socket_error::{{closure}}
                 at ./src/tests/multipath.rs:1817:28
       5: core::ops::function::FnOnce::call_once
                 at /rustc/e408947bfd200af42db322daf0fadfe7e26d3bd1/library/core/src/ops/function.rs:250:5
       6: core::ops::function::FnOnce::call_once
                 at /rustc/e408947bfd200af42db322daf0fadfe7e26d3bd1/library/core/src/ops/function.rs:250:5
    note: Some details are omitted, run with `RUST_BACKTRACE=full` for a verbose backtrace.

        FAIL [   0.110s] (417/744) fq tests::multipath::multipath_standup
  stdout ───

    running 1 test
    test tests::multipath::multipath_standup ... FAILED

    failures:

    failures:
        tests::multipath::multipath_standup

    test result: FAILED. 0 passed; 1 failed; 0 ignored; 0 measured; 743 filtered out; finished in 0.09s

  stderr ───

    thread 'tests::multipath::multipath_standup' (25529) panicked at src/tests/multipath.rs:1039:5:
    server connection not accepted during multipath handshake
    stack backtrace:
       0: __rustc::rust_begin_unwind
                 at /rustc/e408947bfd200af42db322daf0fadfe7e26d3bd1/library/std/src/panicking.rs:689:5
       1: core::panicking::panic_fmt
                 at /rustc/e408947bfd200af42db322daf0fadfe7e26d3bd1/library/core/src/panicking.rs:80:14
       2: fq::tests::multipath::multipath_test_one
                 at ./src/tests/multipath.rs:1039:5
       3: fq::tests::multipath::multipath_standup
                 at ./src/tests/multipath.rs:1824:5
       4: fq::tests::multipath::multipath_standup::{{closure}}
                 at ./src/tests/multipath.rs:1823:23
       5: core::ops::function::FnOnce::call_once
                 at /rustc/e408947bfd200af42db322daf0fadfe7e26d3bd1/library/core/src/ops/function.rs:250:5
       6: core::ops::function::FnOnce::call_once
                 at /rustc/e408947bfd200af42db322daf0fadfe7e26d3bd1/library/core/src/ops/function.rs:250:5
    note: Some details are omitted, run with `RUST_BACKTRACE=full` for a verbose backtrace.

        FAIL [   0.108s] (418/744) fq tests::multipath::multipath_stream_af
  stdout ───

    running 1 test
    test tests::multipath::multipath_stream_af ... FAILED

    failures:

    failures:
        tests::multipath::multipath_stream_af

    test result: FAILED. 0 passed; 1 failed; 0 ignored; 0 measured; 743 filtered out; finished in 0.09s

  stderr ───

    thread 'tests::multipath::multipath_stream_af' (25531) panicked at src/tests/multipath.rs:1039:5:
    server connection not accepted during multipath handshake
    stack backtrace:
       0: __rustc::rust_begin_unwind
                 at /rustc/e408947bfd200af42db322daf0fadfe7e26d3bd1/library/std/src/panicking.rs:689:5
       1: core::panicking::panic_fmt
                 at /rustc/e408947bfd200af42db322daf0fadfe7e26d3bd1/library/core/src/panicking.rs:80:14
       2: fq::tests::multipath::multipath_test_one
                 at ./src/tests/multipath.rs:1039:5
       3: fq::tests::multipath::multipath_stream_af
                 at ./src/tests/multipath.rs:1830:5
       4: fq::tests::multipath::multipath_stream_af::{{closure}}
                 at ./src/tests/multipath.rs:1829:25
       5: core::ops::function::FnOnce::call_once
                 at /rustc/e408947bfd200af42db322daf0fadfe7e26d3bd1/library/core/src/ops/function.rs:250:5
       6: core::ops::function::FnOnce::call_once
                 at /rustc/e408947bfd200af42db322daf0fadfe7e26d3bd1/library/core/src/ops/function.rs:250:5
    note: Some details are omitted, run with `RUST_BACKTRACE=full` for a verbose backtrace.

        FAIL [   0.110s] (419/744) fq tests::multipath::multipath_tunnel
  stdout ───

    running 1 test
    test tests::multipath::multipath_tunnel ... FAILED

    failures:

    failures:
        tests::multipath::multipath_tunnel

    test result: FAILED. 0 passed; 1 failed; 0 ignored; 0 measured; 743 filtered out; finished in 0.09s

  stderr ───

    thread 'tests::multipath::multipath_tunnel' (25533) panicked at src/tests/multipath.rs:1039:5:
    server connection not accepted during multipath handshake
    stack backtrace:
       0: __rustc::rust_begin_unwind
                 at /rustc/e408947bfd200af42db322daf0fadfe7e26d3bd1/library/std/src/panicking.rs:689:5
       1: core::panicking::panic_fmt
                 at /rustc/e408947bfd200af42db322daf0fadfe7e26d3bd1/library/core/src/panicking.rs:80:14
       2: fq::tests::multipath::multipath_test_one
                 at ./src/tests/multipath.rs:1039:5
       3: fq::tests::multipath::multipath_tunnel
                 at ./src/tests/multipath.rs:1836:5
       4: fq::tests::multipath::multipath_tunnel::{{closure}}
                 at ./src/tests/multipath.rs:1835:22
       5: core::ops::function::FnOnce::call_once
                 at /rustc/e408947bfd200af42db322daf0fadfe7e26d3bd1/library/core/src/ops/function.rs:250:5
       6: core::ops::function::FnOnce::call_once
                 at /rustc/e408947bfd200af42db322daf0fadfe7e26d3bd1/library/core/src/ops/function.rs:250:5
    note: Some details are omitted, run with `RUST_BACKTRACE=full` for a verbose backtrace.

        PASS [   0.007s] (420/744) fq tests::openssl::openssl_cert
        FAIL [   0.104s] (421/744) fq tests::netperf::nat_attack
  stdout ───

    running 1 test
    test tests::netperf::nat_attack ... FAILED

    failures:

    failures:
        tests::netperf::nat_attack

    test result: FAILED. 0 passed; 1 failed; 0 ignored; 0 measured; 743 filtered out; finished in 0.09s

  stderr ───

    thread 'tests::netperf::nat_attack' (25535) panicked at src/tests/netperf.rs:285:42:
    start client: Generic
    stack backtrace:
       0: __rustc::rust_begin_unwind
                 at /rustc/e408947bfd200af42db322daf0fadfe7e26d3bd1/library/std/src/panicking.rs:689:5
       1: core::panicking::panic_fmt
                 at /rustc/e408947bfd200af42db322daf0fadfe7e26d3bd1/library/core/src/panicking.rs:80:14
       2: core::result::unwrap_failed
                 at /rustc/e408947bfd200af42db322daf0fadfe7e26d3bd1/library/core/src/result.rs:1867:5
       3: core::result::Result<T,E>::expect
                 at /rustc/e408947bfd200af42db322daf0fadfe7e26d3bd1/library/core/src/result.rs:1185:23
       4: fq::tests::netperf::nat_attack
                 at ./src/tests/netperf.rs:285:42
       5: fq::tests::netperf::nat_attack::{{closure}}
                 at ./src/tests/netperf.rs:273:16
       6: core::ops::function::FnOnce::call_once
                 at /rustc/e408947bfd200af42db322daf0fadfe7e26d3bd1/library/core/src/ops/function.rs:250:5
       7: core::ops::function::FnOnce::call_once
                 at /rustc/e408947bfd200af42db322daf0fadfe7e26d3bd1/library/core/src/ops/function.rs:250:5
    note: Some details are omitted, run with `RUST_BACKTRACE=full` for a verbose backtrace.

        PASS [   0.010s] (422/744) fq tests::pacing::pacing
        FAIL [   0.110s] (423/744) fq tests::netperf::netperf_basic
  stdout ───

    running 1 test
    test tests::netperf::netperf_basic ... FAILED

    failures:

    failures:
        tests::netperf::netperf_basic

    test result: FAILED. 0 passed; 1 failed; 0 ignored; 0 measured; 743 filtered out; finished in 0.09s

  stderr ───

    thread 'tests::netperf::netperf_basic' (25537) panicked at src/tests/netperf.rs:125:70:
    client ready: Generic
    stack backtrace:
       0: __rustc::rust_begin_unwind
                 at /rustc/e408947bfd200af42db322daf0fadfe7e26d3bd1/library/std/src/panicking.rs:689:5
       1: core::panicking::panic_fmt
                 at /rustc/e408947bfd200af42db322daf0fadfe7e26d3bd1/library/core/src/panicking.rs:80:14
       2: core::result::unwrap_failed
                 at /rustc/e408947bfd200af42db322daf0fadfe7e26d3bd1/library/core/src/result.rs:1867:5
       3: core::result::Result<T,E>::expect
                 at /rustc/e408947bfd200af42db322daf0fadfe7e26d3bd1/library/core/src/result.rs:1185:23
       4: fq::tests::netperf::netperf_one_scenario
                 at ./src/tests/netperf.rs:125:70
       5: fq::tests::netperf::netperf_basic
                 at ./src/tests/netperf.rs:247:5
       6: fq::tests::netperf::netperf_basic::{{closure}}
                 at ./src/tests/netperf.rs:246:19
       7: core::ops::function::FnOnce::call_once
                 at /rustc/e408947bfd200af42db322daf0fadfe7e26d3bd1/library/core/src/ops/function.rs:250:5
       8: core::ops::function::FnOnce::call_once
                 at /rustc/e408947bfd200af42db322daf0fadfe7e26d3bd1/library/core/src/ops/function.rs:250:5
    note: Some details are omitted, run with `RUST_BACKTRACE=full` for a verbose backtrace.

        FAIL [   0.109s] (424/744) fq tests::netperf::netperf_bbr
  stdout ───

    running 1 test
    test tests::netperf::netperf_bbr ... FAILED

    failures:

    failures:
        tests::netperf::netperf_bbr

    test result: FAILED. 0 passed; 1 failed; 0 ignored; 0 measured; 743 filtered out; finished in 0.09s

  stderr ───

    thread 'tests::netperf::netperf_bbr' (25539) panicked at src/tests/netperf.rs:125:70:
    client ready: Generic
    stack backtrace:
       0: __rustc::rust_begin_unwind
                 at /rustc/e408947bfd200af42db322daf0fadfe7e26d3bd1/library/std/src/panicking.rs:689:5
       1: core::panicking::panic_fmt
                 at /rustc/e408947bfd200af42db322daf0fadfe7e26d3bd1/library/core/src/panicking.rs:80:14
       2: core::result::unwrap_failed
                 at /rustc/e408947bfd200af42db322daf0fadfe7e26d3bd1/library/core/src/result.rs:1867:5
       3: core::result::Result<T,E>::expect
                 at /rustc/e408947bfd200af42db322daf0fadfe7e26d3bd1/library/core/src/result.rs:1185:23
       4: fq::tests::netperf::netperf_one_scenario
                 at ./src/tests/netperf.rs:125:70
       5: fq::tests::netperf::netperf_bbr
                 at ./src/tests/netperf.rs:261:5
       6: fq::tests::netperf::netperf_bbr::{{closure}}
                 at ./src/tests/netperf.rs:258:17
       7: core::ops::function::FnOnce::call_once
                 at /rustc/e408947bfd200af42db322daf0fadfe7e26d3bd1/library/core/src/ops/function.rs:250:5
       8: core::ops::function::FnOnce::call_once
                 at /rustc/e408947bfd200af42db322daf0fadfe7e26d3bd1/library/core/src/ops/function.rs:250:5
    note: Some details are omitted, run with `RUST_BACKTRACE=full` for a verbose backtrace.

        FAIL [   0.105s] (425/744) fq tests::p2p::address_discovery
  stdout ───

    running 1 test
    test tests::p2p::address_discovery ... FAILED

    failures:

    failures:
        tests::p2p::address_discovery

    test result: FAILED. 0 passed; 1 failed; 0 ignored; 0 measured; 743 filtered out; finished in 0.09s

  stderr ───

    thread 'tests::p2p::address_discovery' (25543) panicked at src/tests/p2p.rs:83:10:
    wait client ready: Generic
    stack backtrace:
       0: __rustc::rust_begin_unwind
                 at /rustc/e408947bfd200af42db322daf0fadfe7e26d3bd1/library/std/src/panicking.rs:689:5
       1: core::panicking::panic_fmt
                 at /rustc/e408947bfd200af42db322daf0fadfe7e26d3bd1/library/core/src/panicking.rs:80:14
       2: core::result::unwrap_failed
                 at /rustc/e408947bfd200af42db322daf0fadfe7e26d3bd1/library/core/src/result.rs:1867:5
       3: core::result::Result<T,E>::expect
                 at /rustc/e408947bfd200af42db322daf0fadfe7e26d3bd1/library/core/src/result.rs:1185:23
       4: fq::tests::p2p::address_discovery
                 at ./src/tests/p2p.rs:83:10
       5: fq::tests::p2p::address_discovery::{{closure}}
                 at ./src/tests/p2p.rs:25:23
       6: core::ops::function::FnOnce::call_once
                 at /rustc/e408947bfd200af42db322daf0fadfe7e26d3bd1/library/core/src/ops/function.rs:250:5
       7: core::ops::function::FnOnce::call_once
                 at /rustc/e408947bfd200af42db322daf0fadfe7e26d3bd1/library/core/src/ops/function.rs:250:5
    note: Some details are omitted, run with `RUST_BACKTRACE=full` for a verbose backtrace.

        FAIL [   0.114s] (426/744) fq tests::pacing::pacing_bbr
  stdout ───

    running 1 test
    test tests::pacing::pacing_bbr ... FAILED

    failures:

    failures:
        tests::pacing::pacing_bbr

    test result: FAILED. 0 passed; 1 failed; 0 ignored; 0 measured; 743 filtered out; finished in 0.10s

  stderr ───

    thread 'tests::pacing::pacing_bbr' (25547) panicked at src/tests/pacing.rs:342:13:
    scenario body verify: Generic; finished=false, completion_time=61440000000, target_time=900000
    stack backtrace:
       0: __rustc::rust_begin_unwind
                 at /rustc/e408947bfd200af42db322daf0fadfe7e26d3bd1/library/std/src/panicking.rs:689:5
       1: core::panicking::panic_fmt
                 at /rustc/e408947bfd200af42db322daf0fadfe7e26d3bd1/library/core/src/panicking.rs:80:14
       2: fq::tests::pacing::pacing_cc_algotest::{{closure}}
                 at ./src/tests/pacing.rs:342:13
       3: core::result::Result<T,E>::unwrap_or_else
                 at /rustc/e408947bfd200af42db322daf0fadfe7e26d3bd1/library/core/src/result.rs:1622:23
       4: fq::tests::pacing::pacing_cc_algotest
                 at ./src/tests/pacing.rs:341:10
       5: fq::tests::pacing::pacing_bbr
                 at ./src/tests/pacing.rs:859:5
       6: fq::tests::pacing::pacing_bbr::{{closure}}
                 at ./src/tests/pacing.rs:858:16
       7: core::ops::function::FnOnce::call_once
                 at /rustc/e408947bfd200af42db322daf0fadfe7e26d3bd1/library/core/src/ops/function.rs:250:5
       8: core::ops::function::FnOnce::call_once
                 at /rustc/e408947bfd200af42db322daf0fadfe7e26d3bd1/library/core/src/ops/function.rs:250:5
    note: Some details are omitted, run with `RUST_BACKTRACE=full` for a verbose backtrace.

        FAIL [   0.122s] (427/744) fq tests::pacing::pacing_cubic
  stdout ───

    running 1 test
    test tests::pacing::pacing_cubic ... FAILED

    failures:

    failures:
        tests::pacing::pacing_cubic

    test result: FAILED. 0 passed; 1 failed; 0 ignored; 0 measured; 743 filtered out; finished in 0.10s

  stderr ───

    thread 'tests::pacing::pacing_cubic' (25549) panicked at src/tests/pacing.rs:342:13:
    scenario body verify: Generic; finished=false, completion_time=61440000000, target_time=900000
    stack backtrace:
       0: __rustc::rust_begin_unwind
                 at /rustc/e408947bfd200af42db322daf0fadfe7e26d3bd1/library/std/src/panicking.rs:689:5
       1: core::panicking::panic_fmt
                 at /rustc/e408947bfd200af42db322daf0fadfe7e26d3bd1/library/core/src/panicking.rs:80:14
       2: fq::tests::pacing::pacing_cc_algotest::{{closure}}
                 at ./src/tests/pacing.rs:342:13
       3: core::result::Result<T,E>::unwrap_or_else
                 at /rustc/e408947bfd200af42db322daf0fadfe7e26d3bd1/library/core/src/result.rs:1622:23
       4: fq::tests::pacing::pacing_cc_algotest
                 at ./src/tests/pacing.rs:341:10
       5: fq::tests::pacing::pacing_cubic
                 at ./src/tests/pacing.rs:865:5
       6: fq::tests::pacing::pacing_cubic::{{closure}}
                 at ./src/tests/pacing.rs:864:18
       7: core::ops::function::FnOnce::call_once
                 at /rustc/e408947bfd200af42db322daf0fadfe7e26d3bd1/library/core/src/ops/function.rs:250:5
       8: core::ops::function::FnOnce::call_once
                 at /rustc/e408947bfd200af42db322daf0fadfe7e26d3bd1/library/core/src/ops/function.rs:250:5
    note: Some details are omitted, run with `RUST_BACKTRACE=full` for a verbose backtrace.

        PASS [   0.008s] (428/744) fq tests::pacing::pacing_repeat
        FAIL [   0.106s] (429/744) fq tests::pacing::pacing_dcubic
  stdout ───

    running 1 test
    test tests::pacing::pacing_dcubic ... FAILED

    failures:

    failures:
        tests::pacing::pacing_dcubic

    test result: FAILED. 0 passed; 1 failed; 0 ignored; 0 measured; 743 filtered out; finished in 0.09s

  stderr ───

    thread 'tests::pacing::pacing_dcubic' (25551) panicked at src/tests/pacing.rs:260:44:
    cc algorithm
    stack backtrace:
       0: __rustc::rust_begin_unwind
                 at /rustc/e408947bfd200af42db322daf0fadfe7e26d3bd1/library/std/src/panicking.rs:689:5
       1: core::panicking::panic_fmt
                 at /rustc/e408947bfd200af42db322daf0fadfe7e26d3bd1/library/core/src/panicking.rs:80:14
       2: core::panicking::panic_display
                 at /rustc/e408947bfd200af42db322daf0fadfe7e26d3bd1/library/core/src/panicking.rs:259:5
       3: core::option::expect_failed
                 at /rustc/e408947bfd200af42db322daf0fadfe7e26d3bd1/library/core/src/option.rs:2208:5
       4: core::option::Option<T>::expect
                 at /rustc/e408947bfd200af42db322daf0fadfe7e26d3bd1/library/core/src/option.rs:971:21
       5: fq::tests::pacing::registered_cc_algorithm
                 at ./src/tests/pacing.rs:260:44
       6: fq::tests::pacing::pacing_dcubic
                 at ./src/tests/pacing.rs:871:24
       7: fq::tests::pacing::pacing_dcubic::{{closure}}
                 at ./src/tests/pacing.rs:870:19
       8: core::ops::function::FnOnce::call_once
                 at /rustc/e408947bfd200af42db322daf0fadfe7e26d3bd1/library/core/src/ops/function.rs:250:5
       9: core::ops::function::FnOnce::call_once
                 at /rustc/e408947bfd200af42db322daf0fadfe7e26d3bd1/library/core/src/ops/function.rs:250:5
    note: Some details are omitted, run with `RUST_BACKTRACE=full` for a verbose backtrace.

        FAIL [   0.119s] (430/744) fq tests::pacing::pacing_fast
  stdout ───

    running 1 test
    test tests::pacing::pacing_fast ... FAILED

    failures:

    failures:
        tests::pacing::pacing_fast

    test result: FAILED. 0 passed; 1 failed; 0 ignored; 0 measured; 743 filtered out; finished in 0.10s

  stderr ───

    thread 'tests::pacing::pacing_fast' (25553) panicked at src/tests/pacing.rs:342:13:
    scenario body verify: Generic; finished=false, completion_time=61440000000, target_time=1000000
    stack backtrace:
       0: __rustc::rust_begin_unwind
                 at /rustc/e408947bfd200af42db322daf0fadfe7e26d3bd1/library/std/src/panicking.rs:689:5
       1: core::panicking::panic_fmt
                 at /rustc/e408947bfd200af42db322daf0fadfe7e26d3bd1/library/core/src/panicking.rs:80:14
       2: fq::tests::pacing::pacing_cc_algotest::{{closure}}
                 at ./src/tests/pacing.rs:342:13
       3: core::result::Result<T,E>::unwrap_or_else
                 at /rustc/e408947bfd200af42db322daf0fadfe7e26d3bd1/library/core/src/result.rs:1622:23
       4: fq::tests::pacing::pacing_cc_algotest
                 at ./src/tests/pacing.rs:341:10
       5: fq::tests::pacing::pacing_fast
                 at ./src/tests/pacing.rs:877:5
       6: fq::tests::pacing::pacing_fast::{{closure}}
                 at ./src/tests/pacing.rs:876:17
       7: core::ops::function::FnOnce::call_once
                 at /rustc/e408947bfd200af42db322daf0fadfe7e26d3bd1/library/core/src/ops/function.rs:250:5
       8: core::ops::function::FnOnce::call_once
                 at /rustc/e408947bfd200af42db322daf0fadfe7e26d3bd1/library/core/src/ops/function.rs:250:5
    note: Some details are omitted, run with `RUST_BACKTRACE=full` for a verbose backtrace.

        FAIL [   0.115s] (431/744) fq tests::pacing::pacing_newreno
  stdout ───

    running 1 test
    test tests::pacing::pacing_newreno ... FAILED

    failures:

    failures:
        tests::pacing::pacing_newreno

    test result: FAILED. 0 passed; 1 failed; 0 ignored; 0 measured; 743 filtered out; finished in 0.10s

  stderr ───

    thread 'tests::pacing::pacing_newreno' (25555) panicked at src/tests/pacing.rs:342:13:
    scenario body verify: Generic; finished=false, completion_time=61440000000, target_time=900000
    stack backtrace:
       0: __rustc::rust_begin_unwind
                 at /rustc/e408947bfd200af42db322daf0fadfe7e26d3bd1/library/std/src/panicking.rs:689:5
       1: core::panicking::panic_fmt
                 at /rustc/e408947bfd200af42db322daf0fadfe7e26d3bd1/library/core/src/panicking.rs:80:14
       2: fq::tests::pacing::pacing_cc_algotest::{{closure}}
                 at ./src/tests/pacing.rs:342:13
       3: core::result::Result<T,E>::unwrap_or_else
                 at /rustc/e408947bfd200af42db322daf0fadfe7e26d3bd1/library/core/src/result.rs:1622:23
       4: fq::tests::pacing::pacing_cc_algotest
                 at ./src/tests/pacing.rs:341:10
       5: fq::tests::pacing::pacing_newreno
                 at ./src/tests/pacing.rs:883:5
       6: fq::tests::pacing::pacing_newreno::{{closure}}
                 at ./src/tests/pacing.rs:882:20
       7: core::ops::function::FnOnce::call_once
                 at /rustc/e408947bfd200af42db322daf0fadfe7e26d3bd1/library/core/src/ops/function.rs:250:5
       8: core::ops::function::FnOnce::call_once
                 at /rustc/e408947bfd200af42db322daf0fadfe7e26d3bd1/library/core/src/ops/function.rs:250:5
    note: Some details are omitted, run with `RUST_BACKTRACE=full` for a verbose backtrace.

        FAIL [   0.106s] (432/744) fq tests::parseheadertest::header_length
  stdout ───

    running 1 test
    test tests::parseheadertest::header_length ... FAILED

    failures:

    failures:
        tests::parseheadertest::header_length

    test result: FAILED. 0 passed; 1 failed; 0 ignored; 0 measured; 743 filtered out; finished in 0.09s

  stderr ───

    thread 'tests::parseheadertest::header_length' (25559) panicked at src/tests/parseheadertest.rs:933:6:
    create connection
    stack backtrace:
       0: __rustc::rust_begin_unwind
                 at /rustc/e408947bfd200af42db322daf0fadfe7e26d3bd1/library/std/src/panicking.rs:689:5
       1: core::panicking::panic_fmt
                 at /rustc/e408947bfd200af42db322daf0fadfe7e26d3bd1/library/core/src/panicking.rs:80:14
       2: core::panicking::panic_display
                 at /rustc/e408947bfd200af42db322daf0fadfe7e26d3bd1/library/core/src/panicking.rs:259:5
       3: core::option::expect_failed
                 at /rustc/e408947bfd200af42db322daf0fadfe7e26d3bd1/library/core/src/option.rs:2208:5
       4: core::option::Option<T>::expect
                 at /rustc/e408947bfd200af42db322daf0fadfe7e26d3bd1/library/core/src/option.rs:971:21
       5: fq::tests::parseheadertest::header_length_test_one
                 at ./src/tests/parseheadertest.rs:933:6
       6: fq::tests::parseheadertest::header_length
                 at ./src/tests/parseheadertest.rs:1579:9
       7: fq::tests::parseheadertest::header_length::{{closure}}
                 at ./src/tests/parseheadertest.rs:1013:19
       8: core::ops::function::FnOnce::call_once
                 at /rustc/e408947bfd200af42db322daf0fadfe7e26d3bd1/library/core/src/ops/function.rs:250:5
       9: core::ops::function::FnOnce::call_once
                 at /rustc/e408947bfd200af42db322daf0fadfe7e26d3bd1/library/core/src/ops/function.rs:250:5
    note: Some details are omitted, run with `RUST_BACKTRACE=full` for a verbose backtrace.

        PASS [   0.010s] (433/744) fq tests::picolog::picolog_basic
        PASS [   0.008s] (434/744) fq tests::picoquic_lb::cid_for_lb
        FAIL [   0.103s] (435/744) fq tests::parseheadertest::incoming_initial
  stdout ───

    running 1 test
    test tests::parseheadertest::incoming_initial ... FAILED

    failures:

    failures:
        tests::parseheadertest::incoming_initial

    test result: FAILED. 0 passed; 1 failed; 0 ignored; 0 measured; 743 filtered out; finished in 0.09s

  stderr ───

    thread 'tests::parseheadertest::incoming_initial' (25561) panicked at src/tests/parseheadertest.rs:542:5:
    expected a new connection to be created
    stack backtrace:
       0: __rustc::rust_begin_unwind
                 at /rustc/e408947bfd200af42db322daf0fadfe7e26d3bd1/library/std/src/panicking.rs:689:5
       1: core::panicking::panic_fmt
                 at /rustc/e408947bfd200af42db322daf0fadfe7e26d3bd1/library/core/src/panicking.rs:80:14
       2: fq::tests::parseheadertest::incoming_initial
                 at ./src/tests/parseheadertest.rs:542:5
       3: fq::tests::parseheadertest::incoming_initial::{{closure}}
                 at ./src/tests/parseheadertest.rs:518:22
       4: core::ops::function::FnOnce::call_once
                 at /rustc/e408947bfd200af42db322daf0fadfe7e26d3bd1/library/core/src/ops/function.rs:250:5
       5: core::ops::function::FnOnce::call_once
                 at /rustc/e408947bfd200af42db322daf0fadfe7e26d3bd1/library/core/src/ops/function.rs:250:5
    note: Some details are omitted, run with `RUST_BACKTRACE=full` for a verbose backtrace.

        PASS [   0.009s] (436/744) fq tests::picoquic_lb::cid_for_lb_cli
        PASS [   0.009s] (437/744) fq tests::pn2pn64test::pn2pn64
        PASS [   0.010s] (438/744) fq tests::qlog::qlog_auto
        PASS [   0.007s] (439/744) fq tests::qlog::qlog_error
        PASS [   0.007s] (440/744) fq tests::qlog_frame::qlog_frames
        FAIL [   0.105s] (441/744) fq tests::parseheadertest::packet_enc_dec
  stdout ───

    running 1 test
    test tests::parseheadertest::packet_enc_dec ... FAILED

    failures:

    failures:
        tests::parseheadertest::packet_enc_dec

    test result: FAILED. 0 passed; 1 failed; 0 ignored; 0 measured; 743 filtered out; finished in 0.09s

  stderr ───

    thread 'tests::parseheadertest::packet_enc_dec' (25563) panicked at src/tests/parseheadertest.rs:789:14:
    initial enc_dec: Generic
    stack backtrace:
       0: __rustc::rust_begin_unwind
                 at /rustc/e408947bfd200af42db322daf0fadfe7e26d3bd1/library/std/src/panicking.rs:689:5
       1: core::panicking::panic_fmt
                 at /rustc/e408947bfd200af42db322daf0fadfe7e26d3bd1/library/core/src/panicking.rs:80:14
       2: core::result::unwrap_failed
                 at /rustc/e408947bfd200af42db322daf0fadfe7e26d3bd1/library/core/src/result.rs:1867:5
       3: core::result::Result<T,E>::expect
                 at /rustc/e408947bfd200af42db322daf0fadfe7e26d3bd1/library/core/src/result.rs:1185:23
       4: fq::tests::parseheadertest::packet_enc_dec
                 at ./src/tests/parseheadertest.rs:789:14
       5: fq::tests::parseheadertest::packet_enc_dec::{{closure}}
                 at ./src/tests/parseheadertest.rs:737:20
       6: core::ops::function::FnOnce::call_once
                 at /rustc/e408947bfd200af42db322daf0fadfe7e26d3bd1/library/core/src/ops/function.rs:250:5
       7: core::ops::function::FnOnce::call_once
                 at /rustc/e408947bfd200af42db322daf0fadfe7e26d3bd1/library/core/src/ops/function.rs:250:5
    note: Some details are omitted, run with `RUST_BACKTRACE=full` for a verbose backtrace.

        PASS [   0.016s] (442/744) fq tests::sacktest::ack_disorder
        FAIL [   0.098s] (443/744) fq tests::parseheadertest::parseheader
  stdout ───

    running 1 test
    test tests::parseheadertest::parseheader ... FAILED

    failures:

    failures:
        tests::parseheadertest::parseheader

    test result: FAILED. 0 passed; 1 failed; 0 ignored; 0 measured; 743 filtered out; finished in 0.08s

  stderr ───

    thread 'tests::parseheadertest::parseheader' (25565) panicked at src/tests/parseheadertest.rs:453:9:
    assertion `left == right` failed: epoch mismatch at 5
      left: Initial
     right: OneRtt
    stack backtrace:
       0: __rustc::rust_begin_unwind
                 at /rustc/e408947bfd200af42db322daf0fadfe7e26d3bd1/library/std/src/panicking.rs:689:5
       1: core::panicking::panic_fmt
                 at /rustc/e408947bfd200af42db322daf0fadfe7e26d3bd1/library/core/src/panicking.rs:80:14
       2: core::panicking::assert_failed_inner
                 at /rustc/e408947bfd200af42db322daf0fadfe7e26d3bd1/library/core/src/panicking.rs:434:23
       3: core::panicking::assert_failed
                 at /rustc/e408947bfd200af42db322daf0fadfe7e26d3bd1/library/core/src/panicking.rs:394:5
       4: fq::tests::parseheadertest::parseheader
                 at ./src/tests/parseheadertest.rs:453:9
       5: fq::tests::parseheadertest::parseheader::{{closure}}
                 at ./src/tests/parseheadertest.rs:212:17
       6: core::ops::function::FnOnce::call_once
                 at /rustc/e408947bfd200af42db322daf0fadfe7e26d3bd1/library/core/src/ops/function.rs:250:5
       7: core::ops::function::FnOnce::call_once
                 at /rustc/e408947bfd200af42db322daf0fadfe7e26d3bd1/library/core/src/ops/function.rs:250:5
    note: Some details are omitted, run with `RUST_BACKTRACE=full` for a verbose backtrace.

        PASS [   0.024s] (444/744) fq tests::sacktest::ack_horizon
        PASS [   0.010s] (445/744) fq tests::sacktest::ack_loop
        PASS [   0.007s] (446/744) fq tests::sacktest::ack_range
        PASS [   0.009s] (447/744) fq tests::sacktest::ack_sack
        FAIL [   0.125s] (448/744) fq tests::quic_tester::initial_ping
  stdout ───

    running 1 test
    test tests::quic_tester::initial_ping ... FAILED

    failures:

    failures:
        tests::quic_tester::initial_ping

    test result: FAILED. 0 passed; 1 failed; 0 ignored; 0 measured; 743 filtered out; finished in 0.11s

  stderr ───

    thread 'tests::quic_tester::initial_ping' (25581) panicked at src/tests/quic_tester.rs:57:6:
    test with loss final: Generic
    stack backtrace:
       0: __rustc::rust_begin_unwind
                 at /rustc/e408947bfd200af42db322daf0fadfe7e26d3bd1/library/std/src/panicking.rs:689:5
       1: core::panicking::panic_fmt
                 at /rustc/e408947bfd200af42db322daf0fadfe7e26d3bd1/library/core/src/panicking.rs:80:14
       2: core::result::unwrap_failed
                 at /rustc/e408947bfd200af42db322daf0fadfe7e26d3bd1/library/core/src/result.rs:1867:5
       3: core::result::Result<T,E>::expect
                 at /rustc/e408947bfd200af42db322daf0fadfe7e26d3bd1/library/core/src/result.rs:1185:23
       4: fq::tests::quic_tester::initial_ping
                 at ./src/tests/quic_tester.rs:57:6
       5: fq::tests::quic_tester::initial_ping::{{closure}}
                 at ./src/tests/quic_tester.rs:19:18
       6: core::ops::function::FnOnce::call_once
                 at /rustc/e408947bfd200af42db322daf0fadfe7e26d3bd1/library/core/src/ops/function.rs:250:5
       7: core::ops::function::FnOnce::call_once
                 at /rustc/e408947bfd200af42db322daf0fadfe7e26d3bd1/library/core/src/ops/function.rs:250:5
    note: Some details are omitted, run with `RUST_BACKTRACE=full` for a verbose backtrace.

        FAIL [   0.124s] (449/744) fq tests::quic_tester::initial_ping_ack
  stdout ───

    running 1 test
    test tests::quic_tester::initial_ping_ack ... FAILED

    failures:

    failures:
        tests::quic_tester::initial_ping_ack

    test result: FAILED. 0 passed; 1 failed; 0 ignored; 0 measured; 743 filtered out; finished in 0.11s

  stderr ───

    thread 'tests::quic_tester::initial_ping_ack' (25584) panicked at src/tests/quic_tester.rs:128:6:
    test with loss final: Generic
    stack backtrace:
       0: __rustc::rust_begin_unwind
                 at /rustc/e408947bfd200af42db322daf0fadfe7e26d3bd1/library/std/src/panicking.rs:689:5
       1: core::panicking::panic_fmt
                 at /rustc/e408947bfd200af42db322daf0fadfe7e26d3bd1/library/core/src/panicking.rs:80:14
       2: core::result::unwrap_failed
                 at /rustc/e408947bfd200af42db322daf0fadfe7e26d3bd1/library/core/src/result.rs:1867:5
       3: core::result::Result<T,E>::expect
                 at /rustc/e408947bfd200af42db322daf0fadfe7e26d3bd1/library/core/src/result.rs:1185:23
       4: fq::tests::quic_tester::initial_ping_ack
                 at ./src/tests/quic_tester.rs:128:6
       5: fq::tests::quic_tester::initial_ping_ack::{{closure}}
                 at ./src/tests/quic_tester.rs:64:22
       6: core::ops::function::FnOnce::call_once
                 at /rustc/e408947bfd200af42db322daf0fadfe7e26d3bd1/library/core/src/ops/function.rs:250:5
       7: core::ops::function::FnOnce::call_once
                 at /rustc/e408947bfd200af42db322daf0fadfe7e26d3bd1/library/core/src/ops/function.rs:250:5
    note: Some details are omitted, run with `RUST_BACKTRACE=full` for a verbose backtrace.

        FAIL [   0.100s] (450/744) fq tests::sacktest::ack_send
  stdout ───

    running 1 test
    test tests::sacktest::ack_send ... FAILED

    failures:

    failures:
        tests::sacktest::ack_send

    test result: FAILED. 0 passed; 1 failed; 0 ignored; 0 measured; 743 filtered out; finished in 0.08s

  stderr ───

    thread 'tests::sacktest::ack_send' (25596) panicked at src/tests/sacktest.rs:232:9:
    attempt to subtract with overflow
    stack backtrace:
       0: __rustc::rust_begin_unwind
                 at /rustc/e408947bfd200af42db322daf0fadfe7e26d3bd1/library/std/src/panicking.rs:689:5
       1: core::panicking::panic_fmt
                 at /rustc/e408947bfd200af42db322daf0fadfe7e26d3bd1/library/core/src/panicking.rs:80:14
       2: core::panicking::panic_const::panic_const_sub_overflow
                 at /rustc/e408947bfd200af42db322daf0fadfe7e26d3bd1/library/core/src/panicking.rs:175:17
       3: fq::tests::sacktest::basic_ack_parse
                 at ./src/tests/sacktest.rs:232:9
       4: fq::tests::sacktest::ack_send
                 at ./src/tests/sacktest.rs:690:9
       5: fq::tests::sacktest::ack_send::{{closure}}
                 at ./src/tests/sacktest.rs:634:14
       6: core::ops::function::FnOnce::call_once
                 at /rustc/e408947bfd200af42db322daf0fadfe7e26d3bd1/library/core/src/ops/function.rs:250:5
       7: core::ops::function::FnOnce::call_once
                 at /rustc/e408947bfd200af42db322daf0fadfe7e26d3bd1/library/core/src/ops/function.rs:250:5
    note: Some details are omitted, run with `RUST_BACKTRACE=full` for a verbose backtrace.

        FAIL [   0.100s] (451/744) fq tests::satellite::satellite_basic
  stdout ───

    running 1 test
    test tests::satellite::satellite_basic ... FAILED

    failures:

    failures:
        tests::satellite::satellite_basic

    test result: FAILED. 0 passed; 1 failed; 0 ignored; 0 measured; 743 filtered out; finished in 0.09s

  stderr ───

    thread 'tests::satellite::satellite_basic' (25597) panicked at src/tests/satellite.rs:161:6:
    scenario completed: Generic
    stack backtrace:
       0: __rustc::rust_begin_unwind
                 at /rustc/e408947bfd200af42db322daf0fadfe7e26d3bd1/library/std/src/panicking.rs:689:5
       1: core::panicking::panic_fmt
                 at /rustc/e408947bfd200af42db322daf0fadfe7e26d3bd1/library/core/src/panicking.rs:80:14
       2: core::result::unwrap_failed
                 at /rustc/e408947bfd200af42db322daf0fadfe7e26d3bd1/library/core/src/result.rs:1867:5
       3: core::result::Result<T,E>::expect
                 at /rustc/e408947bfd200af42db322daf0fadfe7e26d3bd1/library/core/src/result.rs:1185:23
       4: fq::tests::satellite::satellite_test_one
                 at ./src/tests/satellite.rs:161:6
       5: fq::tests::satellite::satellite_basic
                 at ./src/tests/satellite.rs:201:5
       6: fq::tests::satellite::satellite_basic::{{closure}}
                 at ./src/tests/satellite.rs:199:21
       7: core::ops::function::FnOnce::call_once
                 at /rustc/e408947bfd200af42db322daf0fadfe7e26d3bd1/library/core/src/ops/function.rs:250:5
       8: core::ops::function::FnOnce::call_once
                 at /rustc/e408947bfd200af42db322daf0fadfe7e26d3bd1/library/core/src/ops/function.rs:250:5
    note: Some details are omitted, run with `RUST_BACKTRACE=full` for a verbose backtrace.

        FAIL [   0.108s] (452/744) fq tests::satellite::satellite_bbr1
  stdout ───

    running 1 test
    test tests::satellite::satellite_bbr1 ... FAILED

    failures:

    failures:
        tests::satellite::satellite_bbr1

    test result: FAILED. 0 passed; 1 failed; 0 ignored; 0 measured; 743 filtered out; finished in 0.09s

  stderr ───

    thread 'tests::satellite::satellite_bbr1' (25600) panicked at src/tests/satellite.rs:161:6:
    scenario completed: Generic
    stack backtrace:
       0: __rustc::rust_begin_unwind
                 at /rustc/e408947bfd200af42db322daf0fadfe7e26d3bd1/library/std/src/panicking.rs:689:5
       1: core::panicking::panic_fmt
                 at /rustc/e408947bfd200af42db322daf0fadfe7e26d3bd1/library/core/src/panicking.rs:80:14
       2: core::result::unwrap_failed
                 at /rustc/e408947bfd200af42db322daf0fadfe7e26d3bd1/library/core/src/result.rs:1867:5
       3: core::result::Result<T,E>::expect
                 at /rustc/e408947bfd200af42db322daf0fadfe7e26d3bd1/library/core/src/result.rs:1185:23
       4: fq::tests::satellite::satellite_test_one
                 at ./src/tests/satellite.rs:161:6
       5: fq::tests::satellite::satellite_bbr1
                 at ./src/tests/satellite.rs:391:5
       6: fq::tests::satellite::satellite_bbr1::{{closure}}
                 at ./src/tests/satellite.rs:389:20
       7: core::ops::function::FnOnce::call_once
                 at /rustc/e408947bfd200af42db322daf0fadfe7e26d3bd1/library/core/src/ops/function.rs:250:5
       8: core::ops::function::FnOnce::call_once
                 at /rustc/e408947bfd200af42db322daf0fadfe7e26d3bd1/library/core/src/ops/function.rs:250:5
    note: Some details are omitted, run with `RUST_BACKTRACE=full` for a verbose backtrace.

        FAIL [   0.108s] (453/744) fq tests::satellite::satellite_cubic
  stdout ───

    running 1 test
    test tests::satellite::satellite_cubic ... FAILED

    failures:

    failures:
        tests::satellite::satellite_cubic

    test result: FAILED. 0 passed; 1 failed; 0 ignored; 0 measured; 743 filtered out; finished in 0.09s

  stderr ───

    thread 'tests::satellite::satellite_cubic' (25601) panicked at src/tests/satellite.rs:161:6:
    scenario completed: Generic
    stack backtrace:
       0: __rustc::rust_begin_unwind
                 at /rustc/e408947bfd200af42db322daf0fadfe7e26d3bd1/library/std/src/panicking.rs:689:5
       1: core::panicking::panic_fmt
                 at /rustc/e408947bfd200af42db322daf0fadfe7e26d3bd1/library/core/src/panicking.rs:80:14
       2: core::result::unwrap_failed
                 at /rustc/e408947bfd200af42db322daf0fadfe7e26d3bd1/library/core/src/result.rs:1867:5
       3: core::result::Result<T,E>::expect
                 at /rustc/e408947bfd200af42db322daf0fadfe7e26d3bd1/library/core/src/result.rs:1185:23
       4: fq::tests::satellite::satellite_test_one
                 at ./src/tests/satellite.rs:161:6
       5: fq::tests::satellite::satellite_cubic
                 at ./src/tests/satellite.rs:410:5
       6: fq::tests::satellite::satellite_cubic::{{closure}}
                 at ./src/tests/satellite.rs:408:21
       7: core::ops::function::FnOnce::call_once
                 at /rustc/e408947bfd200af42db322daf0fadfe7e26d3bd1/library/core/src/ops/function.rs:250:5
       8: core::ops::function::FnOnce::call_once
                 at /rustc/e408947bfd200af42db322daf0fadfe7e26d3bd1/library/core/src/ops/function.rs:250:5
    note: Some details are omitted, run with `RUST_BACKTRACE=full` for a verbose backtrace.

        FAIL [   0.107s] (454/744) fq tests::satellite::satellite_cubic_loss
  stdout ───

    running 1 test
    test tests::satellite::satellite_cubic_loss ... FAILED

    failures:

    failures:
        tests::satellite::satellite_cubic_loss

    test result: FAILED. 0 passed; 1 failed; 0 ignored; 0 measured; 743 filtered out; finished in 0.09s

  stderr ───

    thread 'tests::satellite::satellite_cubic_loss' (25604) panicked at src/tests/satellite.rs:161:6:
    scenario completed: Generic
    stack backtrace:
       0: __rustc::rust_begin_unwind
                 at /rustc/e408947bfd200af42db322daf0fadfe7e26d3bd1/library/std/src/panicking.rs:689:5
       1: core::panicking::panic_fmt
                 at /rustc/e408947bfd200af42db322daf0fadfe7e26d3bd1/library/core/src/panicking.rs:80:14
       2: core::result::unwrap_failed
                 at /rustc/e408947bfd200af42db322daf0fadfe7e26d3bd1/library/core/src/result.rs:1867:5
       3: core::result::Result<T,E>::expect
                 at /rustc/e408947bfd200af42db322daf0fadfe7e26d3bd1/library/core/src/result.rs:1185:23
       4: fq::tests::satellite::satellite_test_one
                 at ./src/tests/satellite.rs:161:6
       5: fq::tests::satellite::satellite_cubic_loss
                 at ./src/tests/satellite.rs:448:5
       6: fq::tests::satellite::satellite_cubic_loss::{{closure}}
                 at ./src/tests/satellite.rs:446:26
       7: core::ops::function::FnOnce::call_once
                 at /rustc/e408947bfd200af42db322daf0fadfe7e26d3bd1/library/core/src/ops/function.rs:250:5
       8: core::ops::function::FnOnce::call_once
                 at /rustc/e408947bfd200af42db322daf0fadfe7e26d3bd1/library/core/src/ops/function.rs:250:5
    note: Some details are omitted, run with `RUST_BACKTRACE=full` for a verbose backtrace.

        FAIL [   0.102s] (455/744) fq tests::satellite::satellite_cubic_seeded
  stdout ───

    running 1 test
    test tests::satellite::satellite_cubic_seeded ... FAILED

    failures:

    failures:
        tests::satellite::satellite_cubic_seeded

    test result: FAILED. 0 passed; 1 failed; 0 ignored; 0 measured; 743 filtered out; finished in 0.09s

  stderr ───

    thread 'tests::satellite::satellite_cubic_seeded' (25605) panicked at src/tests/satellite.rs:161:6:
    scenario completed: Generic
    stack backtrace:
       0: __rustc::rust_begin_unwind
                 at /rustc/e408947bfd200af42db322daf0fadfe7e26d3bd1/library/std/src/panicking.rs:689:5
       1: core::panicking::panic_fmt
                 at /rustc/e408947bfd200af42db322daf0fadfe7e26d3bd1/library/core/src/panicking.rs:80:14
       2: core::result::unwrap_failed
                 at /rustc/e408947bfd200af42db322daf0fadfe7e26d3bd1/library/core/src/result.rs:1867:5
       3: core::result::Result<T,E>::expect
                 at /rustc/e408947bfd200af42db322daf0fadfe7e26d3bd1/library/core/src/result.rs:1185:23
       4: fq::tests::satellite::satellite_test_one
                 at ./src/tests/satellite.rs:161:6
       5: fq::tests::satellite::satellite_cubic_seeded
                 at ./src/tests/satellite.rs:429:5
       6: fq::tests::satellite::satellite_cubic_seeded::{{closure}}
                 at ./src/tests/satellite.rs:427:28
       7: core::ops::function::FnOnce::call_once
                 at /rustc/e408947bfd200af42db322daf0fadfe7e26d3bd1/library/core/src/ops/function.rs:250:5
       8: core::ops::function::FnOnce::call_once
                 at /rustc/e408947bfd200af42db322daf0fadfe7e26d3bd1/library/core/src/ops/function.rs:250:5
    note: Some details are omitted, run with `RUST_BACKTRACE=full` for a verbose backtrace.

        FAIL [   0.109s] (456/744) fq tests::satellite::satellite_dcubic_seeded
  stdout ───

    running 1 test
    test tests::satellite::satellite_dcubic_seeded ... FAILED

    failures:

    failures:
        tests::satellite::satellite_dcubic_seeded

    test result: FAILED. 0 passed; 1 failed; 0 ignored; 0 measured; 743 filtered out; finished in 0.09s

  stderr ───

    thread 'tests::satellite::satellite_dcubic_seeded' (25608) panicked at src/tests/satellite.rs:161:6:
    scenario completed: Generic
    stack backtrace:
       0: __rustc::rust_begin_unwind
                 at /rustc/e408947bfd200af42db322daf0fadfe7e26d3bd1/library/std/src/panicking.rs:689:5
       1: core::panicking::panic_fmt
                 at /rustc/e408947bfd200af42db322daf0fadfe7e26d3bd1/library/core/src/panicking.rs:80:14
       2: core::result::unwrap_failed
                 at /rustc/e408947bfd200af42db322daf0fadfe7e26d3bd1/library/core/src/result.rs:1867:5
       3: core::result::Result<T,E>::expect
                 at /rustc/e408947bfd200af42db322daf0fadfe7e26d3bd1/library/core/src/result.rs:1185:23
       4: fq::tests::satellite::satellite_test_one
                 at ./src/tests/satellite.rs:161:6
       5: fq::tests::satellite::satellite_dcubic_seeded
                 at ./src/tests/satellite.rs:467:5
       6: fq::tests::satellite::satellite_dcubic_seeded::{{closure}}
                 at ./src/tests/satellite.rs:465:29
       7: core::ops::function::FnOnce::call_once
                 at /rustc/e408947bfd200af42db322daf0fadfe7e26d3bd1/library/core/src/ops/function.rs:250:5
       8: core::ops::function::FnOnce::call_once
                 at /rustc/e408947bfd200af42db322daf0fadfe7e26d3bd1/library/core/src/ops/function.rs:250:5
    note: Some details are omitted, run with `RUST_BACKTRACE=full` for a verbose backtrace.

        FAIL [   0.115s] (457/744) fq tests::satellite::satellite_jitter
  stdout ───

    running 1 test
    test tests::satellite::satellite_jitter ... FAILED

    failures:

    failures:
        tests::satellite::satellite_jitter

    test result: FAILED. 0 passed; 1 failed; 0 ignored; 0 measured; 743 filtered out; finished in 0.10s

  stderr ───

    thread 'tests::satellite::satellite_jitter' (25609) panicked at src/tests/satellite.rs:161:6:
    scenario completed: Generic
    stack backtrace:
       0: __rustc::rust_begin_unwind
                 at /rustc/e408947bfd200af42db322daf0fadfe7e26d3bd1/library/std/src/panicking.rs:689:5
       1: core::panicking::panic_fmt
                 at /rustc/e408947bfd200af42db322daf0fadfe7e26d3bd1/library/core/src/panicking.rs:80:14
       2: core::result::unwrap_failed
                 at /rustc/e408947bfd200af42db322daf0fadfe7e26d3bd1/library/core/src/result.rs:1867:5
       3: core::result::Result<T,E>::expect
                 at /rustc/e408947bfd200af42db322daf0fadfe7e26d3bd1/library/core/src/result.rs:1185:23
       4: fq::tests::satellite::satellite_test_one
                 at ./src/tests/satellite.rs:161:6
       5: fq::tests::satellite::satellite_jitter
                 at ./src/tests/satellite.rs:315:5
       6: fq::tests::satellite::satellite_jitter::{{closure}}
                 at ./src/tests/satellite.rs:313:22
       7: core::ops::function::FnOnce::call_once
                 at /rustc/e408947bfd200af42db322daf0fadfe7e26d3bd1/library/core/src/ops/function.rs:250:5
       8: core::ops::function::FnOnce::call_once
                 at /rustc/e408947bfd200af42db322daf0fadfe7e26d3bd1/library/core/src/ops/function.rs:250:5
    note: Some details are omitted, run with `RUST_BACKTRACE=full` for a verbose backtrace.

        FAIL [   0.108s] (458/744) fq tests::satellite::satellite_loss_fc
  stdout ───

    running 1 test
    test tests::satellite::satellite_loss_fc ... FAILED

    failures:

    failures:
        tests::satellite::satellite_loss_fc

    test result: FAILED. 0 passed; 1 failed; 0 ignored; 0 measured; 743 filtered out; finished in 0.09s

  stderr ───

    thread 'tests::satellite::satellite_loss_fc' (25613) panicked at src/tests/satellite.rs:161:6:
    scenario completed: Generic
    stack backtrace:
       0: __rustc::rust_begin_unwind
                 at /rustc/e408947bfd200af42db322daf0fadfe7e26d3bd1/library/std/src/panicking.rs:689:5
       1: core::panicking::panic_fmt
                 at /rustc/e408947bfd200af42db322daf0fadfe7e26d3bd1/library/core/src/panicking.rs:80:14
       2: core::result::unwrap_failed
                 at /rustc/e408947bfd200af42db322daf0fadfe7e26d3bd1/library/core/src/result.rs:1867:5
       3: core::result::Result<T,E>::expect
                 at /rustc/e408947bfd200af42db322daf0fadfe7e26d3bd1/library/core/src/result.rs:1185:23
       4: fq::tests::satellite::satellite_test_one
                 at ./src/tests/satellite.rs:161:6
       5: fq::tests::satellite::satellite_loss_fc
                 at ./src/tests/satellite.rs:277:5
       6: fq::tests::satellite::satellite_loss_fc::{{closure}}
                 at ./src/tests/satellite.rs:275:23
       7: core::ops::function::FnOnce::call_once
                 at /rustc/e408947bfd200af42db322daf0fadfe7e26d3bd1/library/core/src/ops/function.rs:250:5
       8: core::ops::function::FnOnce::call_once
                 at /rustc/e408947bfd200af42db322daf0fadfe7e26d3bd1/library/core/src/ops/function.rs:250:5
    note: Some details are omitted, run with `RUST_BACKTRACE=full` for a verbose backtrace.

        FAIL [   0.116s] (459/744) fq tests::satellite::satellite_loss
  stdout ───

    running 1 test
    test tests::satellite::satellite_loss ... FAILED

    failures:

    failures:
        tests::satellite::satellite_loss

    test result: FAILED. 0 passed; 1 failed; 0 ignored; 0 measured; 743 filtered out; finished in 0.10s

  stderr ───

    thread 'tests::satellite::satellite_loss' (25612) panicked at src/tests/satellite.rs:161:6:
    scenario completed: Generic
    stack backtrace:
       0: __rustc::rust_begin_unwind
                 at /rustc/e408947bfd200af42db322daf0fadfe7e26d3bd1/library/std/src/panicking.rs:689:5
       1: core::panicking::panic_fmt
                 at /rustc/e408947bfd200af42db322daf0fadfe7e26d3bd1/library/core/src/panicking.rs:80:14
       2: core::result::unwrap_failed
                 at /rustc/e408947bfd200af42db322daf0fadfe7e26d3bd1/library/core/src/result.rs:1867:5
       3: core::result::Result<T,E>::expect
                 at /rustc/e408947bfd200af42db322daf0fadfe7e26d3bd1/library/core/src/result.rs:1185:23
       4: fq::tests::satellite::satellite_test_one
                 at ./src/tests/satellite.rs:161:6
       5: fq::tests::satellite::satellite_loss
                 at ./src/tests/satellite.rs:258:5
       6: fq::tests::satellite::satellite_loss::{{closure}}
                 at ./src/tests/satellite.rs:256:20
       7: core::ops::function::FnOnce::call_once
                 at /rustc/e408947bfd200af42db322daf0fadfe7e26d3bd1/library/core/src/ops/function.rs:250:5
       8: core::ops::function::FnOnce::call_once
                 at /rustc/e408947bfd200af42db322daf0fadfe7e26d3bd1/library/core/src/ops/function.rs:250:5
    note: Some details are omitted, run with `RUST_BACKTRACE=full` for a verbose backtrace.

        FAIL [   0.110s] (460/744) fq tests::satellite::satellite_medium
  stdout ───

    running 1 test
    test tests::satellite::satellite_medium ... FAILED

    failures:

    failures:
        tests::satellite::satellite_medium

    test result: FAILED. 0 passed; 1 failed; 0 ignored; 0 measured; 743 filtered out; finished in 0.09s

  stderr ───

    thread 'tests::satellite::satellite_medium' (25615) panicked at src/tests/satellite.rs:161:6:
    scenario completed: Generic
    stack backtrace:
       0: __rustc::rust_begin_unwind
                 at /rustc/e408947bfd200af42db322daf0fadfe7e26d3bd1/library/std/src/panicking.rs:689:5
       1: core::panicking::panic_fmt
                 at /rustc/e408947bfd200af42db322daf0fadfe7e26d3bd1/library/core/src/panicking.rs:80:14
       2: core::result::unwrap_failed
                 at /rustc/e408947bfd200af42db322daf0fadfe7e26d3bd1/library/core/src/result.rs:1867:5
       3: core::result::Result<T,E>::expect
                 at /rustc/e408947bfd200af42db322daf0fadfe7e26d3bd1/library/core/src/result.rs:1185:23
       4: fq::tests::satellite::satellite_test_one
                 at ./src/tests/satellite.rs:161:6
       5: fq::tests::satellite::satellite_medium
                 at ./src/tests/satellite.rs:334:5
       6: fq::tests::satellite::satellite_medium::{{closure}}
                 at ./src/tests/satellite.rs:332:22
       7: core::ops::function::FnOnce::call_once
                 at /rustc/e408947bfd200af42db322daf0fadfe7e26d3bd1/library/core/src/ops/function.rs:250:5
       8: core::ops::function::FnOnce::call_once
                 at /rustc/e408947bfd200af42db322daf0fadfe7e26d3bd1/library/core/src/ops/function.rs:250:5
    note: Some details are omitted, run with `RUST_BACKTRACE=full` for a verbose backtrace.

        FAIL [   0.108s] (461/744) fq tests::satellite::satellite_preemptive
  stdout ───

    running 1 test
    test tests::satellite::satellite_preemptive ... FAILED

    failures:

    failures:
        tests::satellite::satellite_preemptive

    test result: FAILED. 0 passed; 1 failed; 0 ignored; 0 measured; 743 filtered out; finished in 0.09s

  stderr ───

    thread 'tests::satellite::satellite_preemptive' (25619) panicked at src/tests/satellite.rs:161:6:
    scenario completed: Generic
    stack backtrace:
       0: __rustc::rust_begin_unwind
                 at /rustc/e408947bfd200af42db322daf0fadfe7e26d3bd1/library/std/src/panicking.rs:689:5
       1: core::panicking::panic_fmt
                 at /rustc/e408947bfd200af42db322daf0fadfe7e26d3bd1/library/core/src/panicking.rs:80:14
       2: core::result::unwrap_failed
                 at /rustc/e408947bfd200af42db322daf0fadfe7e26d3bd1/library/core/src/result.rs:1867:5
       3: core::result::Result<T,E>::expect
                 at /rustc/e408947bfd200af42db322daf0fadfe7e26d3bd1/library/core/src/result.rs:1185:23
       4: fq::tests::satellite::satellite_test_one
                 at ./src/tests/satellite.rs:161:6
       5: fq::tests::satellite::satellite_preemptive
                 at ./src/tests/satellite.rs:296:5
       6: fq::tests::satellite::satellite_preemptive::{{closure}}
                 at ./src/tests/satellite.rs:294:26
       7: core::ops::function::FnOnce::call_once
                 at /rustc/e408947bfd200af42db322daf0fadfe7e26d3bd1/library/core/src/ops/function.rs:250:5
       8: core::ops::function::FnOnce::call_once
                 at /rustc/e408947bfd200af42db322daf0fadfe7e26d3bd1/library/core/src/ops/function.rs:250:5
    note: Some details are omitted, run with `RUST_BACKTRACE=full` for a verbose backtrace.

        FAIL [   0.129s] (462/744) fq tests::satellite::satellite_prague_seeded
  stdout ───

    running 1 test
    test tests::satellite::satellite_prague_seeded ... FAILED

    failures:

    failures:
        tests::satellite::satellite_prague_seeded

    test result: FAILED. 0 passed; 1 failed; 0 ignored; 0 measured; 743 filtered out; finished in 0.10s

  stderr ───

    thread 'tests::satellite::satellite_prague_seeded' (25617) panicked at src/tests/satellite.rs:161:6:
    scenario completed: Generic
    stack backtrace:
       0: __rustc::rust_begin_unwind
                 at /rustc/e408947bfd200af42db322daf0fadfe7e26d3bd1/library/std/src/panicking.rs:689:5
       1: core::panicking::panic_fmt
                 at /rustc/e408947bfd200af42db322daf0fadfe7e26d3bd1/library/core/src/panicking.rs:80:14
       2: core::result::unwrap_failed
                 at /rustc/e408947bfd200af42db322daf0fadfe7e26d3bd1/library/core/src/result.rs:1867:5
       3: core::result::Result<T,E>::expect
                 at /rustc/e408947bfd200af42db322daf0fadfe7e26d3bd1/library/core/src/result.rs:1185:23
       4: fq::tests::satellite::satellite_test_one
                 at ./src/tests/satellite.rs:161:6
       5: fq::tests::satellite::satellite_prague_seeded
                 at ./src/tests/satellite.rs:486:5
       6: fq::tests::satellite::satellite_prague_seeded::{{closure}}
                 at ./src/tests/satellite.rs:484:29
       7: core::ops::function::FnOnce::call_once
                 at /rustc/e408947bfd200af42db322daf0fadfe7e26d3bd1/library/core/src/ops/function.rs:250:5
       8: core::ops::function::FnOnce::call_once
                 at /rustc/e408947bfd200af42db322daf0fadfe7e26d3bd1/library/core/src/ops/function.rs:250:5
    note: Some details are omitted, run with `RUST_BACKTRACE=full` for a verbose backtrace.

        FAIL [   0.109s] (463/744) fq tests::satellite::satellite_preemptive_fc
  stdout ───

    running 1 test
    test tests::satellite::satellite_preemptive_fc ... FAILED

    failures:

    failures:
        tests::satellite::satellite_preemptive_fc

    test result: FAILED. 0 passed; 1 failed; 0 ignored; 0 measured; 743 filtered out; finished in 0.09s

  stderr ───

    thread 'tests::satellite::satellite_preemptive_fc' (25621) panicked at src/tests/satellite.rs:161:6:
    scenario completed: Generic
    stack backtrace:
       0: __rustc::rust_begin_unwind
                 at /rustc/e408947bfd200af42db322daf0fadfe7e26d3bd1/library/std/src/panicking.rs:689:5
       1: core::panicking::panic_fmt
                 at /rustc/e408947bfd200af42db322daf0fadfe7e26d3bd1/library/core/src/panicking.rs:80:14
       2: core::result::unwrap_failed
                 at /rustc/e408947bfd200af42db322daf0fadfe7e26d3bd1/library/core/src/result.rs:1867:5
       3: core::result::Result<T,E>::expect
                 at /rustc/e408947bfd200af42db322daf0fadfe7e26d3bd1/library/core/src/result.rs:1185:23
       4: fq::tests::satellite::satellite_test_one
                 at ./src/tests/satellite.rs:161:6
       5: fq::tests::satellite::satellite_preemptive_fc
                 at ./src/tests/satellite.rs:505:5
       6: fq::tests::satellite::satellite_preemptive_fc::{{closure}}
                 at ./src/tests/satellite.rs:503:29
       7: core::ops::function::FnOnce::call_once
                 at /rustc/e408947bfd200af42db322daf0fadfe7e26d3bd1/library/core/src/ops/function.rs:250:5
       8: core::ops::function::FnOnce::call_once
                 at /rustc/e408947bfd200af42db322daf0fadfe7e26d3bd1/library/core/src/ops/function.rs:250:5
    note: Some details are omitted, run with `RUST_BACKTRACE=full` for a verbose backtrace.

        FAIL [   0.111s] (464/744) fq tests::satellite::satellite_seeded
  stdout ───

    running 1 test
    test tests::satellite::satellite_seeded ... FAILED

    failures:

    failures:
        tests::satellite::satellite_seeded

    test result: FAILED. 0 passed; 1 failed; 0 ignored; 0 measured; 743 filtered out; finished in 0.09s

  stderr ───

    thread 'tests::satellite::satellite_seeded' (25623) panicked at src/tests/satellite.rs:161:6:
    scenario completed: Generic
    stack backtrace:
       0: __rustc::rust_begin_unwind
                 at /rustc/e408947bfd200af42db322daf0fadfe7e26d3bd1/library/std/src/panicking.rs:689:5
       1: core::panicking::panic_fmt
                 at /rustc/e408947bfd200af42db322daf0fadfe7e26d3bd1/library/core/src/panicking.rs:80:14
       2: core::result::unwrap_failed
                 at /rustc/e408947bfd200af42db322daf0fadfe7e26d3bd1/library/core/src/result.rs:1867:5
       3: core::result::Result<T,E>::expect
                 at /rustc/e408947bfd200af42db322daf0fadfe7e26d3bd1/library/core/src/result.rs:1185:23
       4: fq::tests::satellite::satellite_test_one
                 at ./src/tests/satellite.rs:161:6
       5: fq::tests::satellite::satellite_seeded
                 at ./src/tests/satellite.rs:220:5
       6: fq::tests::satellite::satellite_seeded::{{closure}}
                 at ./src/tests/satellite.rs:218:22
       7: core::ops::function::FnOnce::call_once
                 at /rustc/e408947bfd200af42db322daf0fadfe7e26d3bd1/library/core/src/ops/function.rs:250:5
       8: core::ops::function::FnOnce::call_once
                 at /rustc/e408947bfd200af42db322daf0fadfe7e26d3bd1/library/core/src/ops/function.rs:250:5
    note: Some details are omitted, run with `RUST_BACKTRACE=full` for a verbose backtrace.

        FAIL [   0.107s] (465/744) fq tests::satellite::satellite_seeded_bbr1
  stdout ───

    running 1 test
    test tests::satellite::satellite_seeded_bbr1 ... FAILED

    failures:

    failures:
        tests::satellite::satellite_seeded_bbr1

    test result: FAILED. 0 passed; 1 failed; 0 ignored; 0 measured; 743 filtered out; finished in 0.09s

  stderr ───

    thread 'tests::satellite::satellite_seeded_bbr1' (25626) panicked at src/tests/satellite.rs:161:6:
    scenario completed: Generic
    stack backtrace:
       0: __rustc::rust_begin_unwind
                 at /rustc/e408947bfd200af42db322daf0fadfe7e26d3bd1/library/std/src/panicking.rs:689:5
       1: core::panicking::panic_fmt
                 at /rustc/e408947bfd200af42db322daf0fadfe7e26d3bd1/library/core/src/panicking.rs:80:14
       2: core::result::unwrap_failed
                 at /rustc/e408947bfd200af42db322daf0fadfe7e26d3bd1/library/core/src/result.rs:1867:5
       3: core::result::Result<T,E>::expect
                 at /rustc/e408947bfd200af42db322daf0fadfe7e26d3bd1/library/core/src/result.rs:1185:23
       4: fq::tests::satellite::satellite_test_one
                 at ./src/tests/satellite.rs:161:6
       5: fq::tests::satellite::satellite_seeded_bbr1
                 at ./src/tests/satellite.rs:239:5
       6: fq::tests::satellite::satellite_seeded_bbr1::{{closure}}
                 at ./src/tests/satellite.rs:237:27
       7: core::ops::function::FnOnce::call_once
                 at /rustc/e408947bfd200af42db322daf0fadfe7e26d3bd1/library/core/src/ops/function.rs:250:5
       8: core::ops::function::FnOnce::call_once
                 at /rustc/e408947bfd200af42db322daf0fadfe7e26d3bd1/library/core/src/ops/function.rs:250:5
    note: Some details are omitted, run with `RUST_BACKTRACE=full` for a verbose backtrace.

        FAIL [   0.112s] (466/744) fq tests::satellite::satellite_small_up
  stdout ───

    running 1 test
    test tests::satellite::satellite_small_up ... FAILED

    failures:

    failures:
        tests::satellite::satellite_small_up

    test result: FAILED. 0 passed; 1 failed; 0 ignored; 0 measured; 743 filtered out; finished in 0.10s

  stderr ───

    thread 'tests::satellite::satellite_small_up' (25628) panicked at src/tests/satellite.rs:161:6:
    scenario completed: Generic
    stack backtrace:
       0: __rustc::rust_begin_unwind
                 at /rustc/e408947bfd200af42db322daf0fadfe7e26d3bd1/library/std/src/panicking.rs:689:5
       1: core::panicking::panic_fmt
                 at /rustc/e408947bfd200af42db322daf0fadfe7e26d3bd1/library/core/src/panicking.rs:80:14
       2: core::result::unwrap_failed
                 at /rustc/e408947bfd200af42db322daf0fadfe7e26d3bd1/library/core/src/result.rs:1867:5
       3: core::result::Result<T,E>::expect
                 at /rustc/e408947bfd200af42db322daf0fadfe7e26d3bd1/library/core/src/result.rs:1185:23
       4: fq::tests::satellite::satellite_test_one
                 at ./src/tests/satellite.rs:161:6
       5: fq::tests::satellite::satellite_small_up
                 at ./src/tests/satellite.rs:372:5
       6: fq::tests::satellite::satellite_small_up::{{closure}}
                 at ./src/tests/satellite.rs:370:24
       7: core::ops::function::FnOnce::call_once
                 at /rustc/e408947bfd200af42db322daf0fadfe7e26d3bd1/library/core/src/ops/function.rs:250:5
       8: core::ops::function::FnOnce::call_once
                 at /rustc/e408947bfd200af42db322daf0fadfe7e26d3bd1/library/core/src/ops/function.rs:250:5
    note: Some details are omitted, run with `RUST_BACKTRACE=full` for a verbose backtrace.

        FAIL [   0.137s] (467/744) fq tests::satellite::satellite_small
  stdout ───

    running 1 test
    test tests::satellite::satellite_small ... FAILED

    failures:

    failures:
        tests::satellite::satellite_small

    test result: FAILED. 0 passed; 1 failed; 0 ignored; 0 measured; 743 filtered out; finished in 0.11s

  stderr ───

    thread 'tests::satellite::satellite_small' (25629) panicked at src/tests/satellite.rs:161:6:
    scenario completed: Generic
    stack backtrace:
       0: __rustc::rust_begin_unwind
                 at /rustc/e408947bfd200af42db322daf0fadfe7e26d3bd1/library/std/src/panicking.rs:689:5
       1: core::panicking::panic_fmt
                 at /rustc/e408947bfd200af42db322daf0fadfe7e26d3bd1/library/core/src/panicking.rs:80:14
       2: core::result::unwrap_failed
                 at /rustc/e408947bfd200af42db322daf0fadfe7e26d3bd1/library/core/src/result.rs:1867:5
       3: core::result::Result<T,E>::expect
                 at /rustc/e408947bfd200af42db322daf0fadfe7e26d3bd1/library/core/src/result.rs:1185:23
       4: fq::tests::satellite::satellite_test_one
                 at ./src/tests/satellite.rs:161:6
       5: fq::tests::satellite::satellite_small
                 at ./src/tests/satellite.rs:353:5
       6: fq::tests::satellite::satellite_small::{{closure}}
                 at ./src/tests/satellite.rs:351:21
       7: core::ops::function::FnOnce::call_once
                 at /rustc/e408947bfd200af42db322daf0fadfe7e26d3bd1/library/core/src/ops/function.rs:250:5
       8: core::ops::function::FnOnce::call_once
                 at /rustc/e408947bfd200af42db322daf0fadfe7e26d3bd1/library/core/src/ops/function.rs:250:5
    note: Some details are omitted, run with `RUST_BACKTRACE=full` for a verbose backtrace.

        PASS [   0.020s] (468/744) fq tests::skip_frame::dataqueue_copy
        PASS [   0.009s] (469/744) fq tests::skip_frame::dataqueue_packet
        PASS [   0.037s] (470/744) fq tests::skip_frame::frames_ackack_error
        FAIL [   0.106s] (471/744) fq tests::skip_frame::app_message_overflow
  stdout ───

    running 1 test
    test tests::skip_frame::app_message_overflow ... FAILED

    failures:

    failures:
        tests::skip_frame::app_message_overflow

    test result: FAILED. 0 passed; 1 failed; 0 ignored; 0 measured; 743 filtered out; finished in 0.09s

  stderr ───

    thread 'tests::skip_frame::app_message_overflow' (25631) panicked at src/tests/skip_frame.rs:4382:10:
    convert overflow binlog to qlog: Generic
    stack backtrace:
       0: __rustc::rust_begin_unwind
                 at /rustc/e408947bfd200af42db322daf0fadfe7e26d3bd1/library/std/src/panicking.rs:689:5
       1: core::panicking::panic_fmt
                 at /rustc/e408947bfd200af42db322daf0fadfe7e26d3bd1/library/core/src/panicking.rs:80:14
       2: core::result::unwrap_failed
                 at /rustc/e408947bfd200af42db322daf0fadfe7e26d3bd1/library/core/src/result.rs:1867:5
       3: core::result::Result<T,E>::expect
                 at /rustc/e408947bfd200af42db322daf0fadfe7e26d3bd1/library/core/src/result.rs:1185:23
       4: fq::tests::skip_frame::app_message_overflow
                 at ./src/tests/skip_frame.rs:4382:10
       5: fq::tests::skip_frame::app_message_overflow::{{closure}}
                 at ./src/tests/skip_frame.rs:4339:26
       6: core::ops::function::FnOnce::call_once
                 at /rustc/e408947bfd200af42db322daf0fadfe7e26d3bd1/library/core/src/ops/function.rs:250:5
       7: core::ops::function::FnOnce::call_once
                 at /rustc/e408947bfd200af42db322daf0fadfe7e26d3bd1/library/core/src/ops/function.rs:250:5
    note: Some details are omitted, run with `RUST_BACKTRACE=full` for a verbose backtrace.

        FAIL [   0.105s] (472/744) fq tests::skip_frame::binlog
  stdout ───

    running 1 test
    test tests::skip_frame::binlog ... FAILED

    failures:

    failures:
        tests::skip_frame::binlog

    test result: FAILED. 0 passed; 1 failed; 0 ignored; 0 measured; 743 filtered out; finished in 0.09s

  stderr ───

    thread 'tests::skip_frame::binlog' (25633) panicked at src/tests/skip_frame.rs:4472:23:
    binlog_test: Generic
    stack backtrace:
       0: __rustc::rust_begin_unwind
                 at /rustc/e408947bfd200af42db322daf0fadfe7e26d3bd1/library/std/src/panicking.rs:689:5
       1: core::panicking::panic_fmt
                 at /rustc/e408947bfd200af42db322daf0fadfe7e26d3bd1/library/core/src/panicking.rs:80:14
       2: core::result::unwrap_failed
                 at /rustc/e408947bfd200af42db322daf0fadfe7e26d3bd1/library/core/src/result.rs:1867:5
       3: core::result::Result<T,E>::expect
                 at /rustc/e408947bfd200af42db322daf0fadfe7e26d3bd1/library/core/src/result.rs:1185:23
       4: fq::tests::skip_frame::binlog
                 at ./src/tests/skip_frame.rs:4472:23
       5: fq::tests::skip_frame::binlog::{{closure}}
                 at ./src/tests/skip_frame.rs:4471:12
       6: core::ops::function::FnOnce::call_once
                 at /rustc/e408947bfd200af42db322daf0fadfe7e26d3bd1/library/core/src/ops/function.rs:250:5
       7: core::ops::function::FnOnce::call_once
                 at /rustc/e408947bfd200af42db322daf0fadfe7e26d3bd1/library/core/src/ops/function.rs:250:5
    note: Some details are omitted, run with `RUST_BACKTRACE=full` for a verbose backtrace.

        PASS [   0.028s] (473/744) fq tests::skip_frame::frames_repeat
        FAIL [   0.109s] (474/744) fq tests::skip_frame::frames_format
  stdout ───

    running 1 test
    test tests::skip_frame::frames_format ... FAILED

    failures:

    failures:
        tests::skip_frame::frames_format

    test result: FAILED. 0 passed; 1 failed; 0 ignored; 0 measured; 743 filtered out; finished in 0.09s

  stderr ───

    thread 'tests::skip_frame::frames_format' (25641) panicked at src/tests/skip_frame.rs:3863:30:
    frames_format: Generic
    stack backtrace:
       0: __rustc::rust_begin_unwind
                 at /rustc/e408947bfd200af42db322daf0fadfe7e26d3bd1/library/std/src/panicking.rs:689:5
       1: core::panicking::panic_fmt
                 at /rustc/e408947bfd200af42db322daf0fadfe7e26d3bd1/library/core/src/panicking.rs:80:14
       2: core::result::unwrap_failed
                 at /rustc/e408947bfd200af42db322daf0fadfe7e26d3bd1/library/core/src/result.rs:1867:5
       3: core::result::Result<T,E>::expect
                 at /rustc/e408947bfd200af42db322daf0fadfe7e26d3bd1/library/core/src/result.rs:1185:23
       4: fq::tests::skip_frame::frames_format
                 at ./src/tests/skip_frame.rs:3863:30
       5: fq::tests::skip_frame::frames_format::{{closure}}
                 at ./src/tests/skip_frame.rs:3862:19
       6: core::ops::function::FnOnce::call_once
                 at /rustc/e408947bfd200af42db322daf0fadfe7e26d3bd1/library/core/src/ops/function.rs:250:5
       7: core::ops::function::FnOnce::call_once
                 at /rustc/e408947bfd200af42db322daf0fadfe7e26d3bd1/library/core/src/ops/function.rs:250:5
    note: Some details are omitted, run with `RUST_BACKTRACE=full` for a verbose backtrace.

        PASS [   0.048s] (475/744) fq tests::skip_frame::frames_skip
        PASS [   0.010s] (476/744) fq tests::skip_frame::new_cnxid
        PASS [   0.010s] (477/744) fq tests::skip_frame::new_cnxid_stash
        PASS [   0.008s] (478/744) fq tests::skip_frame::queue_network_input
        FAIL [   0.101s] (479/744) fq tests::skip_frame::frames_parse
  stdout ───

    running 1 test
    test tests::skip_frame::frames_parse ... FAILED

    failures:

    failures:
        tests::skip_frame::frames_parse

    test result: FAILED. 0 passed; 1 failed; 0 ignored; 0 measured; 743 filtered out; finished in 0.08s

  stderr ───

    thread 'tests::skip_frame::frames_parse' (25643) panicked at src/tests/skip_frame.rs:3744:13:
    assertion `left == right` failed: parse frame <streams_blocked_bidir>
      left: 4
     right: 0
    stack backtrace:
       0: __rustc::rust_begin_unwind
                 at /rustc/e408947bfd200af42db322daf0fadfe7e26d3bd1/library/std/src/panicking.rs:689:5
       1: core::panicking::panic_fmt
                 at /rustc/e408947bfd200af42db322daf0fadfe7e26d3bd1/library/core/src/panicking.rs:80:14
       2: core::panicking::assert_failed_inner
                 at /rustc/e408947bfd200af42db322daf0fadfe7e26d3bd1/library/core/src/panicking.rs:434:23
       3: core::panicking::assert_failed
                 at /rustc/e408947bfd200af42db322daf0fadfe7e26d3bd1/library/core/src/panicking.rs:394:5
       4: fq::tests::skip_frame::frames_parse
                 at ./src/tests/skip_frame.rs:3744:13
       5: fq::tests::skip_frame::frames_parse::{{closure}}
                 at ./src/tests/skip_frame.rs:3716:18
       6: core::ops::function::FnOnce::call_once
                 at /rustc/e408947bfd200af42db322daf0fadfe7e26d3bd1/library/core/src/ops/function.rs:250:5
       7: core::ops::function::FnOnce::call_once
                 at /rustc/e408947bfd200af42db322daf0fadfe7e26d3bd1/library/core/src/ops/function.rs:250:5
    note: Some details are omitted, run with `RUST_BACKTRACE=full` for a verbose backtrace.

        PASS [   0.009s] (480/744) fq tests::skip_frame::send_stream_blocked
        PASS [   0.008s] (481/744) fq tests::skip_frame::stream_ack
        PASS [   0.016s] (482/744) fq tests::skip_frame::stream_retransmit_copy
        FAIL [   0.103s] (483/744) fq tests::skip_frame::logger
  stdout ───

    running 1 test
    test tests::skip_frame::logger ... FAILED

    failures:

    failures:
        tests::skip_frame::logger

    test result: FAILED. 0 passed; 1 failed; 0 ignored; 0 measured; 743 filtered out; finished in 0.09s

  stderr ───

    thread 'tests::skip_frame::logger' (25649) panicked at src/tests/skip_frame.rs:3048:5:
    connections created before set_textlog must dispatch through the installed textlog backend
    stack backtrace:
       0: __rustc::rust_begin_unwind
                 at /rustc/e408947bfd200af42db322daf0fadfe7e26d3bd1/library/std/src/panicking.rs:689:5
       1: core::panicking::panic_fmt
                 at /rustc/e408947bfd200af42db322daf0fadfe7e26d3bd1/library/core/src/panicking.rs:80:14
       2: fq::tests::skip_frame::run_logger_test
                 at ./src/tests/skip_frame.rs:3048:5
       3: fq::tests::skip_frame::logger
                 at ./src/tests/skip_frame.rs:4478:5
       4: fq::tests::skip_frame::logger::{{closure}}
                 at ./src/tests/skip_frame.rs:4477:12
       5: core::ops::function::FnOnce::call_once
                 at /rustc/e408947bfd200af42db322daf0fadfe7e26d3bd1/library/core/src/ops/function.rs:250:5
       6: core::ops::function::FnOnce::call_once
                 at /rustc/e408947bfd200af42db322daf0fadfe7e26d3bd1/library/core/src/ops/function.rs:250:5
    note: Some details are omitted, run with `RUST_BACKTRACE=full` for a verbose backtrace.

        FAIL [   0.100s] (484/744) fq tests::socket::sockets
  stdout ───

    running 1 test
    test tests::socket::sockets ... FAILED

    failures:

    failures:
        tests::socket::sockets

    test result: FAILED. 0 passed; 1 failed; 0 ignored; 0 measured; 743 filtered out; finished in 0.08s

  stderr ───

    thread 'tests::socket::sockets' (25665) panicked at src/tests/socket.rs:166:61:
    open server sockets: Generic
    stack backtrace:
       0: __rustc::rust_begin_unwind
                 at /rustc/e408947bfd200af42db322daf0fadfe7e26d3bd1/library/std/src/panicking.rs:689:5
       1: core::panicking::panic_fmt
                 at /rustc/e408947bfd200af42db322daf0fadfe7e26d3bd1/library/core/src/panicking.rs:80:14
       2: core::result::unwrap_failed
                 at /rustc/e408947bfd200af42db322daf0fadfe7e26d3bd1/library/core/src/result.rs:1867:5
       3: core::result::Result<T,E>::expect
                 at /rustc/e408947bfd200af42db322daf0fadfe7e26d3bd1/library/core/src/result.rs:1185:23
       4: fq::tests::socket::sockets
                 at ./src/tests/socket.rs:166:61
       5: fq::tests::socket::sockets::{{closure}}
                 at ./src/tests/socket.rs:161:13
       6: core::ops::function::FnOnce::call_once
                 at /rustc/e408947bfd200af42db322daf0fadfe7e26d3bd1/library/core/src/ops/function.rs:250:5
       7: core::ops::function::FnOnce::call_once
                 at /rustc/e408947bfd200af42db322daf0fadfe7e26d3bd1/library/core/src/ops/function.rs:250:5
    note: Some details are omitted, run with `RUST_BACKTRACE=full` for a verbose backtrace.

        FAIL [   0.104s] (485/744) fq tests::socket::socket_ecn
  stdout ───

    running 1 test
    test tests::socket::socket_ecn ... FAILED

    failures:

    failures:
        tests::socket::socket_ecn

    test result: FAILED. 0 passed; 1 failed; 0 ignored; 0 measured; 743 filtered out; finished in 0.09s

  stderr ───

    thread 'tests::socket::socket_ecn' (25664) panicked at src/tests/socket.rs:183:35:
    ECN on IPv6: Generic
    stack backtrace:
       0: __rustc::rust_begin_unwind
                 at /rustc/e408947bfd200af42db322daf0fadfe7e26d3bd1/library/std/src/panicking.rs:689:5
       1: core::panicking::panic_fmt
                 at /rustc/e408947bfd200af42db322daf0fadfe7e26d3bd1/library/core/src/panicking.rs:80:14
       2: core::result::unwrap_failed
                 at /rustc/e408947bfd200af42db322daf0fadfe7e26d3bd1/library/core/src/result.rs:1867:5
       3: core::result::Result<T,E>::expect
                 at /rustc/e408947bfd200af42db322daf0fadfe7e26d3bd1/library/core/src/result.rs:1185:23
       4: fq::tests::socket::socket_ecn
                 at ./src/tests/socket.rs:183:35
       5: fq::tests::socket::socket_ecn::{{closure}}
                 at ./src/tests/socket.rs:181:16
       6: core::ops::function::FnOnce::call_once
                 at /rustc/e408947bfd200af42db322daf0fadfe7e26d3bd1/library/core/src/ops/function.rs:250:5
       7: core::ops::function::FnOnce::call_once
                 at /rustc/e408947bfd200af42db322daf0fadfe7e26d3bd1/library/core/src/ops/function.rs:250:5
    note: Some details are omitted, run with `RUST_BACKTRACE=full` for a verbose backtrace.

        FAIL [   0.116s] (486/744) fq tests::sockloop::sockloop_basic
  stdout ───

    running 1 test
    test tests::sockloop::sockloop_basic ... FAILED

    failures:

    failures:
        tests::sockloop::sockloop_basic

    test result: FAILED. 0 passed; 1 failed; 0 ignored; 0 measured; 743 filtered out; finished in 0.10s

  stderr ───

    thread 'tests::sockloop::sockloop_basic' (25667) panicked at src/tests/sockloop.rs:824:36:
    sockloop_test_one: Generic
    stack backtrace:
       0: __rustc::rust_begin_unwind
                 at /rustc/e408947bfd200af42db322daf0fadfe7e26d3bd1/library/std/src/panicking.rs:689:5
       1: core::panicking::panic_fmt
                 at /rustc/e408947bfd200af42db322daf0fadfe7e26d3bd1/library/core/src/panicking.rs:80:14
       2: core::result::unwrap_failed
                 at /rustc/e408947bfd200af42db322daf0fadfe7e26d3bd1/library/core/src/result.rs:1867:5
       3: core::result::Result<T,E>::expect
                 at /rustc/e408947bfd200af42db322daf0fadfe7e26d3bd1/library/core/src/result.rs:1185:23
       4: fq::tests::sockloop::sockloop_test_one
                 at ./src/tests/sockloop.rs:824:36
       5: fq::tests::sockloop::sockloop_basic
                 at ./src/tests/sockloop.rs:974:5
       6: fq::tests::sockloop::sockloop_basic::{{closure}}
                 at ./src/tests/sockloop.rs:970:20
       7: core::ops::function::FnOnce::call_once
                 at /rustc/e408947bfd200af42db322daf0fadfe7e26d3bd1/library/core/src/ops/function.rs:250:5
       8: core::ops::function::FnOnce::call_once
                 at /rustc/e408947bfd200af42db322daf0fadfe7e26d3bd1/library/core/src/ops/function.rs:250:5
    note: Some details are omitted, run with `RUST_BACKTRACE=full` for a verbose backtrace.

        FAIL [   0.129s] (487/744) fq tests::sockloop::sockloop_eio
  stdout ───

    running 1 test
    test tests::sockloop::sockloop_eio ... FAILED

    failures:

    failures:
        tests::sockloop::sockloop_eio

    test result: FAILED. 0 passed; 1 failed; 0 ignored; 0 measured; 743 filtered out; finished in 0.11s

  stderr ───

    thread 'tests::sockloop::sockloop_eio' (25669) panicked at src/tests/sockloop.rs:824:36:
    sockloop_test_one: Generic
    stack backtrace:
       0: __rustc::rust_begin_unwind
                 at /rustc/e408947bfd200af42db322daf0fadfe7e26d3bd1/library/std/src/panicking.rs:689:5
       1: core::panicking::panic_fmt
                 at /rustc/e408947bfd200af42db322daf0fadfe7e26d3bd1/library/core/src/panicking.rs:80:14
       2: core::result::unwrap_failed
                 at /rustc/e408947bfd200af42db322daf0fadfe7e26d3bd1/library/core/src/result.rs:1867:5
       3: core::result::Result<T,E>::expect
                 at /rustc/e408947bfd200af42db322daf0fadfe7e26d3bd1/library/core/src/result.rs:1185:23
       4: fq::tests::sockloop::sockloop_test_one
                 at ./src/tests/sockloop.rs:824:36
       5: fq::tests::sockloop::sockloop_eio
                 at ./src/tests/sockloop.rs:984:5
       6: fq::tests::sockloop::sockloop_eio::{{closure}}
                 at ./src/tests/sockloop.rs:979:18
       7: core::ops::function::FnOnce::call_once
                 at /rustc/e408947bfd200af42db322daf0fadfe7e26d3bd1/library/core/src/ops/function.rs:250:5
       8: core::ops::function::FnOnce::call_once
                 at /rustc/e408947bfd200af42db322daf0fadfe7e26d3bd1/library/core/src/ops/function.rs:250:5
    note: Some details are omitted, run with `RUST_BACKTRACE=full` for a verbose backtrace.

        FAIL [   0.104s] (488/744) fq tests::sockloop::sockloop_errsock
  stdout ───

    running 1 test
    test tests::sockloop::sockloop_errsock ... FAILED

    failures:

    failures:
        tests::sockloop::sockloop_errsock

    test result: FAILED. 0 passed; 1 failed; 0 ignored; 0 measured; 743 filtered out; finished in 0.09s

  stderr ───

    thread 'tests::sockloop::sockloop_errsock' (25672) panicked at src/tests/sockloop.rs:824:36:
    sockloop_test_one: Generic
    stack backtrace:
       0: __rustc::rust_begin_unwind
                 at /rustc/e408947bfd200af42db322daf0fadfe7e26d3bd1/library/std/src/panicking.rs:689:5
       1: core::panicking::panic_fmt
                 at /rustc/e408947bfd200af42db322daf0fadfe7e26d3bd1/library/core/src/panicking.rs:80:14
       2: core::result::unwrap_failed
                 at /rustc/e408947bfd200af42db322daf0fadfe7e26d3bd1/library/core/src/result.rs:1867:5
       3: core::result::Result<T,E>::expect
                 at /rustc/e408947bfd200af42db322daf0fadfe7e26d3bd1/library/core/src/result.rs:1185:23
       4: fq::tests::sockloop::sockloop_test_one
                 at ./src/tests/sockloop.rs:824:36
       5: fq::tests::sockloop::sockloop_errsock
                 at ./src/tests/sockloop.rs:992:5
       6: fq::tests::sockloop::sockloop_errsock::{{closure}}
                 at ./src/tests/sockloop.rs:989:22
       7: core::ops::function::FnOnce::call_once
                 at /rustc/e408947bfd200af42db322daf0fadfe7e26d3bd1/library/core/src/ops/function.rs:250:5
       8: core::ops::function::FnOnce::call_once
                 at /rustc/e408947bfd200af42db322daf0fadfe7e26d3bd1/library/core/src/ops/function.rs:250:5
    note: Some details are omitted, run with `RUST_BACKTRACE=full` for a verbose backtrace.

        FAIL [   0.128s] (489/744) fq tests::sockloop::sockloop_ipv4
  stdout ───

    running 1 test
    test tests::sockloop::sockloop_ipv4 ... FAILED

    failures:

    failures:
        tests::sockloop::sockloop_ipv4

    test result: FAILED. 0 passed; 1 failed; 0 ignored; 0 measured; 743 filtered out; finished in 0.11s

  stderr ───

    thread 'tests::sockloop::sockloop_ipv4' (25673) panicked at src/tests/sockloop.rs:824:36:
    sockloop_test_one: Generic
    stack backtrace:
       0: __rustc::rust_begin_unwind
                 at /rustc/e408947bfd200af42db322daf0fadfe7e26d3bd1/library/std/src/panicking.rs:689:5
       1: core::panicking::panic_fmt
                 at /rustc/e408947bfd200af42db322daf0fadfe7e26d3bd1/library/core/src/panicking.rs:80:14
       2: core::result::unwrap_failed
                 at /rustc/e408947bfd200af42db322daf0fadfe7e26d3bd1/library/core/src/result.rs:1867:5
       3: core::result::Result<T,E>::expect
                 at /rustc/e408947bfd200af42db322daf0fadfe7e26d3bd1/library/core/src/result.rs:1185:23
       4: fq::tests::sockloop::sockloop_test_one
                 at ./src/tests/sockloop.rs:824:36
       5: fq::tests::sockloop::sockloop_ipv4
                 at ./src/tests/sockloop.rs:1002:5
       6: fq::tests::sockloop::sockloop_ipv4::{{closure}}
                 at ./src/tests/sockloop.rs:997:19
       7: core::ops::function::FnOnce::call_once
                 at /rustc/e408947bfd200af42db322daf0fadfe7e26d3bd1/library/core/src/ops/function.rs:250:5
       8: core::ops::function::FnOnce::call_once
                 at /rustc/e408947bfd200af42db322daf0fadfe7e26d3bd1/library/core/src/ops/function.rs:250:5
    note: Some details are omitted, run with `RUST_BACKTRACE=full` for a verbose backtrace.

        FAIL [   0.140s] (490/744) fq tests::sockloop::sockloop_migration
  stdout ───

    running 1 test
    test tests::sockloop::sockloop_migration ... FAILED

    failures:

    failures:
        tests::sockloop::sockloop_migration

    test result: FAILED. 0 passed; 1 failed; 0 ignored; 0 measured; 743 filtered out; finished in 0.12s

  stderr ───

    thread 'tests::sockloop::sockloop_migration' (25675) panicked at src/tests/sockloop.rs:824:36:
    sockloop_test_one: Generic
    stack backtrace:
       0: __rustc::rust_begin_unwind
                 at /rustc/e408947bfd200af42db322daf0fadfe7e26d3bd1/library/std/src/panicking.rs:689:5
       1: core::panicking::panic_fmt
                 at /rustc/e408947bfd200af42db322daf0fadfe7e26d3bd1/library/core/src/panicking.rs:80:14
       2: core::result::unwrap_failed
                 at /rustc/e408947bfd200af42db322daf0fadfe7e26d3bd1/library/core/src/result.rs:1867:5
       3: core::result::Result<T,E>::expect
                 at /rustc/e408947bfd200af42db322daf0fadfe7e26d3bd1/library/core/src/result.rs:1185:23
       4: fq::tests::sockloop::sockloop_test_one
                 at ./src/tests/sockloop.rs:824:36
       5: fq::tests::sockloop::sockloop_migration
                 at ./src/tests/sockloop.rs:1013:5
       6: fq::tests::sockloop::sockloop_migration::{{closure}}
                 at ./src/tests/sockloop.rs:1007:24
       7: core::ops::function::FnOnce::call_once
                 at /rustc/e408947bfd200af42db322daf0fadfe7e26d3bd1/library/core/src/ops/function.rs:250:5
       8: core::ops::function::FnOnce::call_once
                 at /rustc/e408947bfd200af42db322daf0fadfe7e26d3bd1/library/core/src/ops/function.rs:250:5
    note: Some details are omitted, run with `RUST_BACKTRACE=full` for a verbose backtrace.

        FAIL [   0.128s] (491/744) fq tests::sockloop::sockloop_nat
  stdout ───

    running 1 test
    test tests::sockloop::sockloop_nat ... FAILED

    failures:

    failures:
        tests::sockloop::sockloop_nat

    test result: FAILED. 0 passed; 1 failed; 0 ignored; 0 measured; 743 filtered out; finished in 0.11s

  stderr ───

    thread 'tests::sockloop::sockloop_nat' (25677) panicked at src/tests/sockloop.rs:824:36:
    sockloop_test_one: Generic
    stack backtrace:
       0: __rustc::rust_begin_unwind
                 at /rustc/e408947bfd200af42db322daf0fadfe7e26d3bd1/library/std/src/panicking.rs:689:5
       1: core::panicking::panic_fmt
                 at /rustc/e408947bfd200af42db322daf0fadfe7e26d3bd1/library/core/src/panicking.rs:80:14
       2: core::result::unwrap_failed
                 at /rustc/e408947bfd200af42db322daf0fadfe7e26d3bd1/library/core/src/result.rs:1867:5
       3: core::result::Result<T,E>::expect
                 at /rustc/e408947bfd200af42db322daf0fadfe7e26d3bd1/library/core/src/result.rs:1185:23
       4: fq::tests::sockloop::sockloop_test_one
                 at ./src/tests/sockloop.rs:824:36
       5: fq::tests::sockloop::sockloop_nat
                 at ./src/tests/sockloop.rs:1026:5
       6: fq::tests::sockloop::sockloop_nat::{{closure}}
                 at ./src/tests/sockloop.rs:1018:18
       7: core::ops::function::FnOnce::call_once
                 at /rustc/e408947bfd200af42db322daf0fadfe7e26d3bd1/library/core/src/ops/function.rs:250:5
       8: core::ops::function::FnOnce::call_once
                 at /rustc/e408947bfd200af42db322daf0fadfe7e26d3bd1/library/core/src/ops/function.rs:250:5
    note: Some details are omitted, run with `RUST_BACKTRACE=full` for a verbose backtrace.

        PASS [   0.013s] (492/744) fq tests::spinbit::spinbit_bad
        FAIL [   0.108s] (493/744) fq tests::spinbit::spinbit
  stdout ───

    running 1 test
    test tests::spinbit::spinbit ... FAILED

    failures:

    failures:
        tests::spinbit::spinbit

    test result: FAILED. 0 passed; 1 failed; 0 ignored; 0 measured; 743 filtered out; finished in 0.09s

  stderr ───

    thread 'tests::spinbit::spinbit' (25685) panicked at src/tests/spinbit.rs:146:65:
    spinbit: Generic
    stack backtrace:
       0: __rustc::rust_begin_unwind
                 at /rustc/e408947bfd200af42db322daf0fadfe7e26d3bd1/library/std/src/panicking.rs:689:5
       1: core::panicking::panic_fmt
                 at /rustc/e408947bfd200af42db322daf0fadfe7e26d3bd1/library/core/src/panicking.rs:80:14
       2: core::result::unwrap_failed
                 at /rustc/e408947bfd200af42db322daf0fadfe7e26d3bd1/library/core/src/result.rs:1867:5
       3: core::result::Result<T,E>::expect
                 at /rustc/e408947bfd200af42db322daf0fadfe7e26d3bd1/library/core/src/result.rs:1185:23
       4: fq::tests::spinbit::spinbit
                 at ./src/tests/spinbit.rs:146:65
       5: fq::tests::spinbit::spinbit::{{closure}}
                 at ./src/tests/spinbit.rs:145:13
       6: core::ops::function::FnOnce::call_once
                 at /rustc/e408947bfd200af42db322daf0fadfe7e26d3bd1/library/core/src/ops/function.rs:250:5
       7: core::ops::function::FnOnce::call_once
                 at /rustc/e408947bfd200af42db322daf0fadfe7e26d3bd1/library/core/src/ops/function.rs:250:5
    note: Some details are omitted, run with `RUST_BACKTRACE=full` for a verbose backtrace.

        FAIL [   0.109s] (494/744) fq tests::spinbit::spinbit_null
  stdout ───

    running 1 test
    test tests::spinbit::spinbit_null ... FAILED

    failures:

    failures:
        tests::spinbit::spinbit_null

    test result: FAILED. 0 passed; 1 failed; 0 ignored; 0 measured; 743 filtered out; finished in 0.09s

  stderr ───

    thread 'tests::spinbit::spinbit_null' (25689) panicked at src/tests/spinbit.rs:164:67:
    spinbit_null: Generic
    stack backtrace:
       0: __rustc::rust_begin_unwind
                 at /rustc/e408947bfd200af42db322daf0fadfe7e26d3bd1/library/std/src/panicking.rs:689:5
       1: core::panicking::panic_fmt
                 at /rustc/e408947bfd200af42db322daf0fadfe7e26d3bd1/library/core/src/panicking.rs:80:14
       2: core::result::unwrap_failed
                 at /rustc/e408947bfd200af42db322daf0fadfe7e26d3bd1/library/core/src/result.rs:1867:5
       3: core::result::Result<T,E>::expect
                 at /rustc/e408947bfd200af42db322daf0fadfe7e26d3bd1/library/core/src/result.rs:1185:23
       4: fq::tests::spinbit::spinbit_null
                 at ./src/tests/spinbit.rs:164:67
       5: fq::tests::spinbit::spinbit_null::{{closure}}
                 at ./src/tests/spinbit.rs:163:18
       6: core::ops::function::FnOnce::call_once
                 at /rustc/e408947bfd200af42db322daf0fadfe7e26d3bd1/library/core/src/ops/function.rs:250:5
       7: core::ops::function::FnOnce::call_once
                 at /rustc/e408947bfd200af42db322daf0fadfe7e26d3bd1/library/core/src/ops/function.rs:250:5
    note: Some details are omitted, run with `RUST_BACKTRACE=full` for a verbose backtrace.

        FAIL [   0.107s] (495/744) fq tests::spinbit::spinbit_randclient
  stdout ───

    running 1 test
    test tests::spinbit::spinbit_randclient ... FAILED

    failures:

    failures:
        tests::spinbit::spinbit_randclient

    test result: FAILED. 0 passed; 1 failed; 0 ignored; 0 measured; 743 filtered out; finished in 0.09s

  stderr ───

    thread 'tests::spinbit::spinbit_randclient' (25691) panicked at src/tests/spinbit.rs:158:69:
    spinbit_randclient: Generic
    stack backtrace:
       0: __rustc::rust_begin_unwind
                 at /rustc/e408947bfd200af42db322daf0fadfe7e26d3bd1/library/std/src/panicking.rs:689:5
       1: core::panicking::panic_fmt
                 at /rustc/e408947bfd200af42db322daf0fadfe7e26d3bd1/library/core/src/panicking.rs:80:14
       2: core::result::unwrap_failed
                 at /rustc/e408947bfd200af42db322daf0fadfe7e26d3bd1/library/core/src/result.rs:1867:5
       3: core::result::Result<T,E>::expect
                 at /rustc/e408947bfd200af42db322daf0fadfe7e26d3bd1/library/core/src/result.rs:1185:23
       4: fq::tests::spinbit::spinbit_randclient
                 at ./src/tests/spinbit.rs:158:69
       5: fq::tests::spinbit::spinbit_randclient::{{closure}}
                 at ./src/tests/spinbit.rs:157:24
       6: core::ops::function::FnOnce::call_once
                 at /rustc/e408947bfd200af42db322daf0fadfe7e26d3bd1/library/core/src/ops/function.rs:250:5
       7: core::ops::function::FnOnce::call_once
                 at /rustc/e408947bfd200af42db322daf0fadfe7e26d3bd1/library/core/src/ops/function.rs:250:5
    note: Some details are omitted, run with `RUST_BACKTRACE=full` for a verbose backtrace.

        PASS [   0.008s] (496/744) fq tests::splay::splay
        PASS [   0.008s] (497/744) fq tests::stream0_frame::provide_stream_buffer
        PASS [   0.008s] (498/744) fq tests::stream0_frame::stream_output
        PASS [   0.007s] (499/744) fq tests::stream0_frame::stream_rank
        PASS [   0.009s] (500/744) fq tests::stream0_frame::stream_splay
        FAIL [   0.112s] (501/744) fq tests::spinbit::spinbit_random
  stdout ───

    running 1 test
    test tests::spinbit::spinbit_random ... FAILED

    failures:

    failures:
        tests::spinbit::spinbit_random

    test result: FAILED. 0 passed; 1 failed; 0 ignored; 0 measured; 743 filtered out; finished in 0.09s

  stderr ───

    thread 'tests::spinbit::spinbit_random' (25693) panicked at src/tests/spinbit.rs:152:69:
    spinbit_random: Generic
    stack backtrace:
       0: __rustc::rust_begin_unwind
                 at /rustc/e408947bfd200af42db322daf0fadfe7e26d3bd1/library/std/src/panicking.rs:689:5
       1: core::panicking::panic_fmt
                 at /rustc/e408947bfd200af42db322daf0fadfe7e26d3bd1/library/core/src/panicking.rs:80:14
       2: core::result::unwrap_failed
                 at /rustc/e408947bfd200af42db322daf0fadfe7e26d3bd1/library/core/src/result.rs:1867:5
       3: core::result::Result<T,E>::expect
                 at /rustc/e408947bfd200af42db322daf0fadfe7e26d3bd1/library/core/src/result.rs:1185:23
       4: fq::tests::spinbit::spinbit_random
                 at ./src/tests/spinbit.rs:152:69
       5: fq::tests::spinbit::spinbit_random::{{closure}}
                 at ./src/tests/spinbit.rs:151:20
       6: core::ops::function::FnOnce::call_once
                 at /rustc/e408947bfd200af42db322daf0fadfe7e26d3bd1/library/core/src/ops/function.rs:250:5
       7: core::ops::function::FnOnce::call_once
                 at /rustc/e408947bfd200af42db322daf0fadfe7e26d3bd1/library/core/src/ops/function.rs:250:5
    note: Some details are omitted, run with `RUST_BACKTRACE=full` for a verbose backtrace.

        PASS [   0.008s] (502/744) fq tests::stream0_frame::stream_state_local_reuse
        PASS [   0.010s] (503/744) fq tests::stream0_frame::streamzeroframe
        FAIL [   0.107s] (504/744) fq tests::stream0_frame::tlsstreamframe
  stdout ───

    running 1 test
    test tests::stream0_frame::tlsstreamframe ... FAILED

    failures:

    failures:
        tests::stream0_frame::tlsstreamframe

    test result: FAILED. 0 passed; 1 failed; 0 ignored; 0 measured; 743 filtered out; finished in 0.09s

  stderr ───

    thread 'tests::stream0_frame::tlsstreamframe' (25710) panicked at src/tests/stream0_frame.rs:722:60:
    tlstest_v1
    stack backtrace:
       0: __rustc::rust_begin_unwind
                 at /rustc/e408947bfd200af42db322daf0fadfe7e26d3bd1/library/std/src/panicking.rs:689:5
       1: core::panicking::panic_fmt
                 at /rustc/e408947bfd200af42db322daf0fadfe7e26d3bd1/library/core/src/panicking.rs:80:14
       2: fq::tests::stream0_frame::tlsstreamframe::{{closure}}
                 at ./src/tests/stream0_frame.rs:722:60
       3: core::result::Result<T,E>::unwrap_or_else
                 at /rustc/e408947bfd200af42db322daf0fadfe7e26d3bd1/library/core/src/result.rs:1622:23
       4: fq::tests::stream0_frame::tlsstreamframe
                 at ./src/tests/stream0_frame.rs:722:41
       5: fq::tests::stream0_frame::tlsstreamframe::{{closure}}
                 at ./src/tests/stream0_frame.rs:720:20
       6: core::ops::function::FnOnce::call_once
                 at /rustc/e408947bfd200af42db322daf0fadfe7e26d3bd1/library/core/src/ops/function.rs:250:5
       7: core::ops::function::FnOnce::call_once
                 at /rustc/e408947bfd200af42db322daf0fadfe7e26d3bd1/library/core/src/ops/function.rs:250:5
    note: Some details are omitted, run with `RUST_BACKTRACE=full` for a verbose backtrace.

        FAIL [   0.104s] (505/744) fq tests::stresstest::fuzz
  stdout ───

    running 1 test
    test tests::stresstest::fuzz ... FAILED

    failures:

    failures:
        tests::stresstest::fuzz

    test result: FAILED. 0 passed; 1 failed; 0 ignored; 0 measured; 743 filtered out; finished in 0.09s

  stderr ───

    thread 'tests::stresstest::fuzz' (25711) panicked at src/tests/stresstest.rs:1768:5:
    fuzzer was never called
    stack backtrace:
       0: __rustc::rust_begin_unwind
                 at /rustc/e408947bfd200af42db322daf0fadfe7e26d3bd1/library/std/src/panicking.rs:689:5
       1: core::panicking::panic_fmt
                 at /rustc/e408947bfd200af42db322daf0fadfe7e26d3bd1/library/core/src/panicking.rs:80:14
       2: fq::tests::stresstest::fuzz
                 at ./src/tests/stresstest.rs:1768:5
       3: fq::tests::stresstest::fuzz::{{closure}}
                 at ./src/tests/stresstest.rs:1756:10
       4: core::ops::function::FnOnce::call_once
                 at /rustc/e408947bfd200af42db322daf0fadfe7e26d3bd1/library/core/src/ops/function.rs:250:5
       5: core::ops::function::FnOnce::call_once
                 at /rustc/e408947bfd200af42db322daf0fadfe7e26d3bd1/library/core/src/ops/function.rs:250:5
    note: Some details are omitted, run with `RUST_BACKTRACE=full` for a verbose backtrace.

        PASS [   0.007s] (506/744) fq tests::stresstest::random_gauss
        PASS [   0.007s] (507/744) fq tests::stresstest::random_tester
        PASS [   0.013s] (508/744) fq tests::stresstest::stress
        FAIL [   0.104s] (509/744) fq tests::stresstest::fuzz_initial
  stdout ───

    running 1 test
    test tests::stresstest::fuzz_initial ... FAILED

    failures:

    failures:
        tests::stresstest::fuzz_initial

    test result: FAILED. 0 passed; 1 failed; 0 ignored; 0 measured; 743 filtered out; finished in 0.09s

  stderr ───

    thread 'tests::stresstest::fuzz_initial' (25714) panicked at src/tests/stresstest.rs:1796:5:
    initial fuzzer did not finish the skip-frame mutation pass
    stack backtrace:
       0: __rustc::rust_begin_unwind
                 at /rustc/e408947bfd200af42db322daf0fadfe7e26d3bd1/library/std/src/panicking.rs:689:5
       1: core::panicking::panic_fmt
                 at /rustc/e408947bfd200af42db322daf0fadfe7e26d3bd1/library/core/src/panicking.rs:80:14
       2: fq::tests::stresstest::fuzz_initial
                 at ./src/tests/stresstest.rs:1796:5
       3: fq::tests::stresstest::fuzz_initial::{{closure}}
                 at ./src/tests/stresstest.rs:1783:18
       4: core::ops::function::FnOnce::call_once
                 at /rustc/e408947bfd200af42db322daf0fadfe7e26d3bd1/library/core/src/ops/function.rs:250:5
       5: core::ops::function::FnOnce::call_once
                 at /rustc/e408947bfd200af42db322daf0fadfe7e26d3bd1/library/core/src/ops/function.rs:250:5
    note: Some details are omitted, run with `RUST_BACKTRACE=full` for a verbose backtrace.

        FAIL [   0.123s] (510/744) fq tests::ticket_store::ticket_seed
  stdout ───

    running 1 test
    test tests::ticket_store::ticket_seed ... FAILED

    failures:

    failures:
        tests::ticket_store::ticket_seed

    test result: FAILED. 0 passed; 1 failed; 0 ignored; 0 measured; 743 filtered out; finished in 0.10s

  stderr ───

    thread 'tests::ticket_store::ticket_seed' (25721) panicked at src/tests/ticket_store.rs:17:29:
    ticket_seed: Generic
    stack backtrace:
       0: __rustc::rust_begin_unwind
                 at /rustc/e408947bfd200af42db322daf0fadfe7e26d3bd1/library/std/src/panicking.rs:689:5
       1: core::panicking::panic_fmt
                 at /rustc/e408947bfd200af42db322daf0fadfe7e26d3bd1/library/core/src/panicking.rs:80:14
       2: core::result::unwrap_failed
                 at /rustc/e408947bfd200af42db322daf0fadfe7e26d3bd1/library/core/src/result.rs:1867:5
       3: core::result::Result<T,E>::expect
                 at /rustc/e408947bfd200af42db322daf0fadfe7e26d3bd1/library/core/src/result.rs:1185:23
       4: fq::tests::ticket_store::ticket_seed
                 at ./src/tests/ticket_store.rs:17:29
       5: fq::tests::ticket_store::ticket_seed::{{closure}}
                 at ./src/tests/ticket_store.rs:16:17
       6: core::ops::function::FnOnce::call_once
                 at /rustc/e408947bfd200af42db322daf0fadfe7e26d3bd1/library/core/src/ops/function.rs:250:5
       7: core::ops::function::FnOnce::call_once
                 at /rustc/e408947bfd200af42db322daf0fadfe7e26d3bd1/library/core/src/ops/function.rs:250:5
    note: Some details are omitted, run with `RUST_BACKTRACE=full` for a verbose backtrace.

        FAIL [   0.128s] (511/744) fq tests::ticket_store::ticket_seed_from_bdp_frame
  stdout ───

    running 1 test
    test tests::ticket_store::ticket_seed_from_bdp_frame ... FAILED

    failures:

    failures:
        tests::ticket_store::ticket_seed_from_bdp_frame

    test result: FAILED. 0 passed; 1 failed; 0 ignored; 0 measured; 743 filtered out; finished in 0.11s

  stderr ───

    thread 'tests::ticket_store::ticket_seed_from_bdp_frame' (25723) panicked at src/tests/ticket_store.rs:26:29:
    ticket_seed_from_bdp_frame: Generic
    stack backtrace:
       0: __rustc::rust_begin_unwind
                 at /rustc/e408947bfd200af42db322daf0fadfe7e26d3bd1/library/std/src/panicking.rs:689:5
       1: core::panicking::panic_fmt
                 at /rustc/e408947bfd200af42db322daf0fadfe7e26d3bd1/library/core/src/panicking.rs:80:14
       2: core::result::unwrap_failed
                 at /rustc/e408947bfd200af42db322daf0fadfe7e26d3bd1/library/core/src/result.rs:1867:5
       3: core::result::Result<T,E>::expect
                 at /rustc/e408947bfd200af42db322daf0fadfe7e26d3bd1/library/core/src/result.rs:1185:23
       4: fq::tests::ticket_store::ticket_seed_from_bdp_frame
                 at ./src/tests/ticket_store.rs:26:29
       5: fq::tests::ticket_store::ticket_seed_from_bdp_frame::{{closure}}
                 at ./src/tests/ticket_store.rs:25:32
       6: core::ops::function::FnOnce::call_once
                 at /rustc/e408947bfd200af42db322daf0fadfe7e26d3bd1/library/core/src/ops/function.rs:250:5
       7: core::ops::function::FnOnce::call_once
                 at /rustc/e408947bfd200af42db322daf0fadfe7e26d3bd1/library/core/src/ops/function.rs:250:5
    note: Some details are omitted, run with `RUST_BACKTRACE=full` for a verbose backtrace.

        FAIL [   0.114s] (512/744) fq tests::ticket_store::ticket_store
  stdout ───

    running 1 test
    test tests::ticket_store::ticket_store ... FAILED

    failures:

    failures:
        tests::ticket_store::ticket_store

    test result: FAILED. 0 passed; 1 failed; 0 ignored; 0 measured; 743 filtered out; finished in 0.10s

  stderr ───

    thread 'tests::ticket_store::ticket_store' (25725) panicked at src/tests/ticket_store.rs:233:18:
    store_ticket: Protocol(1047)
    stack backtrace:
       0: __rustc::rust_begin_unwind
                 at /rustc/e408947bfd200af42db322daf0fadfe7e26d3bd1/library/std/src/panicking.rs:689:5
       1: core::panicking::panic_fmt
                 at /rustc/e408947bfd200af42db322daf0fadfe7e26d3bd1/library/core/src/panicking.rs:80:14
       2: core::result::unwrap_failed
                 at /rustc/e408947bfd200af42db322daf0fadfe7e26d3bd1/library/core/src/result.rs:1867:5
       3: core::result::Result<T,E>::expect
                 at /rustc/e408947bfd200af42db322daf0fadfe7e26d3bd1/library/core/src/result.rs:1185:23
       4: fq::tests::ticket_store::ticket_store
                 at ./src/tests/ticket_store.rs:233:18
       5: fq::tests::ticket_store::ticket_store::{{closure}}
                 at ./src/tests/ticket_store.rs:174:18
       6: core::ops::function::FnOnce::call_once
                 at /rustc/e408947bfd200af42db322daf0fadfe7e26d3bd1/library/core/src/ops/function.rs:250:5
       7: core::ops::function::FnOnce::call_once
                 at /rustc/e408947bfd200af42db322daf0fadfe7e26d3bd1/library/core/src/ops/function.rs:250:5
    note: Some details are omitted, run with `RUST_BACKTRACE=full` for a verbose backtrace.

        FAIL [   0.111s] (513/744) fq tests::ticket_store::token_reuse_api
  stdout ───

    running 1 test
    test tests::ticket_store::token_reuse_api ... FAILED

    failures:

    failures:
        tests::ticket_store::token_reuse_api

    test result: FAILED. 0 passed; 1 failed; 0 ignored; 0 measured; 743 filtered out; finished in 0.09s

  stderr ───

    thread 'tests::ticket_store::token_reuse_api' (25727) panicked at src/tests/ticket_store.rs:355:35:
    Token[2] already used? Generic
    stack backtrace:
       0: __rustc::rust_begin_unwind
                 at /rustc/e408947bfd200af42db322daf0fadfe7e26d3bd1/library/std/src/panicking.rs:689:5
       1: core::panicking::panic_fmt
                 at /rustc/e408947bfd200af42db322daf0fadfe7e26d3bd1/library/core/src/panicking.rs:80:14
       2: fq::tests::ticket_store::token_reuse_api::{{closure}}
                 at ./src/tests/ticket_store.rs:355:35
       3: core::result::Result<T,E>::unwrap_or_else
                 at /rustc/e408947bfd200af42db322daf0fadfe7e26d3bd1/library/core/src/result.rs:1622:23
       4: fq::tests::ticket_store::token_reuse_api
                 at ./src/tests/ticket_store.rs:355:14
       5: fq::tests::ticket_store::token_reuse_api::{{closure}}
                 at ./src/tests/ticket_store.rs:304:21
       6: core::ops::function::FnOnce::call_once
                 at /rustc/e408947bfd200af42db322daf0fadfe7e26d3bd1/library/core/src/ops/function.rs:250:5
       7: core::ops::function::FnOnce::call_once
                 at /rustc/e408947bfd200af42db322daf0fadfe7e26d3bd1/library/core/src/ops/function.rs:250:5
    note: Some details are omitted, run with `RUST_BACKTRACE=full` for a verbose backtrace.

        FAIL [   0.121s] (514/744) fq tests::ticket_store::token_store
  stdout ───

    running 1 test
    test tests::ticket_store::token_store ... FAILED

    failures:

    failures:
        tests::ticket_store::token_store

    test result: FAILED. 0 passed; 1 failed; 0 ignored; 0 measured; 743 filtered out; finished in 0.10s

  stderr ───

    thread 'tests::ticket_store::token_store' (25729) panicked at src/tests/ticket_store.rs:495:5:
    expired tokens should be dropped during late reload
    stack backtrace:
       0: __rustc::rust_begin_unwind
                 at /rustc/e408947bfd200af42db322daf0fadfe7e26d3bd1/library/std/src/panicking.rs:689:5
       1: core::panicking::panic_fmt
                 at /rustc/e408947bfd200af42db322daf0fadfe7e26d3bd1/library/core/src/panicking.rs:80:14
       2: fq::tests::ticket_store::token_store
                 at ./src/tests/ticket_store.rs:495:5
       3: fq::tests::ticket_store::token_store::{{closure}}
                 at ./src/tests/ticket_store.rs:396:17
       4: core::ops::function::FnOnce::call_once
                 at /rustc/e408947bfd200af42db322daf0fadfe7e26d3bd1/library/core/src/ops/function.rs:250:5
       5: core::ops::function::FnOnce::call_once
                 at /rustc/e408947bfd200af42db322daf0fadfe7e26d3bd1/library/core/src/ops/function.rs:250:5
    note: Some details are omitted, run with `RUST_BACKTRACE=full` for a verbose backtrace.

        FAIL [   0.124s] (515/744) fq tests::tls_api::af_undef
  stdout ───

    running 1 test
    test tests::tls_api::af_undef ... FAILED

    failures:

    failures:
        tests::tls_api::af_undef

    test result: FAILED. 0 passed; 1 failed; 0 ignored; 0 measured; 743 filtered out; finished in 0.10s

  stderr ───

    thread 'tests::tls_api::af_undef' (25731) panicked at src/tests/tls_api.rs:1054:10:
    scenario verify: Generic
    stack backtrace:
       0: __rustc::rust_begin_unwind
                 at /rustc/e408947bfd200af42db322daf0fadfe7e26d3bd1/library/std/src/panicking.rs:689:5
       1: core::panicking::panic_fmt
                 at /rustc/e408947bfd200af42db322daf0fadfe7e26d3bd1/library/core/src/panicking.rs:80:14
       2: core::result::unwrap_failed
                 at /rustc/e408947bfd200af42db322daf0fadfe7e26d3bd1/library/core/src/result.rs:1867:5
       3: core::result::Result<T,E>::expect
                 at /rustc/e408947bfd200af42db322daf0fadfe7e26d3bd1/library/core/src/result.rs:1185:23
       4: fq::tests::tls_api::af_undef
                 at ./src/tests/tls_api.rs:1054:10
       5: fq::tests::tls_api::af_undef::{{closure}}
                 at ./src/tests/tls_api.rs:1035:14
       6: core::ops::function::FnOnce::call_once
                 at /rustc/e408947bfd200af42db322daf0fadfe7e26d3bd1/library/core/src/ops/function.rs:250:5
       7: core::ops::function::FnOnce::call_once
                 at /rustc/e408947bfd200af42db322daf0fadfe7e26d3bd1/library/core/src/ops/function.rs:250:5
    note: Some details are omitted, run with `RUST_BACKTRACE=full` for a verbose backtrace.

        FAIL [   0.112s] (516/744) fq tests::tls_api::bad_certificate
  stdout ───

    running 1 test
    test tests::tls_api::bad_certificate ... FAILED

    failures:

    failures:
        tests::tls_api::bad_certificate

    test result: FAILED. 0 passed; 1 failed; 0 ignored; 0 measured; 743 filtered out; finished in 0.09s

  stderr ───

    thread 'tests::tls_api::bad_certificate' (25733) panicked at src/tests/tls_api.rs:1089:5:
    server connection should exist
    stack backtrace:
       0: __rustc::rust_begin_unwind
                 at /rustc/e408947bfd200af42db322daf0fadfe7e26d3bd1/library/std/src/panicking.rs:689:5
       1: core::panicking::panic_fmt
                 at /rustc/e408947bfd200af42db322daf0fadfe7e26d3bd1/library/core/src/panicking.rs:80:14
       2: fq::tests::tls_api::bad_certificate
                 at ./src/tests/tls_api.rs:1089:5
       3: fq::tests::tls_api::bad_certificate::{{closure}}
                 at ./src/tests/tls_api.rs:1062:21
       4: core::ops::function::FnOnce::call_once
                 at /rustc/e408947bfd200af42db322daf0fadfe7e26d3bd1/library/core/src/ops/function.rs:250:5
       5: core::ops::function::FnOnce::call_once
                 at /rustc/e408947bfd200af42db322daf0fadfe7e26d3bd1/library/core/src/ops/function.rs:250:5
    note: Some details are omitted, run with `RUST_BACKTRACE=full` for a verbose backtrace.

        FAIL [   0.113s] (517/744) fq tests::tls_api::bad_chello
  stdout ───

    running 1 test
    test tests::tls_api::bad_chello ... FAILED

    failures:

    failures:
        tests::tls_api::bad_chello

    test result: FAILED. 0 passed; 1 failed; 0 ignored; 0 measured; 743 filtered out; finished in 0.09s

  stderr ───

    thread 'tests::tls_api::bad_chello' (25735) panicked at src/tests/tls_api.rs:1164:6:
    post bad chello scenario: Generic
    stack backtrace:
       0: __rustc::rust_begin_unwind
                 at /rustc/e408947bfd200af42db322daf0fadfe7e26d3bd1/library/std/src/panicking.rs:689:5
       1: core::panicking::panic_fmt
                 at /rustc/e408947bfd200af42db322daf0fadfe7e26d3bd1/library/core/src/panicking.rs:80:14
       2: core::result::unwrap_failed
                 at /rustc/e408947bfd200af42db322daf0fadfe7e26d3bd1/library/core/src/result.rs:1867:5
       3: core::result::Result<T,E>::expect
                 at /rustc/e408947bfd200af42db322daf0fadfe7e26d3bd1/library/core/src/result.rs:1185:23
       4: fq::tests::tls_api::bad_chello
                 at ./src/tests/tls_api.rs:1164:6
       5: fq::tests::tls_api::bad_chello::{{closure}}
                 at ./src/tests/tls_api.rs:1111:16
       6: core::ops::function::FnOnce::call_once
                 at /rustc/e408947bfd200af42db322daf0fadfe7e26d3bd1/library/core/src/ops/function.rs:250:5
       7: core::ops::function::FnOnce::call_once
                 at /rustc/e408947bfd200af42db322daf0fadfe7e26d3bd1/library/core/src/ops/function.rs:250:5
    note: Some details are omitted, run with `RUST_BACKTRACE=full` for a verbose backtrace.

        FAIL [   0.109s] (518/744) fq tests::tls_api::bad_client_certificate
  stdout ───

    running 1 test
    test tests::tls_api::bad_client_certificate ... FAILED

    failures:

    failures:
        tests::tls_api::bad_client_certificate

    test result: FAILED. 0 passed; 1 failed; 0 ignored; 0 measured; 743 filtered out; finished in 0.09s

  stderr ───

    thread 'tests::tls_api::bad_client_certificate' (25737) panicked at src/tests/tls_api.rs:1219:5:
    assertion `left == right` failed
      left: ClientInit
     right: Disconnected
    stack backtrace:
       0: __rustc::rust_begin_unwind
                 at /rustc/e408947bfd200af42db322daf0fadfe7e26d3bd1/library/std/src/panicking.rs:689:5
       1: core::panicking::panic_fmt
                 at /rustc/e408947bfd200af42db322daf0fadfe7e26d3bd1/library/core/src/panicking.rs:80:14
       2: core::panicking::assert_failed_inner
                 at /rustc/e408947bfd200af42db322daf0fadfe7e26d3bd1/library/core/src/panicking.rs:439:17
       3: core::panicking::assert_failed
                 at /rustc/e408947bfd200af42db322daf0fadfe7e26d3bd1/library/core/src/panicking.rs:394:5
       4: fq::tests::tls_api::bad_client_certificate
                 at ./src/tests/tls_api.rs:1219:5
       5: fq::tests::tls_api::bad_client_certificate::{{closure}}
                 at ./src/tests/tls_api.rs:1172:28
       6: core::ops::function::FnOnce::call_once
                 at /rustc/e408947bfd200af42db322daf0fadfe7e26d3bd1/library/core/src/ops/function.rs:250:5
       7: core::ops::function::FnOnce::call_once
                 at /rustc/e408947bfd200af42db322daf0fadfe7e26d3bd1/library/core/src/ops/function.rs:250:5
    note: Some details are omitted, run with `RUST_BACKTRACE=full` for a verbose backtrace.

        FAIL [   0.123s] (519/744) fq tests::tls_api::bad_cnxid
  stdout ───

    running 1 test
    test tests::tls_api::bad_cnxid ... FAILED

    failures:

    failures:
        tests::tls_api::bad_cnxid

    test result: FAILED. 0 passed; 1 failed; 0 ignored; 0 measured; 743 filtered out; finished in 0.10s

  stderr ───

    thread 'tests::tls_api::bad_cnxid' (25739) panicked at src/tests/tls_api.rs:1250:81:
    connect: Generic
    stack backtrace:
       0: __rustc::rust_begin_unwind
                 at /rustc/e408947bfd200af42db322daf0fadfe7e26d3bd1/library/std/src/panicking.rs:689:5
       1: core::panicking::panic_fmt
                 at /rustc/e408947bfd200af42db322daf0fadfe7e26d3bd1/library/core/src/panicking.rs:80:14
       2: core::result::unwrap_failed
                 at /rustc/e408947bfd200af42db322daf0fadfe7e26d3bd1/library/core/src/result.rs:1867:5
       3: core::result::Result<T,E>::expect
                 at /rustc/e408947bfd200af42db322daf0fadfe7e26d3bd1/library/core/src/result.rs:1185:23
       4: fq::tests::tls_api::bad_cnxid
                 at ./src/tests/tls_api.rs:1250:81
       5: fq::tests::tls_api::bad_cnxid::{{closure}}
                 at ./src/tests/tls_api.rs:1238:15
       6: core::ops::function::FnOnce::call_once
                 at /rustc/e408947bfd200af42db322daf0fadfe7e26d3bd1/library/core/src/ops/function.rs:250:5
       7: core::ops::function::FnOnce::call_once
                 at /rustc/e408947bfd200af42db322daf0fadfe7e26d3bd1/library/core/src/ops/function.rs:250:5
    note: Some details are omitted, run with `RUST_BACKTRACE=full` for a verbose backtrace.

        FAIL [   0.106s] (520/744) fq tests::tls_api::bad_coalesce
  stdout ───

    running 1 test
    test tests::tls_api::bad_coalesce ... FAILED

    failures:

    failures:
        tests::tls_api::bad_coalesce

    test result: FAILED. 0 passed; 1 failed; 0 ignored; 0 measured; 743 filtered out; finished in 0.09s

  stderr ───

    thread 'tests::tls_api::bad_coalesce' (25741) panicked at src/tests/tls_api.rs:1330:10:
    bad_coalesce: Generic
    stack backtrace:
       0: __rustc::rust_begin_unwind
                 at /rustc/e408947bfd200af42db322daf0fadfe7e26d3bd1/library/std/src/panicking.rs:689:5
       1: core::panicking::panic_fmt
                 at /rustc/e408947bfd200af42db322daf0fadfe7e26d3bd1/library/core/src/panicking.rs:80:14
       2: core::result::unwrap_failed
                 at /rustc/e408947bfd200af42db322daf0fadfe7e26d3bd1/library/core/src/result.rs:1867:5
       3: core::result::Result<T,E>::expect
                 at /rustc/e408947bfd200af42db322daf0fadfe7e26d3bd1/library/core/src/result.rs:1185:23
       4: fq::tests::tls_api::bad_coalesce
                 at ./src/tests/tls_api.rs:1330:10
       5: fq::tests::tls_api::bad_coalesce::{{closure}}
                 at ./src/tests/tls_api.rs:1325:18
       6: core::ops::function::FnOnce::call_once
                 at /rustc/e408947bfd200af42db322daf0fadfe7e26d3bd1/library/core/src/ops/function.rs:250:5
       7: core::ops::function::FnOnce::call_once
                 at /rustc/e408947bfd200af42db322daf0fadfe7e26d3bd1/library/core/src/ops/function.rs:250:5
    note: Some details are omitted, run with `RUST_BACKTRACE=full` for a verbose backtrace.

        FAIL [   0.107s] (521/744) fq tests::tls_api::chacha20
  stdout ───

    running 1 test
    test tests::tls_api::chacha20 ... FAILED

    failures:

    failures:
        tests::tls_api::chacha20

    test result: FAILED. 0 passed; 1 failed; 0 ignored; 0 measured; 743 filtered out; finished in 0.09s

  stderr ───

    thread 'tests::tls_api::chacha20' (25743) panicked at src/tests/tls_api.rs:1356:10:
    chacha20: Generic
    stack backtrace:
       0: __rustc::rust_begin_unwind
                 at /rustc/e408947bfd200af42db322daf0fadfe7e26d3bd1/library/std/src/panicking.rs:689:5
       1: core::panicking::panic_fmt
                 at /rustc/e408947bfd200af42db322daf0fadfe7e26d3bd1/library/core/src/panicking.rs:80:14
       2: core::result::unwrap_failed
                 at /rustc/e408947bfd200af42db322daf0fadfe7e26d3bd1/library/core/src/result.rs:1867:5
       3: core::result::Result<T,E>::expect
                 at /rustc/e408947bfd200af42db322daf0fadfe7e26d3bd1/library/core/src/result.rs:1185:23
       4: fq::tests::tls_api::chacha20
                 at ./src/tests/tls_api.rs:1356:10
       5: fq::tests::tls_api::chacha20::{{closure}}
                 at ./src/tests/tls_api.rs:1337:14
       6: core::ops::function::FnOnce::call_once
                 at /rustc/e408947bfd200af42db322daf0fadfe7e26d3bd1/library/core/src/ops/function.rs:250:5
       7: core::ops::function::FnOnce::call_once
                 at /rustc/e408947bfd200af42db322daf0fadfe7e26d3bd1/library/core/src/ops/function.rs:250:5
    note: Some details are omitted, run with `RUST_BACKTRACE=full` for a verbose backtrace.

        FAIL [   0.109s] (522/744) fq tests::tls_api::cid_length
  stdout ───

    running 1 test
    test tests::tls_api::cid_length ... FAILED

    failures:

    failures:
        tests::tls_api::cid_length

    test result: FAILED. 0 passed; 1 failed; 0 ignored; 0 measured; 743 filtered out; finished in 0.09s

  stderr ───

    thread 'tests::tls_api::cid_length' (25745) panicked at src/tests/tls_api.rs:1371:53:
    cid_length(0): Generic
    stack backtrace:
       0: __rustc::rust_begin_unwind
                 at /rustc/e408947bfd200af42db322daf0fadfe7e26d3bd1/library/std/src/panicking.rs:689:5
       1: core::panicking::panic_fmt
                 at /rustc/e408947bfd200af42db322daf0fadfe7e26d3bd1/library/core/src/panicking.rs:80:14
       2: fq::tests::tls_api::cid_length::{{closure}}
                 at ./src/tests/tls_api.rs:1371:53
       3: core::result::Result<T,E>::unwrap_or_else
                 at /rustc/e408947bfd200af42db322daf0fadfe7e26d3bd1/library/core/src/result.rs:1622:23
       4: fq::tests::tls_api::cid_length
                 at ./src/tests/tls_api.rs:1371:34
       5: fq::tests::tls_api::cid_length::{{closure}}
                 at ./src/tests/tls_api.rs:1365:16
       6: core::ops::function::FnOnce::call_once
                 at /rustc/e408947bfd200af42db322daf0fadfe7e26d3bd1/library/core/src/ops/function.rs:250:5
       7: core::ops::function::FnOnce::call_once
                 at /rustc/e408947bfd200af42db322daf0fadfe7e26d3bd1/library/core/src/ops/function.rs:250:5
    note: Some details are omitted, run with `RUST_BACKTRACE=full` for a verbose backtrace.

        FAIL [   0.110s] (523/744) fq tests::tls_api::client_auth
  stdout ───

    running 1 test
    test tests::tls_api::client_auth ... FAILED

    failures:

    failures:
        tests::tls_api::client_auth

    test result: FAILED. 0 passed; 1 failed; 0 ignored; 0 measured; 743 filtered out; finished in 0.09s

  stderr ───

    thread 'tests::tls_api::client_auth' (25749) panicked at src/tests/util.rs:7097:5:
    client was not ready after mTLS client-auth loop
    stack backtrace:
       0: __rustc::rust_begin_unwind
                 at /rustc/e408947bfd200af42db322daf0fadfe7e26d3bd1/library/std/src/panicking.rs:689:5
       1: core::panicking::panic_fmt
                 at /rustc/e408947bfd200af42db322daf0fadfe7e26d3bd1/library/core/src/panicking.rs:80:14
       2: fq::tests::util::request_client_authentication_test_one
                 at ./src/tests/util.rs:7097:5
       3: fq::tests::tls_api::client_auth
                 at ./src/tests/tls_api.rs:1416:5
       4: fq::tests::tls_api::client_auth::{{closure}}
                 at ./src/tests/tls_api.rs:1415:17
       5: core::ops::function::FnOnce::call_once
                 at /rustc/e408947bfd200af42db322daf0fadfe7e26d3bd1/library/core/src/ops/function.rs:250:5
       6: core::ops::function::FnOnce::call_once
                 at /rustc/e408947bfd200af42db322daf0fadfe7e26d3bd1/library/core/src/ops/function.rs:250:5
    note: Some details are omitted, run with `RUST_BACKTRACE=full` for a verbose backtrace.

        FAIL [   0.124s] (524/744) fq tests::tls_api::cid_quiescence
  stdout ───

    running 1 test
    test tests::tls_api::cid_quiescence ... FAILED

    failures:

    failures:
        tests::tls_api::cid_quiescence

    test result: FAILED. 0 passed; 1 failed; 0 ignored; 0 measured; 743 filtered out; finished in 0.10s

  stderr ───

    thread 'tests::tls_api::cid_quiescence' (25747) panicked at src/tests/tls_api.rs:1391:70:
    client ready: Generic
    stack backtrace:
       0: __rustc::rust_begin_unwind
                 at /rustc/e408947bfd200af42db322daf0fadfe7e26d3bd1/library/std/src/panicking.rs:689:5
       1: core::panicking::panic_fmt
                 at /rustc/e408947bfd200af42db322daf0fadfe7e26d3bd1/library/core/src/panicking.rs:80:14
       2: core::result::unwrap_failed
                 at /rustc/e408947bfd200af42db322daf0fadfe7e26d3bd1/library/core/src/result.rs:1867:5
       3: core::result::Result<T,E>::expect
                 at /rustc/e408947bfd200af42db322daf0fadfe7e26d3bd1/library/core/src/result.rs:1185:23
       4: fq::tests::tls_api::cid_quiescence
                 at ./src/tests/tls_api.rs:1391:70
       5: fq::tests::tls_api::cid_quiescence::{{closure}}
                 at ./src/tests/tls_api.rs:1379:20
       6: core::ops::function::FnOnce::call_once
                 at /rustc/e408947bfd200af42db322daf0fadfe7e26d3bd1/library/core/src/ops/function.rs:250:5
       7: core::ops::function::FnOnce::call_once
                 at /rustc/e408947bfd200af42db322daf0fadfe7e26d3bd1/library/core/src/ops/function.rs:250:5
    note: Some details are omitted, run with `RUST_BACKTRACE=full` for a verbose backtrace.

        FAIL [   0.109s] (525/744) fq tests::tls_api::client_cert_callback
  stdout ───

    running 1 test
    test tests::tls_api::client_cert_callback ... FAILED

    failures:

    failures:
        tests::tls_api::client_cert_callback

    test result: FAILED. 0 passed; 1 failed; 0 ignored; 0 measured; 743 filtered out; finished in 0.09s

  stderr ───

    thread 'tests::tls_api::client_cert_callback' (25753) panicked at src/tests/tls_api.rs:1499:5:
    assertion `left == right` failed: certificate verification callback count
      left: 0
     right: 2
    stack backtrace:
       0: __rustc::rust_begin_unwind
                 at /rustc/e408947bfd200af42db322daf0fadfe7e26d3bd1/library/std/src/panicking.rs:689:5
       1: core::panicking::panic_fmt
                 at /rustc/e408947bfd200af42db322daf0fadfe7e26d3bd1/library/core/src/panicking.rs:80:14
       2: core::panicking::assert_failed_inner
                 at /rustc/e408947bfd200af42db322daf0fadfe7e26d3bd1/library/core/src/panicking.rs:434:23
       3: core::panicking::assert_failed
                 at /rustc/e408947bfd200af42db322daf0fadfe7e26d3bd1/library/core/src/panicking.rs:394:5
       4: fq::tests::tls_api::client_cert_callback
                 at ./src/tests/tls_api.rs:1499:5
       5: fq::tests::tls_api::client_cert_callback::{{closure}}
                 at ./src/tests/tls_api.rs:1446:26
       6: core::ops::function::FnOnce::call_once
                 at /rustc/e408947bfd200af42db322daf0fadfe7e26d3bd1/library/core/src/ops/function.rs:250:5
       7: core::ops::function::FnOnce::call_once
                 at /rustc/e408947bfd200af42db322daf0fadfe7e26d3bd1/library/core/src/ops/function.rs:250:5
    note: Some details are omitted, run with `RUST_BACKTRACE=full` for a verbose backtrace.

        FAIL [   0.113s] (526/744) fq tests::tls_api::client_auth_25519
  stdout ───

    running 1 test
    test tests::tls_api::client_auth_25519 ... FAILED

    failures:

    failures:
        tests::tls_api::client_auth_25519

    test result: FAILED. 0 passed; 1 failed; 0 ignored; 0 measured; 743 filtered out; finished in 0.09s

  stderr ───

    thread 'tests::tls_api::client_auth_25519' (25752) panicked at src/tests/util.rs:7097:5:
    client was not ready after mTLS client-auth loop
    stack backtrace:
       0: __rustc::rust_begin_unwind
                 at /rustc/e408947bfd200af42db322daf0fadfe7e26d3bd1/library/std/src/panicking.rs:689:5
       1: core::panicking::panic_fmt
                 at /rustc/e408947bfd200af42db322daf0fadfe7e26d3bd1/library/core/src/panicking.rs:80:14
       2: fq::tests::util::request_client_authentication_test_one
                 at ./src/tests/util.rs:7097:5
       3: fq::tests::tls_api::client_auth_25519
                 at ./src/tests/tls_api.rs:1431:5
       4: fq::tests::tls_api::client_auth_25519::{{closure}}
                 at ./src/tests/tls_api.rs:1430:23
       5: core::ops::function::FnOnce::call_once
                 at /rustc/e408947bfd200af42db322daf0fadfe7e26d3bd1/library/core/src/ops/function.rs:250:5
       6: core::ops::function::FnOnce::call_once
                 at /rustc/e408947bfd200af42db322daf0fadfe7e26d3bd1/library/core/src/ops/function.rs:250:5
    note: Some details are omitted, run with `RUST_BACKTRACE=full` for a verbose backtrace.

        FAIL [   0.112s] (527/744) fq tests::tls_api::client_error
  stdout ───

    running 1 test
    test tests::tls_api::client_error ... FAILED

    failures:

    failures:
        tests::tls_api::client_error

    test result: FAILED. 0 passed; 1 failed; 0 ignored; 0 measured; 743 filtered out; finished in 0.09s

  stderr ───
    client_error(0): application AEAD wait failed: client=Some((ClientInit, 0, 0, 0, 0)) server=None t=122883000000

    thread 'tests::tls_api::client_error' (25756) panicked at src/tests/tls_api.rs:1513:53:
    client_error(stream): Generic
    stack backtrace:
       0: __rustc::rust_begin_unwind
                 at /rustc/e408947bfd200af42db322daf0fadfe7e26d3bd1/library/std/src/panicking.rs:689:5
       1: core::panicking::panic_fmt
                 at /rustc/e408947bfd200af42db322daf0fadfe7e26d3bd1/library/core/src/panicking.rs:80:14
       2: fq::tests::tls_api::client_error::{{closure}}
                 at ./src/tests/tls_api.rs:1513:53
       3: core::result::Result<T,E>::unwrap_or_else
                 at /rustc/e408947bfd200af42db322daf0fadfe7e26d3bd1/library/core/src/result.rs:1622:23
       4: fq::tests::tls_api::client_error
                 at ./src/tests/tls_api.rs:1513:34
       5: fq::tests::tls_api::client_error::{{closure}}
                 at ./src/tests/tls_api.rs:1511:18
       6: core::ops::function::FnOnce::call_once
                 at /rustc/e408947bfd200af42db322daf0fadfe7e26d3bd1/library/core/src/ops/function.rs:250:5
       7: core::ops::function::FnOnce::call_once
                 at /rustc/e408947bfd200af42db322daf0fadfe7e26d3bd1/library/core/src/ops/function.rs:250:5
    note: Some details are omitted, run with `RUST_BACKTRACE=full` for a verbose backtrace.

        FAIL [   0.127s] (528/744) fq tests::tls_api::client_losses
  stdout ───

    running 1 test
    test tests::tls_api::client_losses ... FAILED

    failures:

    failures:
        tests::tls_api::client_losses

    test result: FAILED. 0 passed; 1 failed; 0 ignored; 0 measured; 743 filtered out; finished in 0.11s

  stderr ───

    thread 'tests::tls_api::client_losses' (25757) panicked at src/tests/tls_api.rs:1522:26:
    client_losses: Generic
    stack backtrace:
       0: __rustc::rust_begin_unwind
                 at /rustc/e408947bfd200af42db322daf0fadfe7e26d3bd1/library/std/src/panicking.rs:689:5
       1: core::panicking::panic_fmt
                 at /rustc/e408947bfd200af42db322daf0fadfe7e26d3bd1/library/core/src/panicking.rs:80:14
       2: core::result::unwrap_failed
                 at /rustc/e408947bfd200af42db322daf0fadfe7e26d3bd1/library/core/src/result.rs:1867:5
       3: core::result::Result<T,E>::expect
                 at /rustc/e408947bfd200af42db322daf0fadfe7e26d3bd1/library/core/src/result.rs:1185:23
       4: fq::tests::tls_api::client_losses
                 at ./src/tests/tls_api.rs:1522:26
       5: fq::tests::tls_api::client_losses::{{closure}}
                 at ./src/tests/tls_api.rs:1521:19
       6: core::ops::function::FnOnce::call_once
                 at /rustc/e408947bfd200af42db322daf0fadfe7e26d3bd1/library/core/src/ops/function.rs:250:5
       7: core::ops::function::FnOnce::call_once
                 at /rustc/e408947bfd200af42db322daf0fadfe7e26d3bd1/library/core/src/ops/function.rs:250:5
    note: Some details are omitted, run with `RUST_BACKTRACE=full` for a verbose backtrace.

        FAIL [   0.103s] (529/744) fq tests::tls_api::client_only
  stdout ───

    running 1 test
    test tests::tls_api::client_only ... FAILED

    failures:

    failures:
        tests::tls_api::client_only

    test result: FAILED. 0 passed; 1 failed; 0 ignored; 0 measured; 743 filtered out; finished in 0.09s

  stderr ───

    thread 'tests::tls_api::client_only' (25759) panicked at src/tests/tls_api.rs:1545:5:
    connection unexpectedly succeeded: state=ClientInit, ret=Ok(())
    stack backtrace:
       0: __rustc::rust_begin_unwind
                 at /rustc/e408947bfd200af42db322daf0fadfe7e26d3bd1/library/std/src/panicking.rs:689:5
       1: core::panicking::panic_fmt
                 at /rustc/e408947bfd200af42db322daf0fadfe7e26d3bd1/library/core/src/panicking.rs:80:14
       2: fq::tests::tls_api::client_only
                 at ./src/tests/tls_api.rs:1545:5
       3: fq::tests::tls_api::client_only::{{closure}}
                 at ./src/tests/tls_api.rs:1530:17
       4: core::ops::function::FnOnce::call_once
                 at /rustc/e408947bfd200af42db322daf0fadfe7e26d3bd1/library/core/src/ops/function.rs:250:5
       5: core::ops::function::FnOnce::call_once
                 at /rustc/e408947bfd200af42db322daf0fadfe7e26d3bd1/library/core/src/ops/function.rs:250:5
    note: Some details are omitted, run with `RUST_BACKTRACE=full` for a verbose backtrace.

        FAIL [   0.106s] (530/744) fq tests::tls_api::cnxid_renewal
  stdout ───

    running 1 test
    test tests::tls_api::cnxid_renewal ... FAILED

    failures:

    failures:
        tests::tls_api::cnxid_renewal

    test result: FAILED. 0 passed; 1 failed; 0 ignored; 0 measured; 743 filtered out; finished in 0.09s

  stderr ───

    thread 'tests::tls_api::cnxid_renewal' (25763) panicked at src/tests/tls_api.rs:1641:5:
    assertion `left != right` failed: local CNX ID did not change to a new value
      left: ConnectionId { id: [194, 198, 58, 162, 136, 8, 116, 104, 0, 0, 0, 0, 0, 0, 0, 0, 0, 0, 0, 0], id_len: 8 }
     right: ConnectionId { id: [194, 198, 58, 162, 136, 8, 116, 104, 0, 0, 0, 0, 0, 0, 0, 0, 0, 0, 0, 0], id_len: 8 }
    stack backtrace:
       0: __rustc::rust_begin_unwind
                 at /rustc/e408947bfd200af42db322daf0fadfe7e26d3bd1/library/std/src/panicking.rs:689:5
       1: core::panicking::panic_fmt
                 at /rustc/e408947bfd200af42db322daf0fadfe7e26d3bd1/library/core/src/panicking.rs:80:14
       2: core::panicking::assert_failed_inner
                 at /rustc/e408947bfd200af42db322daf0fadfe7e26d3bd1/library/core/src/panicking.rs:434:23
       3: core::panicking::assert_failed
                 at /rustc/e408947bfd200af42db322daf0fadfe7e26d3bd1/library/core/src/panicking.rs:394:5
       4: fq::tests::tls_api::cnxid_renewal
                 at ./src/tests/tls_api.rs:1641:5
       5: fq::tests::tls_api::cnxid_renewal::{{closure}}
                 at ./src/tests/tls_api.rs:1569:19
       6: core::ops::function::FnOnce::call_once
                 at /rustc/e408947bfd200af42db322daf0fadfe7e26d3bd1/library/core/src/ops/function.rs:250:5
       7: core::ops::function::FnOnce::call_once
                 at /rustc/e408947bfd200af42db322daf0fadfe7e26d3bd1/library/core/src/ops/function.rs:250:5
    note: Some details are omitted, run with `RUST_BACKTRACE=full` for a verbose backtrace.

        FAIL [   0.106s] (531/744) fq tests::tls_api::cnxid_transmit
  stdout ───

    running 1 test
    test tests::tls_api::cnxid_transmit ... FAILED

    failures:

    failures:
        tests::tls_api::cnxid_transmit

    test result: FAILED. 0 passed; 1 failed; 0 ignored; 0 measured; 743 filtered out; finished in 0.09s

  stderr ───

    thread 'tests::tls_api::cnxid_transmit' (25765) panicked at src/tests/tls_api.rs:1652:50:
    cnxid_transmit: Generic
    stack backtrace:
       0: __rustc::rust_begin_unwind
                 at /rustc/e408947bfd200af42db322daf0fadfe7e26d3bd1/library/std/src/panicking.rs:689:5
       1: core::panicking::panic_fmt
                 at /rustc/e408947bfd200af42db322daf0fadfe7e26d3bd1/library/core/src/panicking.rs:80:14
       2: core::result::unwrap_failed
                 at /rustc/e408947bfd200af42db322daf0fadfe7e26d3bd1/library/core/src/result.rs:1867:5
       3: core::result::Result<T,E>::expect
                 at /rustc/e408947bfd200af42db322daf0fadfe7e26d3bd1/library/core/src/result.rs:1185:23
       4: fq::tests::tls_api::cnxid_transmit
                 at ./src/tests/tls_api.rs:1652:50
       5: fq::tests::tls_api::cnxid_transmit::{{closure}}
                 at ./src/tests/tls_api.rs:1651:20
       6: core::ops::function::FnOnce::call_once
                 at /rustc/e408947bfd200af42db322daf0fadfe7e26d3bd1/library/core/src/ops/function.rs:250:5
       7: core::ops::function::FnOnce::call_once
                 at /rustc/e408947bfd200af42db322daf0fadfe7e26d3bd1/library/core/src/ops/function.rs:250:5
    note: Some details are omitted, run with `RUST_BACKTRACE=full` for a verbose backtrace.

        FAIL [   0.107s] (532/744) fq tests::tls_api::cnxid_transmit_disable
  stdout ───

    running 1 test
    test tests::tls_api::cnxid_transmit_disable ... FAILED

    failures:

    failures:
        tests::tls_api::cnxid_transmit_disable

    test result: FAILED. 0 passed; 1 failed; 0 ignored; 0 measured; 743 filtered out; finished in 0.09s

  stderr ───

    thread 'tests::tls_api::cnxid_transmit_disable' (25767) panicked at src/tests/tls_api.rs:1660:49:
    cnxid_transmit_disable: Generic
    stack backtrace:
       0: __rustc::rust_begin_unwind
                 at /rustc/e408947bfd200af42db322daf0fadfe7e26d3bd1/library/std/src/panicking.rs:689:5
       1: core::panicking::panic_fmt
                 at /rustc/e408947bfd200af42db322daf0fadfe7e26d3bd1/library/core/src/panicking.rs:80:14
       2: core::result::unwrap_failed
                 at /rustc/e408947bfd200af42db322daf0fadfe7e26d3bd1/library/core/src/result.rs:1867:5
       3: core::result::Result<T,E>::expect
                 at /rustc/e408947bfd200af42db322daf0fadfe7e26d3bd1/library/core/src/result.rs:1185:23
       4: fq::tests::tls_api::cnxid_transmit_disable
                 at ./src/tests/tls_api.rs:1660:49
       5: fq::tests::tls_api::cnxid_transmit_disable::{{closure}}
                 at ./src/tests/tls_api.rs:1659:28
       6: core::ops::function::FnOnce::call_once
                 at /rustc/e408947bfd200af42db322daf0fadfe7e26d3bd1/library/core/src/ops/function.rs:250:5
       7: core::ops::function::FnOnce::call_once
                 at /rustc/e408947bfd200af42db322daf0fadfe7e26d3bd1/library/core/src/ops/function.rs:250:5
    note: Some details are omitted, run with `RUST_BACKTRACE=full` for a verbose backtrace.

        FAIL [   0.105s] (533/744) fq tests::tls_api::cnxid_transmit_r_before
  stdout ───

    running 1 test
    test tests::tls_api::cnxid_transmit_r_before ... FAILED

    failures:

    failures:
        tests::tls_api::cnxid_transmit_r_before

    test result: FAILED. 0 passed; 1 failed; 0 ignored; 0 measured; 743 filtered out; finished in 0.09s

  stderr ───

    thread 'tests::tls_api::cnxid_transmit_r_before' (25769) panicked at src/tests/tls_api.rs:1668:49:
    cnxid_transmit_r_before: Generic
    stack backtrace:
       0: __rustc::rust_begin_unwind
                 at /rustc/e408947bfd200af42db322daf0fadfe7e26d3bd1/library/std/src/panicking.rs:689:5
       1: core::panicking::panic_fmt
                 at /rustc/e408947bfd200af42db322daf0fadfe7e26d3bd1/library/core/src/panicking.rs:80:14
       2: core::result::unwrap_failed
                 at /rustc/e408947bfd200af42db322daf0fadfe7e26d3bd1/library/core/src/result.rs:1867:5
       3: core::result::Result<T,E>::expect
                 at /rustc/e408947bfd200af42db322daf0fadfe7e26d3bd1/library/core/src/result.rs:1185:23
       4: fq::tests::tls_api::cnxid_transmit_r_before
                 at ./src/tests/tls_api.rs:1668:49
       5: fq::tests::tls_api::cnxid_transmit_r_before::{{closure}}
                 at ./src/tests/tls_api.rs:1667:29
       6: core::ops::function::FnOnce::call_once
                 at /rustc/e408947bfd200af42db322daf0fadfe7e26d3bd1/library/core/src/ops/function.rs:250:5
       7: core::ops::function::FnOnce::call_once
                 at /rustc/e408947bfd200af42db322daf0fadfe7e26d3bd1/library/core/src/ops/function.rs:250:5
    note: Some details are omitted, run with `RUST_BACKTRACE=full` for a verbose backtrace.

        FAIL [   0.105s] (534/744) fq tests::tls_api::cnxid_transmit_r_disable
  stdout ───

    running 1 test
    test tests::tls_api::cnxid_transmit_r_disable ... FAILED

    failures:

    failures:
        tests::tls_api::cnxid_transmit_r_disable

    test result: FAILED. 0 passed; 1 failed; 0 ignored; 0 measured; 743 filtered out; finished in 0.09s

  stderr ───

    thread 'tests::tls_api::cnxid_transmit_r_disable' (25771) panicked at src/tests/tls_api.rs:1676:48:
    cnxid_transmit_r_disable: Generic
    stack backtrace:
       0: __rustc::rust_begin_unwind
                 at /rustc/e408947bfd200af42db322daf0fadfe7e26d3bd1/library/std/src/panicking.rs:689:5
       1: core::panicking::panic_fmt
                 at /rustc/e408947bfd200af42db322daf0fadfe7e26d3bd1/library/core/src/panicking.rs:80:14
       2: core::result::unwrap_failed
                 at /rustc/e408947bfd200af42db322daf0fadfe7e26d3bd1/library/core/src/result.rs:1867:5
       3: core::result::Result<T,E>::expect
                 at /rustc/e408947bfd200af42db322daf0fadfe7e26d3bd1/library/core/src/result.rs:1185:23
       4: fq::tests::tls_api::cnxid_transmit_r_disable
                 at ./src/tests/tls_api.rs:1676:48
       5: fq::tests::tls_api::cnxid_transmit_r_disable::{{closure}}
                 at ./src/tests/tls_api.rs:1675:30
       6: core::ops::function::FnOnce::call_once
                 at /rustc/e408947bfd200af42db322daf0fadfe7e26d3bd1/library/core/src/ops/function.rs:250:5
       7: core::ops::function::FnOnce::call_once
                 at /rustc/e408947bfd200af42db322daf0fadfe7e26d3bd1/library/core/src/ops/function.rs:250:5
    note: Some details are omitted, run with `RUST_BACKTRACE=full` for a verbose backtrace.

        FAIL [   2.316s] (535/744) fq tests::sockloop::sockloop_thread
  stdout ───

    running 1 test
    test tests::sockloop::sockloop_thread ... FAILED

    failures:

    failures:
        tests::sockloop::sockloop_thread

    test result: FAILED. 0 passed; 1 failed; 0 ignored; 0 measured; 743 filtered out; finished in 2.30s

  stderr ───

    thread 'tests::sockloop::sockloop_thread' (25679) panicked at src/tests/sockloop.rs:824:36:
    sockloop_test_one: Generic
    stack backtrace:
       0: __rustc::rust_begin_unwind
                 at /rustc/e408947bfd200af42db322daf0fadfe7e26d3bd1/library/std/src/panicking.rs:689:5
       1: core::panicking::panic_fmt
                 at /rustc/e408947bfd200af42db322daf0fadfe7e26d3bd1/library/core/src/panicking.rs:80:14
       2: core::result::unwrap_failed
                 at /rustc/e408947bfd200af42db322daf0fadfe7e26d3bd1/library/core/src/result.rs:1867:5
       3: core::result::Result<T,E>::expect
                 at /rustc/e408947bfd200af42db322daf0fadfe7e26d3bd1/library/core/src/result.rs:1185:23
       4: fq::tests::sockloop::sockloop_test_one
                 at ./src/tests/sockloop.rs:824:36
       5: fq::tests::sockloop::sockloop_thread
                 at ./src/tests/sockloop.rs:1036:5
       6: fq::tests::sockloop::sockloop_thread::{{closure}}
                 at ./src/tests/sockloop.rs:1031:21
       7: core::ops::function::FnOnce::call_once
                 at /rustc/e408947bfd200af42db322daf0fadfe7e26d3bd1/library/core/src/ops/function.rs:250:5
       8: core::ops::function::FnOnce::call_once
                 at /rustc/e408947bfd200af42db322daf0fadfe7e26d3bd1/library/core/src/ops/function.rs:250:5
    note: Some details are omitted, run with `RUST_BACKTRACE=full` for a verbose backtrace.

        FAIL [   0.108s] (536/744) fq tests::tls_api::cnxid_transmit_r_early
  stdout ───

    running 1 test
    test tests::tls_api::cnxid_transmit_r_early ... FAILED

    failures:

    failures:
        tests::tls_api::cnxid_transmit_r_early

    test result: FAILED. 0 passed; 1 failed; 0 ignored; 0 measured; 743 filtered out; finished in 0.09s

  stderr ───

    thread 'tests::tls_api::cnxid_transmit_r_early' (25777) panicked at src/tests/tls_api.rs:1684:49:
    cnxid_transmit_r_early: Generic
    stack backtrace:
       0: __rustc::rust_begin_unwind
                 at /rustc/e408947bfd200af42db322daf0fadfe7e26d3bd1/library/std/src/panicking.rs:689:5
       1: core::panicking::panic_fmt
                 at /rustc/e408947bfd200af42db322daf0fadfe7e26d3bd1/library/core/src/panicking.rs:80:14
       2: core::result::unwrap_failed
                 at /rustc/e408947bfd200af42db322daf0fadfe7e26d3bd1/library/core/src/result.rs:1867:5
       3: core::result::Result<T,E>::expect
                 at /rustc/e408947bfd200af42db322daf0fadfe7e26d3bd1/library/core/src/result.rs:1185:23
       4: fq::tests::tls_api::cnxid_transmit_r_early
                 at ./src/tests/tls_api.rs:1684:49
       5: fq::tests::tls_api::cnxid_transmit_r_early::{{closure}}
                 at ./src/tests/tls_api.rs:1683:28
       6: core::ops::function::FnOnce::call_once
                 at /rustc/e408947bfd200af42db322daf0fadfe7e26d3bd1/library/core/src/ops/function.rs:250:5
       7: core::ops::function::FnOnce::call_once
                 at /rustc/e408947bfd200af42db322daf0fadfe7e26d3bd1/library/core/src/ops/function.rs:250:5
    note: Some details are omitted, run with `RUST_BACKTRACE=full` for a verbose backtrace.

        FAIL [   2.327s] (537/744) fq tests::sockloop::sockloop_thread_name
  stdout ───

    running 1 test
    test tests::sockloop::sockloop_thread_name ... FAILED

    failures:

    failures:
        tests::sockloop::sockloop_thread_name

    test result: FAILED. 0 passed; 1 failed; 0 ignored; 0 measured; 743 filtered out; finished in 2.31s

  stderr ───

    thread 'tests::sockloop::sockloop_thread_name' (25682) panicked at src/tests/sockloop.rs:824:36:
    sockloop_test_one: Generic
    stack backtrace:
       0: __rustc::rust_begin_unwind
                 at /rustc/e408947bfd200af42db322daf0fadfe7e26d3bd1/library/std/src/panicking.rs:689:5
       1: core::panicking::panic_fmt
                 at /rustc/e408947bfd200af42db322daf0fadfe7e26d3bd1/library/core/src/panicking.rs:80:14
       2: core::result::unwrap_failed
                 at /rustc/e408947bfd200af42db322daf0fadfe7e26d3bd1/library/core/src/result.rs:1867:5
       3: core::result::Result<T,E>::expect
                 at /rustc/e408947bfd200af42db322daf0fadfe7e26d3bd1/library/core/src/result.rs:1185:23
       4: fq::tests::sockloop::sockloop_test_one
                 at ./src/tests/sockloop.rs:824:36
       5: fq::tests::sockloop::sockloop_thread_name
                 at ./src/tests/sockloop.rs:1047:5
       6: fq::tests::sockloop::sockloop_thread_name::{{closure}}
                 at ./src/tests/sockloop.rs:1041:26
       7: core::ops::function::FnOnce::call_once
                 at /rustc/e408947bfd200af42db322daf0fadfe7e26d3bd1/library/core/src/ops/function.rs:250:5
       8: core::ops::function::FnOnce::call_once
                 at /rustc/e408947bfd200af42db322daf0fadfe7e26d3bd1/library/core/src/ops/function.rs:250:5
    note: Some details are omitted, run with `RUST_BACKTRACE=full` for a verbose backtrace.

        FAIL [   0.105s] (538/744) fq tests::tls_api::connection_drop
  stdout ───

    running 1 test
    test tests::tls_api::connection_drop ... FAILED

    failures:

    failures:
        tests::tls_api::connection_drop

    test result: FAILED. 0 passed; 1 failed; 0 ignored; 0 measured; 743 filtered out; finished in 0.09s

  stderr ───
    connection_drop target did not disconnect: target_is_client=true, state=Some(ClientInit), t=1778507288891582

    thread 'tests::tls_api::connection_drop' (25779) panicked at src/tests/tls_api.rs:1911:13:
    connection_drop case 0 failed: target=ClientInitSent, target_is_client=true, error=Generic
    stack backtrace:
       0: __rustc::rust_begin_unwind
                 at /rustc/e408947bfd200af42db322daf0fadfe7e26d3bd1/library/std/src/panicking.rs:689:5
       1: core::panicking::panic_fmt
                 at /rustc/e408947bfd200af42db322daf0fadfe7e26d3bd1/library/core/src/panicking.rs:80:14
       2: fq::tests::tls_api::connection_drop::{{closure}}
                 at ./src/tests/tls_api.rs:1911:13
       3: core::result::Result<T,E>::unwrap_or_else
                 at /rustc/e408947bfd200af42db322daf0fadfe7e26d3bd1/library/core/src/result.rs:1622:23
       4: fq::tests::tls_api::connection_drop
                 at ./src/tests/tls_api.rs:1910:10
       5: fq::tests::tls_api::connection_drop::{{closure}}
                 at ./src/tests/tls_api.rs:1854:21
       6: core::ops::function::FnOnce::call_once
                 at /rustc/e408947bfd200af42db322daf0fadfe7e26d3bd1/library/core/src/ops/function.rs:250:5
       7: core::ops::function::FnOnce::call_once
                 at /rustc/e408947bfd200af42db322daf0fadfe7e26d3bd1/library/core/src/ops/function.rs:250:5
    note: Some details are omitted, run with `RUST_BACKTRACE=full` for a verbose backtrace.

        FAIL [   0.122s] (539/744) fq tests::tls_api::ddos_amplification
  stdout ───

    running 1 test
    test tests::tls_api::ddos_amplification ... FAILED

    failures:

    failures:
        tests::tls_api::ddos_amplification

    test result: FAILED. 0 passed; 1 failed; 0 ignored; 0 measured; 743 filtered out; finished in 0.09s

  stderr ───
    ddos amplification: server connection was not created, qserver connections=0, stateless=0, head=[cf, ff, 00, 00, 1d, 08, 30, 38, 60, 5a, 5e, da, d7, cb, 08, 30]

    thread 'tests::tls_api::ddos_amplification' (25781) panicked at src/tests/tls_api.rs:1925:39:
    ddos_amplification: Generic
    stack backtrace:
       0: __rustc::rust_begin_unwind
                 at /rustc/e408947bfd200af42db322daf0fadfe7e26d3bd1/library/std/src/panicking.rs:689:5
       1: core::panicking::panic_fmt
                 at /rustc/e408947bfd200af42db322daf0fadfe7e26d3bd1/library/core/src/panicking.rs:80:14
       2: core::result::unwrap_failed
                 at /rustc/e408947bfd200af42db322daf0fadfe7e26d3bd1/library/core/src/result.rs:1867:5
       3: core::result::Result<T,E>::expect
                 at /rustc/e408947bfd200af42db322daf0fadfe7e26d3bd1/library/core/src/result.rs:1185:23
       4: fq::tests::tls_api::ddos_amplification
                 at ./src/tests/tls_api.rs:1925:39
       5: fq::tests::tls_api::ddos_amplification::{{closure}}
                 at ./src/tests/tls_api.rs:1924:24
       6: core::ops::function::FnOnce::call_once
                 at /rustc/e408947bfd200af42db322daf0fadfe7e26d3bd1/library/core/src/ops/function.rs:250:5
       7: core::ops::function::FnOnce::call_once
                 at /rustc/e408947bfd200af42db322daf0fadfe7e26d3bd1/library/core/src/ops/function.rs:250:5
    note: Some details are omitted, run with `RUST_BACKTRACE=full` for a verbose backtrace.

        FAIL [   0.105s] (540/744) fq tests::tls_api::ddos_amplification_0rtt
  stdout ───

    running 1 test
    test tests::tls_api::ddos_amplification_0rtt ... FAILED

    failures:

    failures:
        tests::tls_api::ddos_amplification_0rtt

    test result: FAILED. 0 passed; 1 failed; 0 ignored; 0 measured; 743 filtered out; finished in 0.09s

  stderr ───

    thread 'tests::tls_api::ddos_amplification_0rtt' (25783) panicked at src/tests/tls_api.rs:1933:39:
    ddos_amplification_0rtt: Generic
    stack backtrace:
       0: __rustc::rust_begin_unwind
                 at /rustc/e408947bfd200af42db322daf0fadfe7e26d3bd1/library/std/src/panicking.rs:689:5
       1: core::panicking::panic_fmt
                 at /rustc/e408947bfd200af42db322daf0fadfe7e26d3bd1/library/core/src/panicking.rs:80:14
       2: core::result::unwrap_failed
                 at /rustc/e408947bfd200af42db322daf0fadfe7e26d3bd1/library/core/src/result.rs:1867:5
       3: core::result::Result<T,E>::expect
                 at /rustc/e408947bfd200af42db322daf0fadfe7e26d3bd1/library/core/src/result.rs:1185:23
       4: fq::tests::tls_api::ddos_amplification_0rtt
                 at ./src/tests/tls_api.rs:1933:39
       5: fq::tests::tls_api::ddos_amplification_0rtt::{{closure}}
                 at ./src/tests/tls_api.rs:1932:29
       6: core::ops::function::FnOnce::call_once
                 at /rustc/e408947bfd200af42db322daf0fadfe7e26d3bd1/library/core/src/ops/function.rs:250:5
       7: core::ops::function::FnOnce::call_once
                 at /rustc/e408947bfd200af42db322daf0fadfe7e26d3bd1/library/core/src/ops/function.rs:250:5
    note: Some details are omitted, run with `RUST_BACKTRACE=full` for a verbose backtrace.

        FAIL [   0.120s] (541/744) fq tests::tls_api::ddos_amplification_8k
  stdout ───

    running 1 test
    test tests::tls_api::ddos_amplification_8k ... FAILED

    failures:

    failures:
        tests::tls_api::ddos_amplification_8k

    test result: FAILED. 0 passed; 1 failed; 0 ignored; 0 measured; 743 filtered out; finished in 0.10s

  stderr ───
    ddos amplification: server connection was not created, qserver connections=0, stateless=0, head=[cb, ff, 00, 00, 1d, 08, 62, 99, bb, 43, fd, ae, ec, 6e, 08, 84]

    thread 'tests::tls_api::ddos_amplification_8k' (25785) panicked at src/tests/tls_api.rs:1941:39:
    ddos_amplification_8k: Generic
    stack backtrace:
       0: __rustc::rust_begin_unwind
                 at /rustc/e408947bfd200af42db322daf0fadfe7e26d3bd1/library/std/src/panicking.rs:689:5
       1: core::panicking::panic_fmt
                 at /rustc/e408947bfd200af42db322daf0fadfe7e26d3bd1/library/core/src/panicking.rs:80:14
       2: core::result::unwrap_failed
                 at /rustc/e408947bfd200af42db322daf0fadfe7e26d3bd1/library/core/src/result.rs:1867:5
       3: core::result::Result<T,E>::expect
                 at /rustc/e408947bfd200af42db322daf0fadfe7e26d3bd1/library/core/src/result.rs:1185:23
       4: fq::tests::tls_api::ddos_amplification_8k
                 at ./src/tests/tls_api.rs:1941:39
       5: fq::tests::tls_api::ddos_amplification_8k::{{closure}}
                 at ./src/tests/tls_api.rs:1940:27
       6: core::ops::function::FnOnce::call_once
                 at /rustc/e408947bfd200af42db322daf0fadfe7e26d3bd1/library/core/src/ops/function.rs:250:5
       7: core::ops::function::FnOnce::call_once
                 at /rustc/e408947bfd200af42db322daf0fadfe7e26d3bd1/library/core/src/ops/function.rs:250:5
    note: Some details are omitted, run with `RUST_BACKTRACE=full` for a verbose backtrace.

        FAIL [   0.105s] (542/744) fq tests::tls_api::different_params
  stdout ───

    running 1 test
    test tests::tls_api::different_params ... FAILED

    failures:

    failures:
        tests::tls_api::different_params

    test result: FAILED. 0 passed; 1 failed; 0 ignored; 0 measured; 743 filtered out; finished in 0.09s

  stderr ───

    thread 'tests::tls_api::different_params' (25789) panicked at src/tests/tls_api.rs:1973:6:
    different_params: Generic
    stack backtrace:
       0: __rustc::rust_begin_unwind
                 at /rustc/e408947bfd200af42db322daf0fadfe7e26d3bd1/library/std/src/panicking.rs:689:5
       1: core::panicking::panic_fmt
                 at /rustc/e408947bfd200af42db322daf0fadfe7e26d3bd1/library/core/src/panicking.rs:80:14
       2: core::result::unwrap_failed
                 at /rustc/e408947bfd200af42db322daf0fadfe7e26d3bd1/library/core/src/result.rs:1867:5
       3: core::result::Result<T,E>::expect
                 at /rustc/e408947bfd200af42db322daf0fadfe7e26d3bd1/library/core/src/result.rs:1185:23
       4: fq::tests::tls_api::different_params
                 at ./src/tests/tls_api.rs:1973:6
       5: fq::tests::tls_api::different_params::{{closure}}
                 at ./src/tests/tls_api.rs:1949:22
       6: core::ops::function::FnOnce::call_once
                 at /rustc/e408947bfd200af42db322daf0fadfe7e26d3bd1/library/core/src/ops/function.rs:250:5
       7: core::ops::function::FnOnce::call_once
                 at /rustc/e408947bfd200af42db322daf0fadfe7e26d3bd1/library/core/src/ops/function.rs:250:5
    note: Some details are omitted, run with `RUST_BACKTRACE=full` for a verbose backtrace.

        FAIL [   0.112s] (543/744) fq tests::tls_api::direct_receive
  stdout ───

    running 1 test
    test tests::tls_api::direct_receive ... FAILED

    failures:

    failures:
        tests::tls_api::direct_receive

    test result: FAILED. 0 passed; 1 failed; 0 ignored; 0 measured; 743 filtered out; finished in 0.09s

  stderr ───

    thread 'tests::tls_api::direct_receive' (25788) panicked at src/tests/tls_api.rs:1991:81:
    connect: Generic
    stack backtrace:
       0: __rustc::rust_begin_unwind
                 at /rustc/e408947bfd200af42db322daf0fadfe7e26d3bd1/library/std/src/panicking.rs:689:5
       1: core::panicking::panic_fmt
                 at /rustc/e408947bfd200af42db322daf0fadfe7e26d3bd1/library/core/src/panicking.rs:80:14
       2: core::result::unwrap_failed
                 at /rustc/e408947bfd200af42db322daf0fadfe7e26d3bd1/library/core/src/result.rs:1867:5
       3: core::result::Result<T,E>::expect
                 at /rustc/e408947bfd200af42db322daf0fadfe7e26d3bd1/library/core/src/result.rs:1185:23
       4: fq::tests::tls_api::direct_receive
                 at ./src/tests/tls_api.rs:1991:81
       5: fq::tests::tls_api::direct_receive::{{closure}}
                 at ./src/tests/tls_api.rs:1981:20
       6: core::ops::function::FnOnce::call_once
                 at /rustc/e408947bfd200af42db322daf0fadfe7e26d3bd1/library/core/src/ops/function.rs:250:5
       7: core::ops::function::FnOnce::call_once
                 at /rustc/e408947bfd200af42db322daf0fadfe7e26d3bd1/library/core/src/ops/function.rs:250:5
    note: Some details are omitted, run with `RUST_BACKTRACE=full` for a verbose backtrace.

        PASS [   0.012s] (544/744) fq tests::tls_api::error_reason
        FAIL [   0.106s] (545/744) fq tests::tls_api::discard_stream
  stdout ───

    running 1 test
    test tests::tls_api::discard_stream ... FAILED

    failures:

    failures:
        tests::tls_api::discard_stream

    test result: FAILED. 0 passed; 1 failed; 0 ignored; 0 measured; 743 filtered out; finished in 0.09s

  stderr ───

    thread 'tests::tls_api::discard_stream' (25791) panicked at src/tests/tls_api.rs:2030:40:
    discard_stream: Generic
    stack backtrace:
       0: __rustc::rust_begin_unwind
                 at /rustc/e408947bfd200af42db322daf0fadfe7e26d3bd1/library/std/src/panicking.rs:689:5
       1: core::panicking::panic_fmt
                 at /rustc/e408947bfd200af42db322daf0fadfe7e26d3bd1/library/core/src/panicking.rs:80:14
       2: core::result::unwrap_failed
                 at /rustc/e408947bfd200af42db322daf0fadfe7e26d3bd1/library/core/src/result.rs:1867:5
       3: core::result::Result<T,E>::expect
                 at /rustc/e408947bfd200af42db322daf0fadfe7e26d3bd1/library/core/src/result.rs:1185:23
       4: fq::tests::tls_api::discard_stream
                 at ./src/tests/tls_api.rs:2030:40
       5: fq::tests::tls_api::discard_stream::{{closure}}
                 at ./src/tests/tls_api.rs:2029:20
       6: core::ops::function::FnOnce::call_once
                 at /rustc/e408947bfd200af42db322daf0fadfe7e26d3bd1/library/core/src/ops/function.rs:250:5
       7: core::ops::function::FnOnce::call_once
                 at /rustc/e408947bfd200af42db322daf0fadfe7e26d3bd1/library/core/src/ops/function.rs:250:5
    note: Some details are omitted, run with `RUST_BACKTRACE=full` for a verbose backtrace.

        FAIL [   0.104s] (546/744) fq tests::tls_api::document_addresses
  stdout ───

    running 1 test
    test tests::tls_api::document_addresses ... FAILED

    failures:

    failures:
        tests::tls_api::document_addresses

    test result: FAILED. 0 passed; 1 failed; 0 ignored; 0 measured; 743 filtered out; finished in 0.09s

  stderr ───

    thread 'tests::tls_api::document_addresses' (25793) panicked at src/tests/tls_api.rs:2075:6:
    document_addresses scenario: Generic
    stack backtrace:
       0: __rustc::rust_begin_unwind
                 at /rustc/e408947bfd200af42db322daf0fadfe7e26d3bd1/library/std/src/panicking.rs:689:5
       1: core::panicking::panic_fmt
                 at /rustc/e408947bfd200af42db322daf0fadfe7e26d3bd1/library/core/src/panicking.rs:80:14
       2: core::result::unwrap_failed
                 at /rustc/e408947bfd200af42db322daf0fadfe7e26d3bd1/library/core/src/result.rs:1867:5
       3: core::result::Result<T,E>::expect
                 at /rustc/e408947bfd200af42db322daf0fadfe7e26d3bd1/library/core/src/result.rs:1185:23
       4: fq::tests::tls_api::document_addresses
                 at ./src/tests/tls_api.rs:2075:6
       5: fq::tests::tls_api::document_addresses::{{closure}}
                 at ./src/tests/tls_api.rs:2038:24
       6: core::ops::function::FnOnce::call_once
                 at /rustc/e408947bfd200af42db322daf0fadfe7e26d3bd1/library/core/src/ops/function.rs:250:5
       7: core::ops::function::FnOnce::call_once
                 at /rustc/e408947bfd200af42db322daf0fadfe7e26d3bd1/library/core/src/ops/function.rs:250:5
    note: Some details are omitted, run with `RUST_BACKTRACE=full` for a verbose backtrace.

        FAIL [   0.108s] (547/744) fq tests::tls_api::excess_repeat
  stdout ───

    running 1 test
    test tests::tls_api::excess_repeat ... FAILED

    failures:

    failures:
        tests::tls_api::excess_repeat

    test result: FAILED. 0 passed; 1 failed; 0 ignored; 0 measured; 743 filtered out; finished in 0.09s

  stderr ───

    thread 'tests::tls_api::excess_repeat' (25797) panicked at src/tests/tls_api.rs:2286:33:
    excess_repeat(newreno): Generic
    stack backtrace:
       0: __rustc::rust_begin_unwind
                 at /rustc/e408947bfd200af42db322daf0fadfe7e26d3bd1/library/std/src/panicking.rs:689:5
       1: core::panicking::panic_fmt
                 at /rustc/e408947bfd200af42db322daf0fadfe7e26d3bd1/library/core/src/panicking.rs:80:14
       2: fq::tests::tls_api::excess_repeat::{{closure}}
                 at ./src/tests/tls_api.rs:2286:33
       3: core::result::Result<T,E>::unwrap_or_else
                 at /rustc/e408947bfd200af42db322daf0fadfe7e26d3bd1/library/core/src/result.rs:1622:23
       4: fq::tests::tls_api::excess_repeat
                 at ./src/tests/tls_api.rs:2286:14
       5: fq::tests::tls_api::excess_repeat::{{closure}}
                 at ./src/tests/tls_api.rs:2275:19
       6: core::ops::function::FnOnce::call_once
                 at /rustc/e408947bfd200af42db322daf0fadfe7e26d3bd1/library/core/src/ops/function.rs:250:5
       7: core::ops::function::FnOnce::call_once
                 at /rustc/e408947bfd200af42db322daf0fadfe7e26d3bd1/library/core/src/ops/function.rs:250:5
    note: Some details are omitted, run with `RUST_BACKTRACE=full` for a verbose backtrace.

        PASS [   0.007s] (548/744) fq tests::tls_api::get_hash
        PASS [   0.010s] (549/744) fq tests::tls_api::get_tls_errors
        FAIL [   0.107s] (550/744) fq tests::tls_api::false_migration
  stdout ───

    running 1 test
    test tests::tls_api::false_migration ... FAILED

    failures:

    failures:
        tests::tls_api::false_migration

    test result: FAILED. 0 passed; 1 failed; 0 ignored; 0 measured; 743 filtered out; finished in 0.09s

  stderr ───

    thread 'tests::tls_api::false_migration' (25799) panicked at src/tests/tls_api.rs:2577:29:
    false_migration initial target_client=true: Generic
    stack backtrace:
       0: __rustc::rust_begin_unwind
                 at /rustc/e408947bfd200af42db322daf0fadfe7e26d3bd1/library/std/src/panicking.rs:689:5
       1: core::panicking::panic_fmt
                 at /rustc/e408947bfd200af42db322daf0fadfe7e26d3bd1/library/core/src/panicking.rs:80:14
       2: fq::tests::tls_api::false_migration::{{closure}}
                 at ./src/tests/tls_api.rs:2577:29
       3: core::result::Result<T,E>::unwrap_or_else
                 at /rustc/e408947bfd200af42db322daf0fadfe7e26d3bd1/library/core/src/result.rs:1622:23
       4: fq::tests::tls_api::false_migration
                 at ./src/tests/tls_api.rs:2577:10
       5: fq::tests::tls_api::false_migration::{{closure}}
                 at ./src/tests/tls_api.rs:2569:21
       6: core::ops::function::FnOnce::call_once
                 at /rustc/e408947bfd200af42db322daf0fadfe7e26d3bd1/library/core/src/ops/function.rs:250:5
       7: core::ops::function::FnOnce::call_once
                 at /rustc/e408947bfd200af42db322daf0fadfe7e26d3bd1/library/core/src/ops/function.rs:250:5
    note: Some details are omitted, run with `RUST_BACKTRACE=full` for a verbose backtrace.

        FAIL [   0.120s] (551/744) fq tests::tls_api::first_loss
  stdout ───

    running 1 test
    test tests::tls_api::first_loss ... FAILED

    failures:

    failures:
        tests::tls_api::first_loss

    test result: FAILED. 0 passed; 1 failed; 0 ignored; 0 measured; 743 filtered out; finished in 0.11s

  stderr ───

    thread 'tests::tls_api::first_loss' (25801) panicked at src/tests/tls_api.rs:2608:26:
    first_loss: Generic
    stack backtrace:
       0: __rustc::rust_begin_unwind
                 at /rustc/e408947bfd200af42db322daf0fadfe7e26d3bd1/library/std/src/panicking.rs:689:5
       1: core::panicking::panic_fmt
                 at /rustc/e408947bfd200af42db322daf0fadfe7e26d3bd1/library/core/src/panicking.rs:80:14
       2: core::result::unwrap_failed
                 at /rustc/e408947bfd200af42db322daf0fadfe7e26d3bd1/library/core/src/result.rs:1867:5
       3: core::result::Result<T,E>::expect
                 at /rustc/e408947bfd200af42db322daf0fadfe7e26d3bd1/library/core/src/result.rs:1185:23
       4: fq::tests::tls_api::first_loss
                 at ./src/tests/tls_api.rs:2608:26
       5: fq::tests::tls_api::first_loss::{{closure}}
                 at ./src/tests/tls_api.rs:2607:16
       6: core::ops::function::FnOnce::call_once
                 at /rustc/e408947bfd200af42db322daf0fadfe7e26d3bd1/library/core/src/ops/function.rs:250:5
       7: core::ops::function::FnOnce::call_once
                 at /rustc/e408947bfd200af42db322daf0fadfe7e26d3bd1/library/core/src/ops/function.rs:250:5
    note: Some details are omitted, run with `RUST_BACKTRACE=full` for a verbose backtrace.

        FAIL [   0.107s] (552/744) fq tests::tls_api::grease_quic_bit
  stdout ───

    running 1 test
    test tests::tls_api::grease_quic_bit ... FAILED

    failures:

    failures:
        tests::tls_api::grease_quic_bit

    test result: FAILED. 0 passed; 1 failed; 0 ignored; 0 measured; 743 filtered out; finished in 0.09s

  stderr ───

    thread 'tests::tls_api::grease_quic_bit' (25807) panicked at src/tests/tls_api.rs:2753:37:
    grease_quic_bit: Generic
    stack backtrace:
       0: __rustc::rust_begin_unwind
                 at /rustc/e408947bfd200af42db322daf0fadfe7e26d3bd1/library/std/src/panicking.rs:689:5
       1: core::panicking::panic_fmt
                 at /rustc/e408947bfd200af42db322daf0fadfe7e26d3bd1/library/core/src/panicking.rs:80:14
       2: core::result::unwrap_failed
                 at /rustc/e408947bfd200af42db322daf0fadfe7e26d3bd1/library/core/src/result.rs:1867:5
       3: core::result::Result<T,E>::expect
                 at /rustc/e408947bfd200af42db322daf0fadfe7e26d3bd1/library/core/src/result.rs:1185:23
       4: fq::tests::tls_api::grease_quic_bit
                 at ./src/tests/tls_api.rs:2753:37
       5: fq::tests::tls_api::grease_quic_bit::{{closure}}
                 at ./src/tests/tls_api.rs:2752:21
       6: core::ops::function::FnOnce::call_once
                 at /rustc/e408947bfd200af42db322daf0fadfe7e26d3bd1/library/core/src/ops/function.rs:250:5
       7: core::ops::function::FnOnce::call_once
                 at /rustc/e408947bfd200af42db322daf0fadfe7e26d3bd1/library/core/src/ops/function.rs:250:5
    note: Some details are omitted, run with `RUST_BACKTRACE=full` for a verbose backtrace.

        FAIL [   0.110s] (553/744) fq tests::tls_api::grease_quic_bit_one_way
  stdout ───

    running 1 test
    test tests::tls_api::grease_quic_bit_one_way ... FAILED

    failures:

    failures:
        tests::tls_api::grease_quic_bit_one_way

    test result: FAILED. 0 passed; 1 failed; 0 ignored; 0 measured; 743 filtered out; finished in 0.09s

  stderr ───

    thread 'tests::tls_api::grease_quic_bit_one_way' (25809) panicked at src/tests/tls_api.rs:2761:36:
    grease_quic_bit_one_way: Generic
    stack backtrace:
       0: __rustc::rust_begin_unwind
                 at /rustc/e408947bfd200af42db322daf0fadfe7e26d3bd1/library/std/src/panicking.rs:689:5
       1: core::panicking::panic_fmt
                 at /rustc/e408947bfd200af42db322daf0fadfe7e26d3bd1/library/core/src/panicking.rs:80:14
       2: core::result::unwrap_failed
                 at /rustc/e408947bfd200af42db322daf0fadfe7e26d3bd1/library/core/src/result.rs:1867:5
       3: core::result::Result<T,E>::expect
                 at /rustc/e408947bfd200af42db322daf0fadfe7e26d3bd1/library/core/src/result.rs:1185:23
       4: fq::tests::tls_api::grease_quic_bit_one_way
                 at ./src/tests/tls_api.rs:2761:36
       5: fq::tests::tls_api::grease_quic_bit_one_way::{{closure}}
                 at ./src/tests/tls_api.rs:2760:29
       6: core::ops::function::FnOnce::call_once
                 at /rustc/e408947bfd200af42db322daf0fadfe7e26d3bd1/library/core/src/ops/function.rs:250:5
       7: core::ops::function::FnOnce::call_once
                 at /rustc/e408947bfd200af42db322daf0fadfe7e26d3bd1/library/core/src/ops/function.rs:250:5
    note: Some details are omitted, run with `RUST_BACKTRACE=full` for a verbose backtrace.

        FAIL [   1.261s] (554/744) fq tests::tls_api::cnx_ddos
  stdout ───

    running 1 test
    test tests::tls_api::cnx_ddos ... FAILED

    failures:

    failures:
        tests::tls_api::cnx_ddos

    test result: FAILED. 0 passed; 1 failed; 0 ignored; 0 measured; 743 filtered out; finished in 1.25s

  stderr ───

    thread 'tests::tls_api::cnx_ddos' (25761) panicked at src/tests/tls_api.rs:1561:36:
    cnx_ddos: Generic
    stack backtrace:
       0: __rustc::rust_begin_unwind
                 at /rustc/e408947bfd200af42db322daf0fadfe7e26d3bd1/library/std/src/panicking.rs:689:5
       1: core::panicking::panic_fmt
                 at /rustc/e408947bfd200af42db322daf0fadfe7e26d3bd1/library/core/src/panicking.rs:80:14
       2: core::result::unwrap_failed
                 at /rustc/e408947bfd200af42db322daf0fadfe7e26d3bd1/library/core/src/result.rs:1867:5
       3: core::result::Result<T,E>::expect
                 at /rustc/e408947bfd200af42db322daf0fadfe7e26d3bd1/library/core/src/result.rs:1185:23
       4: fq::tests::tls_api::cnx_ddos
                 at ./src/tests/tls_api.rs:1561:36
       5: fq::tests::tls_api::cnx_ddos::{{closure}}
                 at ./src/tests/tls_api.rs:1560:14
       6: core::ops::function::FnOnce::call_once
                 at /rustc/e408947bfd200af42db322daf0fadfe7e26d3bd1/library/core/src/ops/function.rs:250:5
       7: core::ops::function::FnOnce::call_once
                 at /rustc/e408947bfd200af42db322daf0fadfe7e26d3bd1/library/core/src/ops/function.rs:250:5
    note: Some details are omitted, run with `RUST_BACKTRACE=full` for a verbose backtrace.

        FAIL [   0.109s] (555/744) fq tests::tls_api::heavy_loss_inter
  stdout ───

    running 1 test
    test tests::tls_api::heavy_loss_inter ... FAILED

    failures:

    failures:
        tests::tls_api::heavy_loss_inter

    test result: FAILED. 0 passed; 1 failed; 0 ignored; 0 measured; 743 filtered out; finished in 0.09s

  stderr ───

    thread 'tests::tls_api::heavy_loss_inter' (25813) panicked at src/tests/tls_api.rs:2778:40:
    heavy_loss_inter: Generic
    stack backtrace:
       0: __rustc::rust_begin_unwind
                 at /rustc/e408947bfd200af42db322daf0fadfe7e26d3bd1/library/std/src/panicking.rs:689:5
       1: core::panicking::panic_fmt
                 at /rustc/e408947bfd200af42db322daf0fadfe7e26d3bd1/library/core/src/panicking.rs:80:14
       2: core::result::unwrap_failed
                 at /rustc/e408947bfd200af42db322daf0fadfe7e26d3bd1/library/core/src/result.rs:1867:5
       3: core::result::Result<T,E>::expect
                 at /rustc/e408947bfd200af42db322daf0fadfe7e26d3bd1/library/core/src/result.rs:1185:23
       4: fq::tests::tls_api::heavy_loss_inter
                 at ./src/tests/tls_api.rs:2778:40
       5: fq::tests::tls_api::heavy_loss_inter::{{closure}}
                 at ./src/tests/tls_api.rs:2777:22
       6: core::ops::function::FnOnce::call_once
                 at /rustc/e408947bfd200af42db322daf0fadfe7e26d3bd1/library/core/src/ops/function.rs:250:5
       7: core::ops::function::FnOnce::call_once
                 at /rustc/e408947bfd200af42db322daf0fadfe7e26d3bd1/library/core/src/ops/function.rs:250:5
    note: Some details are omitted, run with `RUST_BACKTRACE=full` for a verbose backtrace.

        FAIL [   0.158s] (556/744) fq tests::tls_api::heavy_loss
  stdout ───

    running 1 test
    test tests::tls_api::heavy_loss ... FAILED

    failures:

    failures:
        tests::tls_api::heavy_loss

    test result: FAILED. 0 passed; 1 failed; 0 ignored; 0 measured; 743 filtered out; finished in 0.14s

  stderr ───

    thread 'tests::tls_api::heavy_loss' (25811) panicked at src/tests/tls_api.rs:2770:40:
    heavy_loss: Generic
    stack backtrace:
       0: __rustc::rust_begin_unwind
                 at /rustc/e408947bfd200af42db322daf0fadfe7e26d3bd1/library/std/src/panicking.rs:689:5
       1: core::panicking::panic_fmt
                 at /rustc/e408947bfd200af42db322daf0fadfe7e26d3bd1/library/core/src/panicking.rs:80:14
       2: core::result::unwrap_failed
                 at /rustc/e408947bfd200af42db322daf0fadfe7e26d3bd1/library/core/src/result.rs:1867:5
       3: core::result::Result<T,E>::expect
                 at /rustc/e408947bfd200af42db322daf0fadfe7e26d3bd1/library/core/src/result.rs:1185:23
       4: fq::tests::tls_api::heavy_loss
                 at ./src/tests/tls_api.rs:2770:40
       5: fq::tests::tls_api::heavy_loss::{{closure}}
                 at ./src/tests/tls_api.rs:2769:16
       6: core::ops::function::FnOnce::call_once
                 at /rustc/e408947bfd200af42db322daf0fadfe7e26d3bd1/library/core/src/ops/function.rs:250:5
       7: core::ops::function::FnOnce::call_once
                 at /rustc/e408947bfd200af42db322daf0fadfe7e26d3bd1/library/core/src/ops/function.rs:250:5
    note: Some details are omitted, run with `RUST_BACKTRACE=full` for a verbose backtrace.

        FAIL [   0.104s] (557/744) fq tests::tls_api::immediate_ack
  stdout ───

    running 1 test
    test tests::tls_api::immediate_ack ... FAILED

    failures:

    failures:
        tests::tls_api::immediate_ack

    test result: FAILED. 0 passed; 1 failed; 0 ignored; 0 measured; 743 filtered out; finished in 0.09s

  stderr ───

    thread 'tests::tls_api::immediate_ack' (25817) panicked at src/tests/tls_api.rs:2883:30:
    immediate_ack: Generic
    stack backtrace:
       0: __rustc::rust_begin_unwind
                 at /rustc/e408947bfd200af42db322daf0fadfe7e26d3bd1/library/std/src/panicking.rs:689:5
       1: core::panicking::panic_fmt
                 at /rustc/e408947bfd200af42db322daf0fadfe7e26d3bd1/library/core/src/panicking.rs:80:14
       2: core::result::unwrap_failed
                 at /rustc/e408947bfd200af42db322daf0fadfe7e26d3bd1/library/core/src/result.rs:1867:5
       3: core::result::Result<T,E>::expect
                 at /rustc/e408947bfd200af42db322daf0fadfe7e26d3bd1/library/core/src/result.rs:1185:23
       4: fq::tests::tls_api::immediate_ack
                 at ./src/tests/tls_api.rs:2883:30
       5: fq::tests::tls_api::immediate_ack::{{closure}}
                 at ./src/tests/tls_api.rs:2882:19
       6: core::ops::function::FnOnce::call_once
                 at /rustc/e408947bfd200af42db322daf0fadfe7e26d3bd1/library/core/src/ops/function.rs:250:5
       7: core::ops::function::FnOnce::call_once
                 at /rustc/e408947bfd200af42db322daf0fadfe7e26d3bd1/library/core/src/ops/function.rs:250:5
    note: Some details are omitted, run with `RUST_BACKTRACE=full` for a verbose backtrace.

        FAIL [   0.147s] (558/744) fq tests::tls_api::heavy_loss_total
  stdout ───

    running 1 test
    test tests::tls_api::heavy_loss_total ... FAILED

    failures:

    failures:
        tests::tls_api::heavy_loss_total

    test result: FAILED. 0 passed; 1 failed; 0 ignored; 0 measured; 743 filtered out; finished in 0.13s

  stderr ───

    thread 'tests::tls_api::heavy_loss_total' (25815) panicked at src/tests/tls_api.rs:2786:40:
    heavy_loss_total: Generic
    stack backtrace:
       0: __rustc::rust_begin_unwind
                 at /rustc/e408947bfd200af42db322daf0fadfe7e26d3bd1/library/std/src/panicking.rs:689:5
       1: core::panicking::panic_fmt
                 at /rustc/e408947bfd200af42db322daf0fadfe7e26d3bd1/library/core/src/panicking.rs:80:14
       2: core::result::unwrap_failed
                 at /rustc/e408947bfd200af42db322daf0fadfe7e26d3bd1/library/core/src/result.rs:1867:5
       3: core::result::Result<T,E>::expect
                 at /rustc/e408947bfd200af42db322daf0fadfe7e26d3bd1/library/core/src/result.rs:1185:23
       4: fq::tests::tls_api::heavy_loss_total
                 at ./src/tests/tls_api.rs:2786:40
       5: fq::tests::tls_api::heavy_loss_total::{{closure}}
                 at ./src/tests/tls_api.rs:2785:22
       6: core::ops::function::FnOnce::call_once
                 at /rustc/e408947bfd200af42db322daf0fadfe7e26d3bd1/library/core/src/ops/function.rs:250:5
       7: core::ops::function::FnOnce::call_once
                 at /rustc/e408947bfd200af42db322daf0fadfe7e26d3bd1/library/core/src/ops/function.rs:250:5
    note: Some details are omitted, run with `RUST_BACKTRACE=full` for a verbose backtrace.

        FAIL [   0.111s] (559/744) fq tests::tls_api::immediate_close
  stdout ───

    running 1 test
    test tests::tls_api::immediate_close ... FAILED

    failures:

    failures:
        tests::tls_api::immediate_close

    test result: FAILED. 0 passed; 1 failed; 0 ignored; 0 measured; 743 filtered out; finished in 0.09s

  stderr ───

    thread 'tests::tls_api::immediate_close' (25819) panicked at src/tests/tls_api.rs:2944:32:
    immediate_close: Generic
    stack backtrace:
       0: __rustc::rust_begin_unwind
                 at /rustc/e408947bfd200af42db322daf0fadfe7e26d3bd1/library/std/src/panicking.rs:689:5
       1: core::panicking::panic_fmt
                 at /rustc/e408947bfd200af42db322daf0fadfe7e26d3bd1/library/core/src/panicking.rs:80:14
       2: core::result::unwrap_failed
                 at /rustc/e408947bfd200af42db322daf0fadfe7e26d3bd1/library/core/src/result.rs:1867:5
       3: core::result::Result<T,E>::expect
                 at /rustc/e408947bfd200af42db322daf0fadfe7e26d3bd1/library/core/src/result.rs:1185:23
       4: fq::tests::tls_api::immediate_close
                 at ./src/tests/tls_api.rs:2944:32
       5: fq::tests::tls_api::immediate_close::{{closure}}
                 at ./src/tests/tls_api.rs:2943:21
       6: core::ops::function::FnOnce::call_once
                 at /rustc/e408947bfd200af42db322daf0fadfe7e26d3bd1/library/core/src/ops/function.rs:250:5
       7: core::ops::function::FnOnce::call_once
                 at /rustc/e408947bfd200af42db322daf0fadfe7e26d3bd1/library/core/src/ops/function.rs:250:5
    note: Some details are omitted, run with `RUST_BACKTRACE=full` for a verbose backtrace.

        FAIL [   0.110s] (560/744) fq tests::tls_api::implicit_ack
  stdout ───

    running 1 test
    test tests::tls_api::implicit_ack ... FAILED

    failures:

    failures:
        tests::tls_api::implicit_ack

    test result: FAILED. 0 passed; 1 failed; 0 ignored; 0 measured; 743 filtered out; finished in 0.09s

  stderr ───

    thread 'tests::tls_api::implicit_ack' (25821) panicked at src/tests/tls_api.rs:2957:52:
    implicit_ack_ready: Generic
    stack backtrace:
       0: __rustc::rust_begin_unwind
                 at /rustc/e408947bfd200af42db322daf0fadfe7e26d3bd1/library/std/src/panicking.rs:689:5
       1: core::panicking::panic_fmt
                 at /rustc/e408947bfd200af42db322daf0fadfe7e26d3bd1/library/core/src/panicking.rs:80:14
       2: core::result::unwrap_failed
                 at /rustc/e408947bfd200af42db322daf0fadfe7e26d3bd1/library/core/src/result.rs:1867:5
       3: core::result::Result<T,E>::expect
                 at /rustc/e408947bfd200af42db322daf0fadfe7e26d3bd1/library/core/src/result.rs:1185:23
       4: fq::tests::tls_api::implicit_ack
                 at ./src/tests/tls_api.rs:2957:52
       5: fq::tests::tls_api::implicit_ack::{{closure}}
                 at ./src/tests/tls_api.rs:2952:18
       6: core::ops::function::FnOnce::call_once
                 at /rustc/e408947bfd200af42db322daf0fadfe7e26d3bd1/library/core/src/ops/function.rs:250:5
       7: core::ops::function::FnOnce::call_once
                 at /rustc/e408947bfd200af42db322daf0fadfe7e26d3bd1/library/core/src/ops/function.rs:250:5
    note: Some details are omitted, run with `RUST_BACKTRACE=full` for a verbose backtrace.

        FAIL [   0.098s] (561/744) fq tests::tls_api::initial_close
  stdout ───

    running 1 test
    test tests::tls_api::initial_close ... FAILED

    failures:

    failures:
        tests::tls_api::initial_close

    test result: FAILED. 0 passed; 1 failed; 0 ignored; 0 measured; 743 filtered out; finished in 0.08s

  stderr ───

    thread 'tests::tls_api::initial_close' (25823) panicked at src/tests/tls_api.rs:3020:5:
    server connection deleted, cannot verify error code
    stack backtrace:
       0: __rustc::rust_begin_unwind
                 at /rustc/e408947bfd200af42db322daf0fadfe7e26d3bd1/library/std/src/panicking.rs:689:5
       1: core::panicking::panic_fmt
                 at /rustc/e408947bfd200af42db322daf0fadfe7e26d3bd1/library/core/src/panicking.rs:80:14
       2: fq::tests::tls_api::initial_close_test_one
                 at ./src/tests/tls_api.rs:3020:5
       3: fq::tests::tls_api::initial_close
                 at ./src/tests/tls_api.rs:3050:5
       4: fq::tests::tls_api::initial_close::{{closure}}
                 at ./src/tests/tls_api.rs:3049:19
       5: core::ops::function::FnOnce::call_once
                 at /rustc/e408947bfd200af42db322daf0fadfe7e26d3bd1/library/core/src/ops/function.rs:250:5
       6: core::ops::function::FnOnce::call_once
                 at /rustc/e408947bfd200af42db322daf0fadfe7e26d3bd1/library/core/src/ops/function.rs:250:5
    note: Some details are omitted, run with `RUST_BACKTRACE=full` for a verbose backtrace.

        FAIL [   0.098s] (562/744) fq tests::tls_api::initial_race
  stdout ───

    running 1 test
    test tests::tls_api::initial_race ... FAILED

    failures:

    failures:
        tests::tls_api::initial_race

    test result: FAILED. 0 passed; 1 failed; 0 ignored; 0 measured; 743 filtered out; finished in 0.08s

  stderr ───

    thread 'tests::tls_api::initial_race' (25825) panicked at src/tests/tls_api.rs:3069:5:
    initial simulation round should queue the client's first Initial
    stack backtrace:
       0: __rustc::rust_begin_unwind
                 at /rustc/e408947bfd200af42db322daf0fadfe7e26d3bd1/library/std/src/panicking.rs:689:5
       1: core::panicking::panic_fmt
                 at /rustc/e408947bfd200af42db322daf0fadfe7e26d3bd1/library/core/src/panicking.rs:80:14
       2: fq::tests::tls_api::initial_race_test_one
                 at ./src/tests/tls_api.rs:3069:5
       3: fq::tests::tls_api::initial_race
                 at ./src/tests/tls_api.rs:3122:5
       4: fq::tests::tls_api::initial_race::{{closure}}
                 at ./src/tests/tls_api.rs:3121:18
       5: core::ops::function::FnOnce::call_once
                 at /rustc/e408947bfd200af42db322daf0fadfe7e26d3bd1/library/core/src/ops/function.rs:250:5
       6: core::ops::function::FnOnce::call_once
                 at /rustc/e408947bfd200af42db322daf0fadfe7e26d3bd1/library/core/src/ops/function.rs:250:5
    note: Some details are omitted, run with `RUST_BACKTRACE=full` for a verbose backtrace.

        FAIL [   0.103s] (563/744) fq tests::tls_api::initial_server_close
  stdout ───

    running 1 test
    test tests::tls_api::initial_server_close ... FAILED

    failures:

    failures:
        tests::tls_api::initial_server_close

    test result: FAILED. 0 passed; 1 failed; 0 ignored; 0 measured; 743 filtered out; finished in 0.09s

  stderr ───

    thread 'tests::tls_api::initial_server_close' (25827) panicked at src/tests/tls_api.rs:3147:5:
    server connection not accepted before close; client_state=ClientInit, c_to_s_packets=0, s_to_c_packets=0, time=3840000000
    stack backtrace:
       0: __rustc::rust_begin_unwind
                 at /rustc/e408947bfd200af42db322daf0fadfe7e26d3bd1/library/std/src/panicking.rs:689:5
       1: core::panicking::panic_fmt
                 at /rustc/e408947bfd200af42db322daf0fadfe7e26d3bd1/library/core/src/panicking.rs:80:14
       2: fq::tests::tls_api::initial_server_close_test_one
                 at ./src/tests/tls_api.rs:3147:5
       3: fq::tests::tls_api::initial_server_close
                 at ./src/tests/tls_api.rs:3199:5
       4: fq::tests::tls_api::initial_server_close::{{closure}}
                 at ./src/tests/tls_api.rs:3198:26
       5: core::ops::function::FnOnce::call_once
                 at /rustc/e408947bfd200af42db322daf0fadfe7e26d3bd1/library/core/src/ops/function.rs:250:5
       6: core::ops::function::FnOnce::call_once
                 at /rustc/e408947bfd200af42db322daf0fadfe7e26d3bd1/library/core/src/ops/function.rs:250:5
    note: Some details are omitted, run with `RUST_BACKTRACE=full` for a verbose backtrace.

        FAIL [   0.099s] (564/744) fq tests::tls_api::keep_alive
  stdout ───

    running 1 test
    test tests::tls_api::keep_alive ... FAILED

    failures:

    failures:
        tests::tls_api::keep_alive

    test result: FAILED. 0 passed; 1 failed; 0 ignored; 0 measured; 743 filtered out; finished in 0.08s

  stderr ───

    thread 'tests::tls_api::keep_alive' (25831) panicked at src/tests/tls_api.rs:3315:29:
    keep_alive_on: Generic
    stack backtrace:
       0: __rustc::rust_begin_unwind
                 at /rustc/e408947bfd200af42db322daf0fadfe7e26d3bd1/library/std/src/panicking.rs:689:5
       1: core::panicking::panic_fmt
                 at /rustc/e408947bfd200af42db322daf0fadfe7e26d3bd1/library/core/src/panicking.rs:80:14
       2: core::result::unwrap_failed
                 at /rustc/e408947bfd200af42db322daf0fadfe7e26d3bd1/library/core/src/result.rs:1867:5
       3: core::result::Result<T,E>::expect
                 at /rustc/e408947bfd200af42db322daf0fadfe7e26d3bd1/library/core/src/result.rs:1185:23
       4: fq::tests::tls_api::keep_alive
                 at ./src/tests/tls_api.rs:3315:29
       5: fq::tests::tls_api::keep_alive::{{closure}}
                 at ./src/tests/tls_api.rs:3314:16
       6: core::ops::function::FnOnce::call_once
                 at /rustc/e408947bfd200af42db322daf0fadfe7e26d3bd1/library/core/src/ops/function.rs:250:5
       7: core::ops::function::FnOnce::call_once
                 at /rustc/e408947bfd200af42db322daf0fadfe7e26d3bd1/library/core/src/ops/function.rs:250:5
    note: Some details are omitted, run with `RUST_BACKTRACE=full` for a verbose backtrace.

        FAIL [   0.107s] (565/744) fq tests::tls_api::key_rotation_client
  stdout ───

    running 1 test
    test tests::tls_api::key_rotation_client ... FAILED

    failures:

    failures:
        tests::tls_api::key_rotation_client

    test result: FAILED. 0 passed; 1 failed; 0 ignored; 0 measured; 743 filtered out; finished in 0.09s

  stderr ───

    thread 'tests::tls_api::key_rotation_client' (25835) panicked at src/tests/tls_api.rs:3335:38:
    key_rotation_client: Generic
    stack backtrace:
       0: __rustc::rust_begin_unwind
                 at /rustc/e408947bfd200af42db322daf0fadfe7e26d3bd1/library/std/src/panicking.rs:689:5
       1: core::panicking::panic_fmt
                 at /rustc/e408947bfd200af42db322daf0fadfe7e26d3bd1/library/core/src/panicking.rs:80:14
       2: core::result::unwrap_failed
                 at /rustc/e408947bfd200af42db322daf0fadfe7e26d3bd1/library/core/src/result.rs:1867:5
       3: core::result::Result<T,E>::expect
                 at /rustc/e408947bfd200af42db322daf0fadfe7e26d3bd1/library/core/src/result.rs:1185:23
       4: fq::tests::tls_api::key_rotation_client
                 at ./src/tests/tls_api.rs:3335:38
       5: fq::tests::tls_api::key_rotation_client::{{closure}}
                 at ./src/tests/tls_api.rs:3334:25
       6: core::ops::function::FnOnce::call_once
                 at /rustc/e408947bfd200af42db322daf0fadfe7e26d3bd1/library/core/src/ops/function.rs:250:5
       7: core::ops::function::FnOnce::call_once
                 at /rustc/e408947bfd200af42db322daf0fadfe7e26d3bd1/library/core/src/ops/function.rs:250:5
    note: Some details are omitted, run with `RUST_BACKTRACE=full` for a verbose backtrace.

        FAIL [   0.147s] (566/744) fq tests::tls_api::key_rotation
  stdout ───

    running 1 test
    test tests::tls_api::key_rotation ... FAILED

    failures:

    failures:
        tests::tls_api::key_rotation

    test result: FAILED. 0 passed; 1 failed; 0 ignored; 0 measured; 743 filtered out; finished in 0.13s

  stderr ───

    thread 'tests::tls_api::key_rotation' (25833) panicked at src/tests/tls_api.rs:3325:30:
    key_rotation: Generic
    stack backtrace:
       0: __rustc::rust_begin_unwind
                 at /rustc/e408947bfd200af42db322daf0fadfe7e26d3bd1/library/std/src/panicking.rs:689:5
       1: core::panicking::panic_fmt
                 at /rustc/e408947bfd200af42db322daf0fadfe7e26d3bd1/library/core/src/panicking.rs:80:14
       2: core::result::unwrap_failed
                 at /rustc/e408947bfd200af42db322daf0fadfe7e26d3bd1/library/core/src/result.rs:1867:5
       3: core::result::Result<T,E>::expect
                 at /rustc/e408947bfd200af42db322daf0fadfe7e26d3bd1/library/core/src/result.rs:1185:23
       4: fq::tests::tls_api::key_rotation
                 at ./src/tests/tls_api.rs:3325:30
       5: fq::tests::tls_api::key_rotation::{{closure}}
                 at ./src/tests/tls_api.rs:3324:18
       6: core::ops::function::FnOnce::call_once
                 at /rustc/e408947bfd200af42db322daf0fadfe7e26d3bd1/library/core/src/ops/function.rs:250:5
       7: core::ops::function::FnOnce::call_once
                 at /rustc/e408947bfd200af42db322daf0fadfe7e26d3bd1/library/core/src/ops/function.rs:250:5
    note: Some details are omitted, run with `RUST_BACKTRACE=full` for a verbose backtrace.

        FAIL [   0.102s] (567/744) fq tests::tls_api::key_rotation_server
  stdout ───

    running 1 test
    test tests::tls_api::key_rotation_server ... FAILED

    failures:

    failures:
        tests::tls_api::key_rotation_server

    test result: FAILED. 0 passed; 1 failed; 0 ignored; 0 measured; 743 filtered out; finished in 0.09s

  stderr ───

    thread 'tests::tls_api::key_rotation_server' (25837) panicked at src/tests/tls_api.rs:3343:39:
    key_rotation_server: Generic
    stack backtrace:
       0: __rustc::rust_begin_unwind
                 at /rustc/e408947bfd200af42db322daf0fadfe7e26d3bd1/library/std/src/panicking.rs:689:5
       1: core::panicking::panic_fmt
                 at /rustc/e408947bfd200af42db322daf0fadfe7e26d3bd1/library/core/src/panicking.rs:80:14
       2: core::result::unwrap_failed
                 at /rustc/e408947bfd200af42db322daf0fadfe7e26d3bd1/library/core/src/result.rs:1867:5
       3: core::result::Result<T,E>::expect
                 at /rustc/e408947bfd200af42db322daf0fadfe7e26d3bd1/library/core/src/result.rs:1185:23
       4: fq::tests::tls_api::key_rotation_server
                 at ./src/tests/tls_api.rs:3343:39
       5: fq::tests::tls_api::key_rotation_server::{{closure}}
                 at ./src/tests/tls_api.rs:3342:25
       6: core::ops::function::FnOnce::call_once
                 at /rustc/e408947bfd200af42db322daf0fadfe7e26d3bd1/library/core/src/ops/function.rs:250:5
       7: core::ops::function::FnOnce::call_once
                 at /rustc/e408947bfd200af42db322daf0fadfe7e26d3bd1/library/core/src/ops/function.rs:250:5
    note: Some details are omitted, run with `RUST_BACKTRACE=full` for a verbose backtrace.

        PASS [   0.060s] (568/744) fq tests::tls_api::key_rotation_stress
        FAIL [   0.103s] (569/744) fq tests::tls_api::keylog_test
  stdout ───

    running 1 test
    test tests::tls_api::keylog_test ... FAILED

    failures:

    failures:
        tests::tls_api::keylog_test

    test result: FAILED. 0 passed; 1 failed; 0 ignored; 0 measured; 743 filtered out; finished in 0.09s

  stderr ───

    thread 'tests::tls_api::keylog_test' (25841) panicked at src/tests/tls_api.rs:3540:6:
    keylog q_and_r scenario: Generic
    stack backtrace:
       0: __rustc::rust_begin_unwind
                 at /rustc/e408947bfd200af42db322daf0fadfe7e26d3bd1/library/std/src/panicking.rs:689:5
       1: core::panicking::panic_fmt
                 at /rustc/e408947bfd200af42db322daf0fadfe7e26d3bd1/library/core/src/panicking.rs:80:14
       2: core::result::unwrap_failed
                 at /rustc/e408947bfd200af42db322daf0fadfe7e26d3bd1/library/core/src/result.rs:1867:5
       3: core::result::Result<T,E>::expect
                 at /rustc/e408947bfd200af42db322daf0fadfe7e26d3bd1/library/core/src/result.rs:1185:23
       4: fq::tests::tls_api::keylog_test
                 at ./src/tests/tls_api.rs:3540:6
       5: fq::tests::tls_api::keylog_test::{{closure}}
                 at ./src/tests/tls_api.rs:3498:17
       6: core::ops::function::FnOnce::call_once
                 at /rustc/e408947bfd200af42db322daf0fadfe7e26d3bd1/library/core/src/ops/function.rs:250:5
       7: core::ops::function::FnOnce::call_once
                 at /rustc/e408947bfd200af42db322daf0fadfe7e26d3bd1/library/core/src/ops/function.rs:250:5
    note: Some details are omitted, run with `RUST_BACKTRACE=full` for a verbose backtrace.

        FAIL [   0.100s] (570/744) fq tests::tls_api::large_client_hello
  stdout ───

    running 1 test
    test tests::tls_api::large_client_hello ... FAILED

    failures:

    failures:
        tests::tls_api::large_client_hello

    test result: FAILED. 0 passed; 1 failed; 0 ignored; 0 measured; 743 filtered out; finished in 0.09s

  stderr ───

    thread 'tests::tls_api::large_client_hello' (25843) panicked at src/tests/tls_api.rs:3587:6:
    large_client_hello q_and_r scenario: Generic
    stack backtrace:
       0: __rustc::rust_begin_unwind
                 at /rustc/e408947bfd200af42db322daf0fadfe7e26d3bd1/library/std/src/panicking.rs:689:5
       1: core::panicking::panic_fmt
                 at /rustc/e408947bfd200af42db322daf0fadfe7e26d3bd1/library/core/src/panicking.rs:80:14
       2: core::result::unwrap_failed
                 at /rustc/e408947bfd200af42db322daf0fadfe7e26d3bd1/library/core/src/result.rs:1867:5
       3: core::result::Result<T,E>::expect
                 at /rustc/e408947bfd200af42db322daf0fadfe7e26d3bd1/library/core/src/result.rs:1185:23
       4: fq::tests::tls_api::large_client_hello
                 at ./src/tests/tls_api.rs:3587:6
       5: fq::tests::tls_api::large_client_hello::{{closure}}
                 at ./src/tests/tls_api.rs:3565:24
       6: core::ops::function::FnOnce::call_once
                 at /rustc/e408947bfd200af42db322daf0fadfe7e26d3bd1/library/core/src/ops/function.rs:250:5
       7: core::ops::function::FnOnce::call_once
                 at /rustc/e408947bfd200af42db322daf0fadfe7e26d3bd1/library/core/src/ops/function.rs:250:5
    note: Some details are omitted, run with `RUST_BACKTRACE=full` for a verbose backtrace.

        FAIL [   0.106s] (571/744) fq tests::tls_api::long_rtt
  stdout ───

    running 1 test
    test tests::tls_api::long_rtt ... FAILED

    failures:

    failures:
        tests::tls_api::long_rtt

    test result: FAILED. 0 passed; 1 failed; 0 ignored; 0 measured; 743 filtered out; finished in 0.09s

  stderr ───

    thread 'tests::tls_api::long_rtt' (25845) panicked at src/tests/tls_api.rs:3633:6:
    long_rtt: Generic
    stack backtrace:
       0: __rustc::rust_begin_unwind
                 at /rustc/e408947bfd200af42db322daf0fadfe7e26d3bd1/library/std/src/panicking.rs:689:5
       1: core::panicking::panic_fmt
                 at /rustc/e408947bfd200af42db322daf0fadfe7e26d3bd1/library/core/src/panicking.rs:80:14
       2: core::result::unwrap_failed
                 at /rustc/e408947bfd200af42db322daf0fadfe7e26d3bd1/library/core/src/result.rs:1867:5
       3: core::result::Result<T,E>::expect
                 at /rustc/e408947bfd200af42db322daf0fadfe7e26d3bd1/library/core/src/result.rs:1185:23
       4: fq::tests::tls_api::long_rtt
                 at ./src/tests/tls_api.rs:3633:6
       5: fq::tests::tls_api::long_rtt::{{closure}}
                 at ./src/tests/tls_api.rs:3607:14
       6: core::ops::function::FnOnce::call_once
                 at /rustc/e408947bfd200af42db322daf0fadfe7e26d3bd1/library/core/src/ops/function.rs:250:5
       7: core::ops::function::FnOnce::call_once
                 at /rustc/e408947bfd200af42db322daf0fadfe7e26d3bd1/library/core/src/ops/function.rs:250:5
    note: Some details are omitted, run with `RUST_BACKTRACE=full` for a verbose backtrace.

        FAIL [   0.098s] (572/744) fq tests::tls_api::loss_bit
  stdout ───

    running 1 test
    test tests::tls_api::loss_bit ... FAILED

    failures:

    failures:
        tests::tls_api::loss_bit

    test result: FAILED. 0 passed; 1 failed; 0 ignored; 0 measured; 743 filtered out; finished in 0.08s

  stderr ───

    thread 'tests::tls_api::loss_bit' (25847) panicked at src/tests/tls_api.rs:3745:13:
    loss_bit wait-ready client=0 server=0: Generic
    stack backtrace:
       0: __rustc::rust_begin_unwind
                 at /rustc/e408947bfd200af42db322daf0fadfe7e26d3bd1/library/std/src/panicking.rs:689:5
       1: core::panicking::panic_fmt
                 at /rustc/e408947bfd200af42db322daf0fadfe7e26d3bd1/library/core/src/panicking.rs:80:14
       2: fq::tests::tls_api::loss_bit::{{closure}}
                 at ./src/tests/tls_api.rs:3745:13
       3: core::result::Result<T,E>::unwrap_or_else
                 at /rustc/e408947bfd200af42db322daf0fadfe7e26d3bd1/library/core/src/result.rs:1622:23
       4: fq::tests::tls_api::loss_bit
                 at ./src/tests/tls_api.rs:3744:74
       5: fq::tests::tls_api::loss_bit::{{closure}}
                 at ./src/tests/tls_api.rs:3641:14
       6: core::ops::function::FnOnce::call_once
                 at /rustc/e408947bfd200af42db322daf0fadfe7e26d3bd1/library/core/src/ops/function.rs:250:5
       7: core::ops::function::FnOnce::call_once
                 at /rustc/e408947bfd200af42db322daf0fadfe7e26d3bd1/library/core/src/ops/function.rs:250:5
    note: Some details are omitted, run with `RUST_BACKTRACE=full` for a verbose backtrace.

        FAIL [   0.116s] (573/744) fq tests::tls_api::many_losses
  stdout ───

    running 1 test
    test tests::tls_api::many_losses ... FAILED

    failures:

    failures:
        tests::tls_api::many_losses

    test result: FAILED. 0 passed; 1 failed; 0 ignored; 0 measured; 743 filtered out; finished in 0.10s

  stderr ───

    thread 'tests::tls_api::many_losses' (25849) panicked at src/tests/tls_api.rs:3998:37:
    many_losses mask 0-0=0x0: Generic
    stack backtrace:
       0: __rustc::rust_begin_unwind
                 at /rustc/e408947bfd200af42db322daf0fadfe7e26d3bd1/library/std/src/panicking.rs:689:5
       1: core::panicking::panic_fmt
                 at /rustc/e408947bfd200af42db322daf0fadfe7e26d3bd1/library/core/src/panicking.rs:80:14
       2: fq::tests::tls_api::many_losses::{{closure}}
                 at ./src/tests/tls_api.rs:3998:37
       3: core::result::Result<T,E>::unwrap_or_else
                 at /rustc/e408947bfd200af42db322daf0fadfe7e26d3bd1/library/core/src/result.rs:1622:23
       4: fq::tests::tls_api::many_losses
                 at ./src/tests/tls_api.rs:3998:18
       5: fq::tests::tls_api::many_losses::{{closure}}
                 at ./src/tests/tls_api.rs:3992:17
       6: core::ops::function::FnOnce::call_once
                 at /rustc/e408947bfd200af42db322daf0fadfe7e26d3bd1/library/core/src/ops/function.rs:250:5
       7: core::ops::function::FnOnce::call_once
                 at /rustc/e408947bfd200af42db322daf0fadfe7e26d3bd1/library/core/src/ops/function.rs:250:5
    note: Some details are omitted, run with `RUST_BACKTRACE=full` for a verbose backtrace.

        FAIL [   0.107s] (574/744) fq tests::tls_api::many_short_loss
  stdout ───

    running 1 test
    test tests::tls_api::many_short_loss ... FAILED

    failures:

    failures:
        tests::tls_api::many_short_loss

    test result: FAILED. 0 passed; 1 failed; 0 ignored; 0 measured; 743 filtered out; finished in 0.09s

  stderr ───

    thread 'tests::tls_api::many_short_loss' (25851) panicked at src/tests/tls_api.rs:4179:32:
    many_short_loss: Generic
    stack backtrace:
       0: __rustc::rust_begin_unwind
                 at /rustc/e408947bfd200af42db322daf0fadfe7e26d3bd1/library/std/src/panicking.rs:689:5
       1: core::panicking::panic_fmt
                 at /rustc/e408947bfd200af42db322daf0fadfe7e26d3bd1/library/core/src/panicking.rs:80:14
       2: core::result::unwrap_failed
                 at /rustc/e408947bfd200af42db322daf0fadfe7e26d3bd1/library/core/src/result.rs:1867:5
       3: core::result::Result<T,E>::expect
                 at /rustc/e408947bfd200af42db322daf0fadfe7e26d3bd1/library/core/src/result.rs:1185:23
       4: fq::tests::tls_api::many_short_loss
                 at ./src/tests/tls_api.rs:4179:32
       5: fq::tests::tls_api::many_short_loss::{{closure}}
                 at ./src/tests/tls_api.rs:4178:21
       6: core::ops::function::FnOnce::call_once
                 at /rustc/e408947bfd200af42db322daf0fadfe7e26d3bd1/library/core/src/ops/function.rs:250:5
       7: core::ops::function::FnOnce::call_once
                 at /rustc/e408947bfd200af42db322daf0fadfe7e26d3bd1/library/core/src/ops/function.rs:250:5
    note: Some details are omitted, run with `RUST_BACKTRACE=full` for a verbose backtrace.

        FAIL [   0.099s] (575/744) fq tests::tls_api::migration
  stdout ───

    running 1 test
    test tests::tls_api::migration ... FAILED

    failures:

    failures:
        tests::tls_api::migration

    test result: FAILED. 0 passed; 1 failed; 0 ignored; 0 measured; 743 filtered out; finished in 0.08s

  stderr ───

    thread 'tests::tls_api::migration' (25853) panicked at src/tests/tls_api.rs:4187:62:
    migration: Generic
    stack backtrace:
       0: __rustc::rust_begin_unwind
                 at /rustc/e408947bfd200af42db322daf0fadfe7e26d3bd1/library/std/src/panicking.rs:689:5
       1: core::panicking::panic_fmt
                 at /rustc/e408947bfd200af42db322daf0fadfe7e26d3bd1/library/core/src/panicking.rs:80:14
       2: core::result::unwrap_failed
                 at /rustc/e408947bfd200af42db322daf0fadfe7e26d3bd1/library/core/src/result.rs:1867:5
       3: core::result::Result<T,E>::expect
                 at /rustc/e408947bfd200af42db322daf0fadfe7e26d3bd1/library/core/src/result.rs:1185:23
       4: fq::tests::tls_api::migration
                 at ./src/tests/tls_api.rs:4187:62
       5: fq::tests::tls_api::migration::{{closure}}
                 at ./src/tests/tls_api.rs:4186:15
       6: core::ops::function::FnOnce::call_once
                 at /rustc/e408947bfd200af42db322daf0fadfe7e26d3bd1/library/core/src/ops/function.rs:250:5
       7: core::ops::function::FnOnce::call_once
                 at /rustc/e408947bfd200af42db322daf0fadfe7e26d3bd1/library/core/src/ops/function.rs:250:5
    note: Some details are omitted, run with `RUST_BACKTRACE=full` for a verbose backtrace.

        FAIL [   0.099s] (576/744) fq tests::tls_api::migration_disabled
  stdout ───

    running 1 test
    test tests::tls_api::migration_disabled ... FAILED

    failures:

    failures:
        tests::tls_api::migration_disabled

    test result: FAILED. 0 passed; 1 failed; 0 ignored; 0 measured; 743 filtered out; finished in 0.08s

  stderr ───

    thread 'tests::tls_api::migration_disabled' (25855) panicked at src/tests/tls_api.rs:4211:6:
    migration_disabled q_and_r scenario: Generic
    stack backtrace:
       0: __rustc::rust_begin_unwind
                 at /rustc/e408947bfd200af42db322daf0fadfe7e26d3bd1/library/std/src/panicking.rs:689:5
       1: core::panicking::panic_fmt
                 at /rustc/e408947bfd200af42db322daf0fadfe7e26d3bd1/library/core/src/panicking.rs:80:14
       2: core::result::unwrap_failed
                 at /rustc/e408947bfd200af42db322daf0fadfe7e26d3bd1/library/core/src/result.rs:1867:5
       3: core::result::Result<T,E>::expect
                 at /rustc/e408947bfd200af42db322daf0fadfe7e26d3bd1/library/core/src/result.rs:1185:23
       4: fq::tests::tls_api::migration_disabled
                 at ./src/tests/tls_api.rs:4211:6
       5: fq::tests::tls_api::migration_disabled::{{closure}}
                 at ./src/tests/tls_api.rs:4195:24
       6: core::ops::function::FnOnce::call_once
                 at /rustc/e408947bfd200af42db322daf0fadfe7e26d3bd1/library/core/src/ops/function.rs:250:5
       7: core::ops::function::FnOnce::call_once
                 at /rustc/e408947bfd200af42db322daf0fadfe7e26d3bd1/library/core/src/ops/function.rs:250:5
    note: Some details are omitted, run with `RUST_BACKTRACE=full` for a verbose backtrace.

        FAIL [   0.117s] (577/744) fq tests::tls_api::migration_fail
  stdout ───

    running 1 test
    test tests::tls_api::migration_fail ... FAILED

    failures:

    failures:
        tests::tls_api::migration_fail

    test result: FAILED. 0 passed; 1 failed; 0 ignored; 0 measured; 743 filtered out; finished in 0.10s

  stderr ───

    thread 'tests::tls_api::migration_fail' (25857) panicked at src/tests/tls_api.rs:4246:31:
    migration_fail: Generic
    stack backtrace:
       0: __rustc::rust_begin_unwind
                 at /rustc/e408947bfd200af42db322daf0fadfe7e26d3bd1/library/std/src/panicking.rs:689:5
       1: core::panicking::panic_fmt
                 at /rustc/e408947bfd200af42db322daf0fadfe7e26d3bd1/library/core/src/panicking.rs:80:14
       2: core::result::unwrap_failed
                 at /rustc/e408947bfd200af42db322daf0fadfe7e26d3bd1/library/core/src/result.rs:1867:5
       3: core::result::Result<T,E>::expect
                 at /rustc/e408947bfd200af42db322daf0fadfe7e26d3bd1/library/core/src/result.rs:1185:23
       4: fq::tests::tls_api::migration_fail
                 at ./src/tests/tls_api.rs:4246:31
       5: fq::tests::tls_api::migration_fail::{{closure}}
                 at ./src/tests/tls_api.rs:4245:20
       6: core::ops::function::FnOnce::call_once
                 at /rustc/e408947bfd200af42db322daf0fadfe7e26d3bd1/library/core/src/ops/function.rs:250:5
       7: core::ops::function::FnOnce::call_once
                 at /rustc/e408947bfd200af42db322daf0fadfe7e26d3bd1/library/core/src/ops/function.rs:250:5
    note: Some details are omitted, run with `RUST_BACKTRACE=full` for a verbose backtrace.

        FAIL [   0.112s] (578/744) fq tests::tls_api::migration_long
  stdout ───

    running 1 test
    test tests::tls_api::migration_long ... FAILED

    failures:

    failures:
        tests::tls_api::migration_long

    test result: FAILED. 0 passed; 1 failed; 0 ignored; 0 measured; 743 filtered out; finished in 0.10s

  stderr ───

    thread 'tests::tls_api::migration_long' (25859) panicked at src/tests/tls_api.rs:4254:64:
    migration_long: Generic
    stack backtrace:
       0: __rustc::rust_begin_unwind
                 at /rustc/e408947bfd200af42db322daf0fadfe7e26d3bd1/library/std/src/panicking.rs:689:5
       1: core::panicking::panic_fmt
                 at /rustc/e408947bfd200af42db322daf0fadfe7e26d3bd1/library/core/src/panicking.rs:80:14
       2: core::result::unwrap_failed
                 at /rustc/e408947bfd200af42db322daf0fadfe7e26d3bd1/library/core/src/result.rs:1867:5
       3: core::result::Result<T,E>::expect
                 at /rustc/e408947bfd200af42db322daf0fadfe7e26d3bd1/library/core/src/result.rs:1185:23
       4: fq::tests::tls_api::migration_long
                 at ./src/tests/tls_api.rs:4254:64
       5: fq::tests::tls_api::migration_long::{{closure}}
                 at ./src/tests/tls_api.rs:4253:20
       6: core::ops::function::FnOnce::call_once
                 at /rustc/e408947bfd200af42db322daf0fadfe7e26d3bd1/library/core/src/ops/function.rs:250:5
       7: core::ops::function::FnOnce::call_once
                 at /rustc/e408947bfd200af42db322daf0fadfe7e26d3bd1/library/core/src/ops/function.rs:250:5
    note: Some details are omitted, run with `RUST_BACKTRACE=full` for a verbose backtrace.

        FAIL [   0.098s] (579/744) fq tests::tls_api::migration_with_loss
  stdout ───

    running 1 test
    test tests::tls_api::migration_with_loss ... FAILED

    failures:

    failures:
        tests::tls_api::migration_with_loss

    test result: FAILED. 0 passed; 1 failed; 0 ignored; 0 measured; 743 filtered out; finished in 0.08s

  stderr ───

    thread 'tests::tls_api::migration_with_loss' (25861) panicked at src/tests/tls_api.rs:4262:65:
    migration_with_loss: Generic
    stack backtrace:
       0: __rustc::rust_begin_unwind
                 at /rustc/e408947bfd200af42db322daf0fadfe7e26d3bd1/library/std/src/panicking.rs:689:5
       1: core::panicking::panic_fmt
                 at /rustc/e408947bfd200af42db322daf0fadfe7e26d3bd1/library/core/src/panicking.rs:80:14
       2: core::result::unwrap_failed
                 at /rustc/e408947bfd200af42db322daf0fadfe7e26d3bd1/library/core/src/result.rs:1867:5
       3: core::result::Result<T,E>::expect
                 at /rustc/e408947bfd200af42db322daf0fadfe7e26d3bd1/library/core/src/result.rs:1185:23
       4: fq::tests::tls_api::migration_with_loss
                 at ./src/tests/tls_api.rs:4262:65
       5: fq::tests::tls_api::migration_with_loss::{{closure}}
                 at ./src/tests/tls_api.rs:4261:25
       6: core::ops::function::FnOnce::call_once
                 at /rustc/e408947bfd200af42db322daf0fadfe7e26d3bd1/library/core/src/ops/function.rs:250:5
       7: core::ops::function::FnOnce::call_once
                 at /rustc/e408947bfd200af42db322daf0fadfe7e26d3bd1/library/core/src/ops/function.rs:250:5
    note: Some details are omitted, run with `RUST_BACKTRACE=full` for a verbose backtrace.

        FAIL [   0.121s] (580/744) fq tests::tls_api::migration_zero
  stdout ───

    running 1 test
    test tests::tls_api::migration_zero ... FAILED

    failures:

    failures:
        tests::tls_api::migration_zero

    test result: FAILED. 0 passed; 1 failed; 0 ignored; 0 measured; 743 filtered out; finished in 0.10s

  stderr ───

    thread 'tests::tls_api::migration_zero' (25863) panicked at src/tests/tls_api.rs:4276:49:
    migration_zero: Generic
    stack backtrace:
       0: __rustc::rust_begin_unwind
                 at /rustc/e408947bfd200af42db322daf0fadfe7e26d3bd1/library/std/src/panicking.rs:689:5
       1: core::panicking::panic_fmt
                 at /rustc/e408947bfd200af42db322daf0fadfe7e26d3bd1/library/core/src/panicking.rs:80:14
       2: core::result::unwrap_failed
                 at /rustc/e408947bfd200af42db322daf0fadfe7e26d3bd1/library/core/src/result.rs:1867:5
       3: core::result::Result<T,E>::expect
                 at /rustc/e408947bfd200af42db322daf0fadfe7e26d3bd1/library/core/src/result.rs:1185:23
       4: fq::tests::tls_api::migration_zero
                 at ./src/tests/tls_api.rs:4276:49
       5: fq::tests::tls_api::migration_zero::{{closure}}
                 at ./src/tests/tls_api.rs:4269:20
       6: core::ops::function::FnOnce::call_once
                 at /rustc/e408947bfd200af42db322daf0fadfe7e26d3bd1/library/core/src/ops/function.rs:250:5
       7: core::ops::function::FnOnce::call_once
                 at /rustc/e408947bfd200af42db322daf0fadfe7e26d3bd1/library/core/src/ops/function.rs:250:5
    note: Some details are omitted, run with `RUST_BACKTRACE=full` for a verbose backtrace.

        FAIL [   0.099s] (581/744) fq tests::tls_api::mtu_blocked
  stdout ───

    running 1 test
    test tests::tls_api::mtu_blocked ... FAILED

    failures:

    failures:
        tests::tls_api::mtu_blocked

    test result: FAILED. 0 passed; 1 failed; 0 ignored; 0 measured; 743 filtered out; finished in 0.08s

  stderr ───

    thread 'tests::tls_api::mtu_blocked' (25865) panicked at src/tests/tls_api.rs:4291:76:
    mtu_blocked: Generic
    stack backtrace:
       0: __rustc::rust_begin_unwind
                 at /rustc/e408947bfd200af42db322daf0fadfe7e26d3bd1/library/std/src/panicking.rs:689:5
       1: core::panicking::panic_fmt
                 at /rustc/e408947bfd200af42db322daf0fadfe7e26d3bd1/library/core/src/panicking.rs:80:14
       2: core::result::unwrap_failed
                 at /rustc/e408947bfd200af42db322daf0fadfe7e26d3bd1/library/core/src/result.rs:1867:5
       3: core::result::Result<T,E>::expect
                 at /rustc/e408947bfd200af42db322daf0fadfe7e26d3bd1/library/core/src/result.rs:1185:23
       4: fq::tests::tls_api::mtu_blocked
                 at ./src/tests/tls_api.rs:4291:76
       5: fq::tests::tls_api::mtu_blocked::{{closure}}
                 at ./src/tests/tls_api.rs:4284:17
       6: core::ops::function::FnOnce::call_once
                 at /rustc/e408947bfd200af42db322daf0fadfe7e26d3bd1/library/core/src/ops/function.rs:250:5
       7: core::ops::function::FnOnce::call_once
                 at /rustc/e408947bfd200af42db322daf0fadfe7e26d3bd1/library/core/src/ops/function.rs:250:5
    note: Some details are omitted, run with `RUST_BACKTRACE=full` for a verbose backtrace.

        FAIL [   0.109s] (582/744) fq tests::tls_api::mtu_delayed
  stdout ───

    running 1 test
    test tests::tls_api::mtu_delayed ... FAILED

    failures:

    failures:
        tests::tls_api::mtu_delayed

    test result: FAILED. 0 passed; 1 failed; 0 ignored; 0 measured; 743 filtered out; finished in 0.09s

  stderr ───

    thread 'tests::tls_api::mtu_delayed' (25867) panicked at src/tests/tls_api.rs:4306:76:
    mtu_delayed: Generic
    stack backtrace:
       0: __rustc::rust_begin_unwind
                 at /rustc/e408947bfd200af42db322daf0fadfe7e26d3bd1/library/std/src/panicking.rs:689:5
       1: core::panicking::panic_fmt
                 at /rustc/e408947bfd200af42db322daf0fadfe7e26d3bd1/library/core/src/panicking.rs:80:14
       2: core::result::unwrap_failed
                 at /rustc/e408947bfd200af42db322daf0fadfe7e26d3bd1/library/core/src/result.rs:1867:5
       3: core::result::Result<T,E>::expect
                 at /rustc/e408947bfd200af42db322daf0fadfe7e26d3bd1/library/core/src/result.rs:1185:23
       4: fq::tests::tls_api::mtu_delayed
                 at ./src/tests/tls_api.rs:4306:76
       5: fq::tests::tls_api::mtu_delayed::{{closure}}
                 at ./src/tests/tls_api.rs:4299:17
       6: core::ops::function::FnOnce::call_once
                 at /rustc/e408947bfd200af42db322daf0fadfe7e26d3bd1/library/core/src/ops/function.rs:250:5
       7: core::ops::function::FnOnce::call_once
                 at /rustc/e408947bfd200af42db322daf0fadfe7e26d3bd1/library/core/src/ops/function.rs:250:5
    note: Some details are omitted, run with `RUST_BACKTRACE=full` for a verbose backtrace.

        FAIL [   0.108s] (583/744) fq tests::tls_api::mtu_discovery
  stdout ───

    running 1 test
    test tests::tls_api::mtu_discovery ... FAILED

    failures:

    failures:
        tests::tls_api::mtu_discovery

    test result: FAILED. 0 passed; 1 failed; 0 ignored; 0 measured; 743 filtered out; finished in 0.09s

  stderr ───

    thread 'tests::tls_api::mtu_discovery' (25869) panicked at src/tests/tls_api.rs:4320:74:
    mtu_discovery: Generic
    stack backtrace:
       0: __rustc::rust_begin_unwind
                 at /rustc/e408947bfd200af42db322daf0fadfe7e26d3bd1/library/std/src/panicking.rs:689:5
       1: core::panicking::panic_fmt
                 at /rustc/e408947bfd200af42db322daf0fadfe7e26d3bd1/library/core/src/panicking.rs:80:14
       2: core::result::unwrap_failed
                 at /rustc/e408947bfd200af42db322daf0fadfe7e26d3bd1/library/core/src/result.rs:1867:5
       3: core::result::Result<T,E>::expect
                 at /rustc/e408947bfd200af42db322daf0fadfe7e26d3bd1/library/core/src/result.rs:1185:23
       4: fq::tests::tls_api::mtu_discovery
                 at ./src/tests/tls_api.rs:4320:74
       5: fq::tests::tls_api::mtu_discovery::{{closure}}
                 at ./src/tests/tls_api.rs:4313:19
       6: core::ops::function::FnOnce::call_once
                 at /rustc/e408947bfd200af42db322daf0fadfe7e26d3bd1/library/core/src/ops/function.rs:250:5
       7: core::ops::function::FnOnce::call_once
                 at /rustc/e408947bfd200af42db322daf0fadfe7e26d3bd1/library/core/src/ops/function.rs:250:5
    note: Some details are omitted, run with `RUST_BACKTRACE=full` for a verbose backtrace.

        FAIL [   0.098s] (584/744) fq tests::tls_api::mtu_drop_bbr
  stdout ───

    running 1 test
    test tests::tls_api::mtu_drop_bbr ... FAILED

    failures:

    failures:
        tests::tls_api::mtu_drop_bbr

    test result: FAILED. 0 passed; 1 failed; 0 ignored; 0 measured; 743 filtered out; finished in 0.08s

  stderr ───

    thread 'tests::tls_api::mtu_drop_bbr' (25871) panicked at src/tests/tls_api.rs:4328:45:
    mtu_drop_bbr: Generic
    stack backtrace:
       0: __rustc::rust_begin_unwind
                 at /rustc/e408947bfd200af42db322daf0fadfe7e26d3bd1/library/std/src/panicking.rs:689:5
       1: core::panicking::panic_fmt
                 at /rustc/e408947bfd200af42db322daf0fadfe7e26d3bd1/library/core/src/panicking.rs:80:14
       2: core::result::unwrap_failed
                 at /rustc/e408947bfd200af42db322daf0fadfe7e26d3bd1/library/core/src/result.rs:1867:5
       3: core::result::Result<T,E>::expect
                 at /rustc/e408947bfd200af42db322daf0fadfe7e26d3bd1/library/core/src/result.rs:1185:23
       4: fq::tests::tls_api::mtu_drop_bbr
                 at ./src/tests/tls_api.rs:4328:45
       5: fq::tests::tls_api::mtu_drop_bbr::{{closure}}
                 at ./src/tests/tls_api.rs:4327:18
       6: core::ops::function::FnOnce::call_once
                 at /rustc/e408947bfd200af42db322daf0fadfe7e26d3bd1/library/core/src/ops/function.rs:250:5
       7: core::ops::function::FnOnce::call_once
                 at /rustc/e408947bfd200af42db322daf0fadfe7e26d3bd1/library/core/src/ops/function.rs:250:5
    note: Some details are omitted, run with `RUST_BACKTRACE=full` for a verbose backtrace.

        FAIL [   0.100s] (585/744) fq tests::tls_api::mtu_drop_cubic
  stdout ───

    running 1 test
    test tests::tls_api::mtu_drop_cubic ... FAILED

    failures:

    failures:
        tests::tls_api::mtu_drop_cubic

    test result: FAILED. 0 passed; 1 failed; 0 ignored; 0 measured; 743 filtered out; finished in 0.09s

  stderr ───

    thread 'tests::tls_api::mtu_drop_cubic' (25873) panicked at src/tests/tls_api.rs:4336:47:
    mtu_drop_cubic: Generic
    stack backtrace:
       0: __rustc::rust_begin_unwind
                 at /rustc/e408947bfd200af42db322daf0fadfe7e26d3bd1/library/std/src/panicking.rs:689:5
       1: core::panicking::panic_fmt
                 at /rustc/e408947bfd200af42db322daf0fadfe7e26d3bd1/library/core/src/panicking.rs:80:14
       2: core::result::unwrap_failed
                 at /rustc/e408947bfd200af42db322daf0fadfe7e26d3bd1/library/core/src/result.rs:1867:5
       3: core::result::Result<T,E>::expect
                 at /rustc/e408947bfd200af42db322daf0fadfe7e26d3bd1/library/core/src/result.rs:1185:23
       4: fq::tests::tls_api::mtu_drop_cubic
                 at ./src/tests/tls_api.rs:4336:47
       5: fq::tests::tls_api::mtu_drop_cubic::{{closure}}
                 at ./src/tests/tls_api.rs:4335:20
       6: core::ops::function::FnOnce::call_once
                 at /rustc/e408947bfd200af42db322daf0fadfe7e26d3bd1/library/core/src/ops/function.rs:250:5
       7: core::ops::function::FnOnce::call_once
                 at /rustc/e408947bfd200af42db322daf0fadfe7e26d3bd1/library/core/src/ops/function.rs:250:5
    note: Some details are omitted, run with `RUST_BACKTRACE=full` for a verbose backtrace.

        FAIL [   0.103s] (586/744) fq tests::tls_api::mtu_drop_fast
  stdout ───

    running 1 test
    test tests::tls_api::mtu_drop_fast ... FAILED

    failures:

    failures:
        tests::tls_api::mtu_drop_fast

    test result: FAILED. 0 passed; 1 failed; 0 ignored; 0 measured; 743 filtered out; finished in 0.09s

  stderr ───

    thread 'tests::tls_api::mtu_drop_fast' (25877) panicked at src/tests/tls_api.rs:4352:46:
    mtu_drop_fast: Generic
    stack backtrace:
       0: __rustc::rust_begin_unwind
                 at /rustc/e408947bfd200af42db322daf0fadfe7e26d3bd1/library/std/src/panicking.rs:689:5
       1: core::panicking::panic_fmt
                 at /rustc/e408947bfd200af42db322daf0fadfe7e26d3bd1/library/core/src/panicking.rs:80:14
       2: core::result::unwrap_failed
                 at /rustc/e408947bfd200af42db322daf0fadfe7e26d3bd1/library/core/src/result.rs:1867:5
       3: core::result::Result<T,E>::expect
                 at /rustc/e408947bfd200af42db322daf0fadfe7e26d3bd1/library/core/src/result.rs:1185:23
       4: fq::tests::tls_api::mtu_drop_fast
                 at ./src/tests/tls_api.rs:4352:46
       5: fq::tests::tls_api::mtu_drop_fast::{{closure}}
                 at ./src/tests/tls_api.rs:4351:19
       6: core::ops::function::FnOnce::call_once
                 at /rustc/e408947bfd200af42db322daf0fadfe7e26d3bd1/library/core/src/ops/function.rs:250:5
       7: core::ops::function::FnOnce::call_once
                 at /rustc/e408947bfd200af42db322daf0fadfe7e26d3bd1/library/core/src/ops/function.rs:250:5
    note: Some details are omitted, run with `RUST_BACKTRACE=full` for a verbose backtrace.

        FAIL [   0.108s] (587/744) fq tests::tls_api::mtu_drop_dcubic
  stdout ───

    running 1 test
    test tests::tls_api::mtu_drop_dcubic ... FAILED

    failures:

    failures:
        tests::tls_api::mtu_drop_dcubic

    test result: FAILED. 0 passed; 1 failed; 0 ignored; 0 measured; 743 filtered out; finished in 0.09s

  stderr ───

    thread 'tests::tls_api::mtu_drop_dcubic' (25876) panicked at src/tests/tls_api.rs:4344:47:
    mtu_drop_dcubic: Generic
    stack backtrace:
       0: __rustc::rust_begin_unwind
                 at /rustc/e408947bfd200af42db322daf0fadfe7e26d3bd1/library/std/src/panicking.rs:689:5
       1: core::panicking::panic_fmt
                 at /rustc/e408947bfd200af42db322daf0fadfe7e26d3bd1/library/core/src/panicking.rs:80:14
       2: core::result::unwrap_failed
                 at /rustc/e408947bfd200af42db322daf0fadfe7e26d3bd1/library/core/src/result.rs:1867:5
       3: core::result::Result<T,E>::expect
                 at /rustc/e408947bfd200af42db322daf0fadfe7e26d3bd1/library/core/src/result.rs:1185:23
       4: fq::tests::tls_api::mtu_drop_dcubic
                 at ./src/tests/tls_api.rs:4344:47
       5: fq::tests::tls_api::mtu_drop_dcubic::{{closure}}
                 at ./src/tests/tls_api.rs:4343:21
       6: core::ops::function::FnOnce::call_once
                 at /rustc/e408947bfd200af42db322daf0fadfe7e26d3bd1/library/core/src/ops/function.rs:250:5
       7: core::ops::function::FnOnce::call_once
                 at /rustc/e408947bfd200af42db322daf0fadfe7e26d3bd1/library/core/src/ops/function.rs:250:5
    note: Some details are omitted, run with `RUST_BACKTRACE=full` for a verbose backtrace.

        FAIL [   0.104s] (588/744) fq tests::tls_api::mtu_drop_newreno
  stdout ───

    running 1 test
    test tests::tls_api::mtu_drop_newreno ... FAILED

    failures:

    failures:
        tests::tls_api::mtu_drop_newreno

    test result: FAILED. 0 passed; 1 failed; 0 ignored; 0 measured; 743 filtered out; finished in 0.09s

  stderr ───

    thread 'tests::tls_api::mtu_drop_newreno' (25879) panicked at src/tests/tls_api.rs:4360:49:
    mtu_drop_newreno: Generic
    stack backtrace:
       0: __rustc::rust_begin_unwind
                 at /rustc/e408947bfd200af42db322daf0fadfe7e26d3bd1/library/std/src/panicking.rs:689:5
       1: core::panicking::panic_fmt
                 at /rustc/e408947bfd200af42db322daf0fadfe7e26d3bd1/library/core/src/panicking.rs:80:14
       2: core::result::unwrap_failed
                 at /rustc/e408947bfd200af42db322daf0fadfe7e26d3bd1/library/core/src/result.rs:1867:5
       3: core::result::Result<T,E>::expect
                 at /rustc/e408947bfd200af42db322daf0fadfe7e26d3bd1/library/core/src/result.rs:1185:23
       4: fq::tests::tls_api::mtu_drop_newreno
                 at ./src/tests/tls_api.rs:4360:49
       5: fq::tests::tls_api::mtu_drop_newreno::{{closure}}
                 at ./src/tests/tls_api.rs:4359:22
       6: core::ops::function::FnOnce::call_once
                 at /rustc/e408947bfd200af42db322daf0fadfe7e26d3bd1/library/core/src/ops/function.rs:250:5
       7: core::ops::function::FnOnce::call_once
                 at /rustc/e408947bfd200af42db322daf0fadfe7e26d3bd1/library/core/src/ops/function.rs:250:5
    note: Some details are omitted, run with `RUST_BACKTRACE=full` for a verbose backtrace.

        FAIL [   0.105s] (589/744) fq tests::tls_api::mtu_required
  stdout ───

    running 1 test
    test tests::tls_api::mtu_required ... FAILED

    failures:

    failures:
        tests::tls_api::mtu_required

    test result: FAILED. 0 passed; 1 failed; 0 ignored; 0 measured; 743 filtered out; finished in 0.09s

  stderr ───

    thread 'tests::tls_api::mtu_required' (25883) panicked at src/tests/tls_api.rs:4389:77:
    mtu_required: Generic
    stack backtrace:
       0: __rustc::rust_begin_unwind
                 at /rustc/e408947bfd200af42db322daf0fadfe7e26d3bd1/library/std/src/panicking.rs:689:5
       1: core::panicking::panic_fmt
                 at /rustc/e408947bfd200af42db322daf0fadfe7e26d3bd1/library/core/src/panicking.rs:80:14
       2: core::result::unwrap_failed
                 at /rustc/e408947bfd200af42db322daf0fadfe7e26d3bd1/library/core/src/result.rs:1867:5
       3: core::result::Result<T,E>::expect
                 at /rustc/e408947bfd200af42db322daf0fadfe7e26d3bd1/library/core/src/result.rs:1185:23
       4: fq::tests::tls_api::mtu_required
                 at ./src/tests/tls_api.rs:4389:77
       5: fq::tests::tls_api::mtu_required::{{closure}}
                 at ./src/tests/tls_api.rs:4382:18
       6: core::ops::function::FnOnce::call_once
                 at /rustc/e408947bfd200af42db322daf0fadfe7e26d3bd1/library/core/src/ops/function.rs:250:5
       7: core::ops::function::FnOnce::call_once
                 at /rustc/e408947bfd200af42db322daf0fadfe7e26d3bd1/library/core/src/ops/function.rs:250:5
    note: Some details are omitted, run with `RUST_BACKTRACE=full` for a verbose backtrace.

        FAIL [   0.119s] (590/744) fq tests::tls_api::mtu_max
  stdout ───

    running 1 test
    test tests::tls_api::mtu_max ... FAILED

    failures:

    failures:
        tests::tls_api::mtu_max

    test result: FAILED. 0 passed; 1 failed; 0 ignored; 0 measured; 743 filtered out; finished in 0.10s

  stderr ───

    thread 'tests::tls_api::mtu_max' (25882) panicked at src/tests/tls_api.rs:4374:77:
    mtu_max: Generic
    stack backtrace:
       0: __rustc::rust_begin_unwind
                 at /rustc/e408947bfd200af42db322daf0fadfe7e26d3bd1/library/std/src/panicking.rs:689:5
       1: core::panicking::panic_fmt
                 at /rustc/e408947bfd200af42db322daf0fadfe7e26d3bd1/library/core/src/panicking.rs:80:14
       2: core::result::unwrap_failed
                 at /rustc/e408947bfd200af42db322daf0fadfe7e26d3bd1/library/core/src/result.rs:1867:5
       3: core::result::Result<T,E>::expect
                 at /rustc/e408947bfd200af42db322daf0fadfe7e26d3bd1/library/core/src/result.rs:1185:23
       4: fq::tests::tls_api::mtu_max
                 at ./src/tests/tls_api.rs:4374:77
       5: fq::tests::tls_api::mtu_max::{{closure}}
                 at ./src/tests/tls_api.rs:4367:13
       6: core::ops::function::FnOnce::call_once
                 at /rustc/e408947bfd200af42db322daf0fadfe7e26d3bd1/library/core/src/ops/function.rs:250:5
       7: core::ops::function::FnOnce::call_once
                 at /rustc/e408947bfd200af42db322daf0fadfe7e26d3bd1/library/core/src/ops/function.rs:250:5
    note: Some details are omitted, run with `RUST_BACKTRACE=full` for a verbose backtrace.

        FAIL [   0.099s] (591/744) fq tests::tls_api::multi_segment
  stdout ───

    running 1 test
    test tests::tls_api::multi_segment ... FAILED

    failures:

    failures:
        tests::tls_api::multi_segment

    test result: FAILED. 0 passed; 1 failed; 0 ignored; 0 measured; 743 filtered out; finished in 0.08s

  stderr ───

    thread 'tests::tls_api::multi_segment' (25885) panicked at src/tests/tls_api.rs:4508:33:
    multi_segment(newreno): Generic
    stack backtrace:
       0: __rustc::rust_begin_unwind
                 at /rustc/e408947bfd200af42db322daf0fadfe7e26d3bd1/library/std/src/panicking.rs:689:5
       1: core::panicking::panic_fmt
                 at /rustc/e408947bfd200af42db322daf0fadfe7e26d3bd1/library/core/src/panicking.rs:80:14
       2: fq::tests::tls_api::multi_segment::{{closure}}
                 at ./src/tests/tls_api.rs:4508:33
       3: core::result::Result<T,E>::unwrap_or_else
                 at /rustc/e408947bfd200af42db322daf0fadfe7e26d3bd1/library/core/src/result.rs:1622:23
       4: fq::tests::tls_api::multi_segment
                 at ./src/tests/tls_api.rs:4508:14
       5: fq::tests::tls_api::multi_segment::{{closure}}
                 at ./src/tests/tls_api.rs:4499:19
       6: core::ops::function::FnOnce::call_once
                 at /rustc/e408947bfd200af42db322daf0fadfe7e26d3bd1/library/core/src/ops/function.rs:250:5
       7: core::ops::function::FnOnce::call_once
                 at /rustc/e408947bfd200af42db322daf0fadfe7e26d3bd1/library/core/src/ops/function.rs:250:5
    note: Some details are omitted, run with `RUST_BACKTRACE=full` for a verbose backtrace.

        FAIL [   0.105s] (592/744) fq tests::tls_api::multiple_versions
  stdout ───

    running 1 test
    test tests::tls_api::multiple_versions ... FAILED

    failures:

    failures:
        tests::tls_api::multiple_versions

    test result: FAILED. 0 passed; 1 failed; 0 ignored; 0 measured; 743 filtered out; finished in 0.09s

  stderr ───

    thread 'tests::tls_api::multiple_versions' (25887) panicked at src/tests/tls_api.rs:4531:33:
    multiple_versions ver=0x6b3343cf: Generic
    stack backtrace:
       0: __rustc::rust_begin_unwind
                 at /rustc/e408947bfd200af42db322daf0fadfe7e26d3bd1/library/std/src/panicking.rs:689:5
       1: core::panicking::panic_fmt
                 at /rustc/e408947bfd200af42db322daf0fadfe7e26d3bd1/library/core/src/panicking.rs:80:14
       2: fq::tests::tls_api::multiple_versions::{{closure}}
                 at ./src/tests/tls_api.rs:4531:33
       3: core::result::Result<T,E>::unwrap_or_else
                 at /rustc/e408947bfd200af42db322daf0fadfe7e26d3bd1/library/core/src/result.rs:1622:23
       4: fq::tests::tls_api::multiple_versions
                 at ./src/tests/tls_api.rs:4531:14
       5: fq::tests::tls_api::multiple_versions::{{closure}}
                 at ./src/tests/tls_api.rs:4517:23
       6: core::ops::function::FnOnce::call_once
                 at /rustc/e408947bfd200af42db322daf0fadfe7e26d3bd1/library/core/src/ops/function.rs:250:5
       7: core::ops::function::FnOnce::call_once
                 at /rustc/e408947bfd200af42db322daf0fadfe7e26d3bd1/library/core/src/ops/function.rs:250:5
    note: Some details are omitted, run with `RUST_BACKTRACE=full` for a verbose backtrace.

        FAIL [   0.100s] (593/744) fq tests::tls_api::nat_rebinding
  stdout ───

    running 1 test
    test tests::tls_api::nat_rebinding ... FAILED

    failures:

    failures:
        tests::tls_api::nat_rebinding

    test result: FAILED. 0 passed; 1 failed; 0 ignored; 0 measured; 743 filtered out; finished in 0.09s

  stderr ───

    thread 'tests::tls_api::nat_rebinding' (25891) panicked at src/tests/util.rs:912:14:
    server connection not yet accepted
    stack backtrace:
       0: __rustc::rust_begin_unwind
                 at /rustc/e408947bfd200af42db322daf0fadfe7e26d3bd1/library/std/src/panicking.rs:689:5
       1: core::panicking::panic_fmt
                 at /rustc/e408947bfd200af42db322daf0fadfe7e26d3bd1/library/core/src/panicking.rs:80:14
       2: core::panicking::panic_display
                 at /rustc/e408947bfd200af42db322daf0fadfe7e26d3bd1/library/core/src/panicking.rs:259:5
       3: core::option::expect_failed
                 at /rustc/e408947bfd200af42db322daf0fadfe7e26d3bd1/library/core/src/option.rs:2208:5
       4: core::option::Option<T>::expect
                 at /rustc/e408947bfd200af42db322daf0fadfe7e26d3bd1/library/core/src/option.rs:971:21
       5: fq::tests::util::TestTlsApiCtx::cnx_server
                 at ./src/tests/util.rs:912:14
       6: fq::tests::util::nat_rebinding_test_one
                 at ./src/tests/util.rs:4979:61
       7: fq::tests::tls_api::nat_rebinding
                 at ./src/tests/tls_api.rs:4664:5
       8: fq::tests::tls_api::nat_rebinding::{{closure}}
                 at ./src/tests/tls_api.rs:4663:19
       9: core::ops::function::FnOnce::call_once
                 at /rustc/e408947bfd200af42db322daf0fadfe7e26d3bd1/library/core/src/ops/function.rs:250:5
      10: core::ops::function::FnOnce::call_once
                 at /rustc/e408947bfd200af42db322daf0fadfe7e26d3bd1/library/core/src/ops/function.rs:250:5
    note: Some details are omitted, run with `RUST_BACKTRACE=full` for a verbose backtrace.

        FAIL [   0.126s] (594/744) fq tests::tls_api::nat_handshake
  stdout ───

    running 1 test
    test tests::tls_api::nat_handshake ... FAILED

    failures:

    failures:
        tests::tls_api::nat_handshake

    test result: FAILED. 0 passed; 1 failed; 0 ignored; 0 measured; 743 filtered out; finished in 0.11s

  stderr ───

    thread 'tests::tls_api::nat_handshake' (25889) panicked at src/tests/tls_api.rs:4655:33:
    nat_handshake(0): Generic
    stack backtrace:
       0: __rustc::rust_begin_unwind
                 at /rustc/e408947bfd200af42db322daf0fadfe7e26d3bd1/library/std/src/panicking.rs:689:5
       1: core::panicking::panic_fmt
                 at /rustc/e408947bfd200af42db322daf0fadfe7e26d3bd1/library/core/src/panicking.rs:80:14
       2: fq::tests::tls_api::nat_handshake::{{closure}}
                 at ./src/tests/tls_api.rs:4655:33
       3: core::result::Result<T,E>::unwrap_or_else
                 at /rustc/e408947bfd200af42db322daf0fadfe7e26d3bd1/library/core/src/result.rs:1622:23
       4: fq::tests::tls_api::nat_handshake
                 at ./src/tests/tls_api.rs:4655:14
       5: fq::tests::tls_api::nat_handshake::{{closure}}
                 at ./src/tests/tls_api.rs:4652:19
       6: core::ops::function::FnOnce::call_once
                 at /rustc/e408947bfd200af42db322daf0fadfe7e26d3bd1/library/core/src/ops/function.rs:250:5
       7: core::ops::function::FnOnce::call_once
                 at /rustc/e408947bfd200af42db322daf0fadfe7e26d3bd1/library/core/src/ops/function.rs:250:5
    note: Some details are omitted, run with `RUST_BACKTRACE=full` for a verbose backtrace.

        FAIL [   0.102s] (595/744) fq tests::tls_api::nat_rebinding_latency
  stdout ───

    running 1 test
    test tests::tls_api::nat_rebinding_latency ... FAILED

    failures:

    failures:
        tests::tls_api::nat_rebinding_latency

    test result: FAILED. 0 passed; 1 failed; 0 ignored; 0 measured; 743 filtered out; finished in 0.09s

  stderr ───

    thread 'tests::tls_api::nat_rebinding_latency' (25895) panicked at src/tests/util.rs:912:14:
    server connection not yet accepted
    stack backtrace:
       0: __rustc::rust_begin_unwind
                 at /rustc/e408947bfd200af42db322daf0fadfe7e26d3bd1/library/std/src/panicking.rs:689:5
       1: core::panicking::panic_fmt
                 at /rustc/e408947bfd200af42db322daf0fadfe7e26d3bd1/library/core/src/panicking.rs:80:14
       2: core::panicking::panic_display
                 at /rustc/e408947bfd200af42db322daf0fadfe7e26d3bd1/library/core/src/panicking.rs:259:5
       3: core::option::expect_failed
                 at /rustc/e408947bfd200af42db322daf0fadfe7e26d3bd1/library/core/src/option.rs:2208:5
       4: core::option::Option<T>::expect
                 at /rustc/e408947bfd200af42db322daf0fadfe7e26d3bd1/library/core/src/option.rs:971:21
       5: fq::tests::util::TestTlsApiCtx::cnx_server
                 at ./src/tests/util.rs:912:14
       6: fq::tests::util::nat_rebinding_test_one
                 at ./src/tests/util.rs:4979:61
       7: fq::tests::tls_api::nat_rebinding_latency
                 at ./src/tests/tls_api.rs:4814:5
       8: fq::tests::tls_api::nat_rebinding_latency::{{closure}}
                 at ./src/tests/tls_api.rs:4813:27
       9: core::ops::function::FnOnce::call_once
                 at /rustc/e408947bfd200af42db322daf0fadfe7e26d3bd1/library/core/src/ops/function.rs:250:5
      10: core::ops::function::FnOnce::call_once
                 at /rustc/e408947bfd200af42db322daf0fadfe7e26d3bd1/library/core/src/ops/function.rs:250:5
    note: Some details are omitted, run with `RUST_BACKTRACE=full` for a verbose backtrace.

        FAIL [   0.103s] (596/744) fq tests::tls_api::nat_rebinding_loss
  stdout ───

    running 1 test
    test tests::tls_api::nat_rebinding_loss ... FAILED

    failures:

    failures:
        tests::tls_api::nat_rebinding_loss

    test result: FAILED. 0 passed; 1 failed; 0 ignored; 0 measured; 743 filtered out; finished in 0.09s

  stderr ───

    thread 'tests::tls_api::nat_rebinding_loss' (25897) panicked at src/tests/util.rs:912:14:
    server connection not yet accepted
    stack backtrace:
       0: __rustc::rust_begin_unwind
                 at /rustc/e408947bfd200af42db322daf0fadfe7e26d3bd1/library/std/src/panicking.rs:689:5
       1: core::panicking::panic_fmt
                 at /rustc/e408947bfd200af42db322daf0fadfe7e26d3bd1/library/core/src/panicking.rs:80:14
       2: core::panicking::panic_display
                 at /rustc/e408947bfd200af42db322daf0fadfe7e26d3bd1/library/core/src/panicking.rs:259:5
       3: core::option::expect_failed
                 at /rustc/e408947bfd200af42db322daf0fadfe7e26d3bd1/library/core/src/option.rs:2208:5
       4: core::option::Option<T>::expect
                 at /rustc/e408947bfd200af42db322daf0fadfe7e26d3bd1/library/core/src/option.rs:971:21
       5: fq::tests::util::TestTlsApiCtx::cnx_server
                 at ./src/tests/util.rs:912:14
       6: fq::tests::util::nat_rebinding_test_one
                 at ./src/tests/util.rs:4979:61
       7: fq::tests::tls_api::nat_rebinding_loss
                 at ./src/tests/tls_api.rs:4822:5
       8: fq::tests::tls_api::nat_rebinding_loss::{{closure}}
                 at ./src/tests/tls_api.rs:4821:24
       9: core::ops::function::FnOnce::call_once
                 at /rustc/e408947bfd200af42db322daf0fadfe7e26d3bd1/library/core/src/ops/function.rs:250:5
      10: core::ops::function::FnOnce::call_once
                 at /rustc/e408947bfd200af42db322daf0fadfe7e26d3bd1/library/core/src/ops/function.rs:250:5
    note: Some details are omitted, run with `RUST_BACKTRACE=full` for a verbose backtrace.

        FAIL [   0.153s] (597/744) fq tests::tls_api::nat_rebinding_fast
  stdout ───

    running 1 test
    test tests::tls_api::nat_rebinding_fast ... FAILED

    failures:

    failures:
        tests::tls_api::nat_rebinding_fast

    test result: FAILED. 0 passed; 1 failed; 0 ignored; 0 measured; 743 filtered out; finished in 0.14s

  stderr ───

    thread 'tests::tls_api::nat_rebinding_fast' (25893) panicked at src/tests/tls_api.rs:4806:31:
    nat_rebinding_fast: Generic
    stack backtrace:
       0: __rustc::rust_begin_unwind
                 at /rustc/e408947bfd200af42db322daf0fadfe7e26d3bd1/library/std/src/panicking.rs:689:5
       1: core::panicking::panic_fmt
                 at /rustc/e408947bfd200af42db322daf0fadfe7e26d3bd1/library/core/src/panicking.rs:80:14
       2: core::result::unwrap_failed
                 at /rustc/e408947bfd200af42db322daf0fadfe7e26d3bd1/library/core/src/result.rs:1867:5
       3: core::result::Result<T,E>::expect
                 at /rustc/e408947bfd200af42db322daf0fadfe7e26d3bd1/library/core/src/result.rs:1185:23
       4: fq::tests::tls_api::nat_rebinding_fast
                 at ./src/tests/tls_api.rs:4806:31
       5: fq::tests::tls_api::nat_rebinding_fast::{{closure}}
                 at ./src/tests/tls_api.rs:4805:24
       6: core::ops::function::FnOnce::call_once
                 at /rustc/e408947bfd200af42db322daf0fadfe7e26d3bd1/library/core/src/ops/function.rs:250:5
       7: core::ops::function::FnOnce::call_once
                 at /rustc/e408947bfd200af42db322daf0fadfe7e26d3bd1/library/core/src/ops/function.rs:250:5
    note: Some details are omitted, run with `RUST_BACKTRACE=full` for a verbose backtrace.

        FAIL [   0.102s] (598/744) fq tests::tls_api::nat_rebinding_zero
  stdout ───

    running 1 test
    test tests::tls_api::nat_rebinding_zero ... FAILED

    failures:

    failures:
        tests::tls_api::nat_rebinding_zero

    test result: FAILED. 0 passed; 1 failed; 0 ignored; 0 measured; 743 filtered out; finished in 0.09s

  stderr ───

    thread 'tests::tls_api::nat_rebinding_zero' (25901) panicked at src/tests/util.rs:912:14:
    server connection not yet accepted
    stack backtrace:
       0: __rustc::rust_begin_unwind
                 at /rustc/e408947bfd200af42db322daf0fadfe7e26d3bd1/library/std/src/panicking.rs:689:5
       1: core::panicking::panic_fmt
                 at /rustc/e408947bfd200af42db322daf0fadfe7e26d3bd1/library/core/src/panicking.rs:80:14
       2: core::panicking::panic_display
                 at /rustc/e408947bfd200af42db322daf0fadfe7e26d3bd1/library/core/src/panicking.rs:259:5
       3: core::option::expect_failed
                 at /rustc/e408947bfd200af42db322daf0fadfe7e26d3bd1/library/core/src/option.rs:2208:5
       4: core::option::Option<T>::expect
                 at /rustc/e408947bfd200af42db322daf0fadfe7e26d3bd1/library/core/src/option.rs:971:21
       5: fq::tests::util::TestTlsApiCtx::cnx_server
                 at ./src/tests/util.rs:912:14
       6: fq::tests::util::nat_rebinding_test_one
                 at ./src/tests/util.rs:4979:61
       7: fq::tests::tls_api::nat_rebinding_zero
                 at ./src/tests/tls_api.rs:4985:5
       8: fq::tests::tls_api::nat_rebinding_zero::{{closure}}
                 at ./src/tests/tls_api.rs:4984:24
       9: core::ops::function::FnOnce::call_once
                 at /rustc/e408947bfd200af42db322daf0fadfe7e26d3bd1/library/core/src/ops/function.rs:250:5
      10: core::ops::function::FnOnce::call_once
                 at /rustc/e408947bfd200af42db322daf0fadfe7e26d3bd1/library/core/src/ops/function.rs:250:5
    note: Some details are omitted, run with `RUST_BACKTRACE=full` for a verbose backtrace.

        FAIL [   0.128s] (599/744) fq tests::tls_api::nat_rebinding_stress
  stdout ───

    running 1 test
    test tests::tls_api::nat_rebinding_stress ... FAILED

    failures:

    failures:
        tests::tls_api::nat_rebinding_stress

    test result: FAILED. 0 passed; 1 failed; 0 ignored; 0 measured; 743 filtered out; finished in 0.11s

  stderr ───

    thread 'tests::tls_api::nat_rebinding_stress' (25899) panicked at src/tests/tls_api.rs:4977:33:
    nat_rebinding_stress: Generic
    stack backtrace:
       0: __rustc::rust_begin_unwind
                 at /rustc/e408947bfd200af42db322daf0fadfe7e26d3bd1/library/std/src/panicking.rs:689:5
       1: core::panicking::panic_fmt
                 at /rustc/e408947bfd200af42db322daf0fadfe7e26d3bd1/library/core/src/panicking.rs:80:14
       2: core::result::unwrap_failed
                 at /rustc/e408947bfd200af42db322daf0fadfe7e26d3bd1/library/core/src/result.rs:1867:5
       3: core::result::Result<T,E>::expect
                 at /rustc/e408947bfd200af42db322daf0fadfe7e26d3bd1/library/core/src/result.rs:1185:23
       4: fq::tests::tls_api::nat_rebinding_stress
                 at ./src/tests/tls_api.rs:4977:33
       5: fq::tests::tls_api::nat_rebinding_stress::{{closure}}
                 at ./src/tests/tls_api.rs:4976:26
       6: core::ops::function::FnOnce::call_once
                 at /rustc/e408947bfd200af42db322daf0fadfe7e26d3bd1/library/core/src/ops/function.rs:250:5
       7: core::ops::function::FnOnce::call_once
                 at /rustc/e408947bfd200af42db322daf0fadfe7e26d3bd1/library/core/src/ops/function.rs:250:5
    note: Some details are omitted, run with `RUST_BACKTRACE=full` for a verbose backtrace.

        FAIL [   0.106s] (600/744) fq tests::tls_api::new_rotated_key
  stdout ───

    running 1 test
    test tests::tls_api::new_rotated_key ... FAILED

    failures:

    failures:
        tests::tls_api::new_rotated_key

    test result: FAILED. 0 passed; 1 failed; 0 ignored; 0 measured; 743 filtered out; finished in 0.09s

  stderr ───

    thread 'tests::tls_api::new_rotated_key' (25903) panicked at src/tests/tls_api.rs:5155:28:
    new_rotated_key: Protocol(1526726660)
    stack backtrace:
       0: __rustc::rust_begin_unwind
                 at /rustc/e408947bfd200af42db322daf0fadfe7e26d3bd1/library/std/src/panicking.rs:689:5
       1: core::panicking::panic_fmt
                 at /rustc/e408947bfd200af42db322daf0fadfe7e26d3bd1/library/core/src/panicking.rs:80:14
       2: core::result::unwrap_failed
                 at /rustc/e408947bfd200af42db322daf0fadfe7e26d3bd1/library/core/src/result.rs:1867:5
       3: core::result::Result<T,E>::expect
                 at /rustc/e408947bfd200af42db322daf0fadfe7e26d3bd1/library/core/src/result.rs:1185:23
       4: fq::tests::tls_api::new_rotated_key
                 at ./src/tests/tls_api.rs:5155:28
       5: fq::tests::tls_api::new_rotated_key::{{closure}}
                 at ./src/tests/tls_api.rs:5154:21
       6: core::ops::function::FnOnce::call_once
                 at /rustc/e408947bfd200af42db322daf0fadfe7e26d3bd1/library/core/src/ops/function.rs:250:5
       7: core::ops::function::FnOnce::call_once
                 at /rustc/e408947bfd200af42db322daf0fadfe7e26d3bd1/library/core/src/ops/function.rs:250:5
    note: Some details are omitted, run with `RUST_BACKTRACE=full` for a verbose backtrace.

        FAIL [   0.100s] (601/744) fq tests::tls_api::no_ack_frequency
  stdout ───

    running 1 test
    test tests::tls_api::no_ack_frequency ... FAILED

    failures:

    failures:
        tests::tls_api::no_ack_frequency

    test result: FAILED. 0 passed; 1 failed; 0 ignored; 0 measured; 743 filtered out; finished in 0.08s

  stderr ───

    thread 'tests::tls_api::no_ack_frequency' (25905) panicked at src/tests/tls_api.rs:5212:29:
    no_ack_frequency(1): Generic
    stack backtrace:
       0: __rustc::rust_begin_unwind
                 at /rustc/e408947bfd200af42db322daf0fadfe7e26d3bd1/library/std/src/panicking.rs:689:5
       1: core::panicking::panic_fmt
                 at /rustc/e408947bfd200af42db322daf0fadfe7e26d3bd1/library/core/src/panicking.rs:80:14
       2: fq::tests::tls_api::no_ack_frequency::{{closure}}
                 at ./src/tests/tls_api.rs:5212:29
       3: core::result::Result<T,E>::unwrap_or_else
                 at /rustc/e408947bfd200af42db322daf0fadfe7e26d3bd1/library/core/src/result.rs:1622:23
       4: fq::tests::tls_api::no_ack_frequency
                 at ./src/tests/tls_api.rs:5212:10
       5: fq::tests::tls_api::no_ack_frequency::{{closure}}
                 at ./src/tests/tls_api.rs:5163:22
       6: core::ops::function::FnOnce::call_once
                 at /rustc/e408947bfd200af42db322daf0fadfe7e26d3bd1/library/core/src/ops/function.rs:250:5
       7: core::ops::function::FnOnce::call_once
                 at /rustc/e408947bfd200af42db322daf0fadfe7e26d3bd1/library/core/src/ops/function.rs:250:5
    note: Some details are omitted, run with `RUST_BACKTRACE=full` for a verbose backtrace.

        FAIL [   0.099s] (602/744) fq tests::tls_api::not_before_cnxid
  stdout ───

    running 1 test
    test tests::tls_api::not_before_cnxid ... FAILED

    failures:

    failures:
        tests::tls_api::not_before_cnxid

    test result: FAILED. 0 passed; 1 failed; 0 ignored; 0 measured; 743 filtered out; finished in 0.08s

  stderr ───

    thread 'tests::tls_api::not_before_cnxid' (25907) panicked at src/tests/tls_api.rs:5390:29:
    not_before_cnxid: Protocol(1527775233)
    stack backtrace:
       0: __rustc::rust_begin_unwind
                 at /rustc/e408947bfd200af42db322daf0fadfe7e26d3bd1/library/std/src/panicking.rs:689:5
       1: core::panicking::panic_fmt
                 at /rustc/e408947bfd200af42db322daf0fadfe7e26d3bd1/library/core/src/panicking.rs:80:14
       2: core::result::unwrap_failed
                 at /rustc/e408947bfd200af42db322daf0fadfe7e26d3bd1/library/core/src/result.rs:1867:5
       3: core::result::Result<T,E>::expect
                 at /rustc/e408947bfd200af42db322daf0fadfe7e26d3bd1/library/core/src/result.rs:1185:23
       4: fq::tests::tls_api::not_before_cnxid
                 at ./src/tests/tls_api.rs:5390:29
       5: fq::tests::tls_api::not_before_cnxid::{{closure}}
                 at ./src/tests/tls_api.rs:5389:22
       6: core::ops::function::FnOnce::call_once
                 at /rustc/e408947bfd200af42db322daf0fadfe7e26d3bd1/library/core/src/ops/function.rs:250:5
       7: core::ops::function::FnOnce::call_once
                 at /rustc/e408947bfd200af42db322daf0fadfe7e26d3bd1/library/core/src/ops/function.rs:250:5
    note: Some details are omitted, run with `RUST_BACKTRACE=full` for a verbose backtrace.

        FAIL [   0.125s] (603/744) fq tests::tls_api::null_sni
  stdout ───

    running 1 test
    test tests::tls_api::null_sni ... FAILED

    failures:

    failures:
        tests::tls_api::null_sni

    test result: FAILED. 0 passed; 1 failed; 0 ignored; 0 measured; 743 filtered out; finished in 0.11s

  stderr ───

    thread 'tests::tls_api::null_sni' (25909) panicked at src/tests/tls_api.rs:5399:61:
    null_sni: Generic
    stack backtrace:
       0: __rustc::rust_begin_unwind
                 at /rustc/e408947bfd200af42db322daf0fadfe7e26d3bd1/library/std/src/panicking.rs:689:5
       1: core::panicking::panic_fmt
                 at /rustc/e408947bfd200af42db322daf0fadfe7e26d3bd1/library/core/src/panicking.rs:80:14
       2: core::result::unwrap_failed
                 at /rustc/e408947bfd200af42db322daf0fadfe7e26d3bd1/library/core/src/result.rs:1867:5
       3: core::result::Result<T,E>::expect
                 at /rustc/e408947bfd200af42db322daf0fadfe7e26d3bd1/library/core/src/result.rs:1185:23
       4: fq::tests::tls_api::null_sni
                 at ./src/tests/tls_api.rs:5399:61
       5: fq::tests::tls_api::null_sni::{{closure}}
                 at ./src/tests/tls_api.rs:5398:14
       6: core::ops::function::FnOnce::call_once
                 at /rustc/e408947bfd200af42db322daf0fadfe7e26d3bd1/library/core/src/ops/function.rs:250:5
       7: core::ops::function::FnOnce::call_once
                 at /rustc/e408947bfd200af42db322daf0fadfe7e26d3bd1/library/core/src/ops/function.rs:250:5
    note: Some details are omitted, run with `RUST_BACKTRACE=full` for a verbose backtrace.

        FAIL [   0.103s] (604/744) fq tests::tls_api::optimistic_ack
  stdout ───

    running 1 test
    test tests::tls_api::optimistic_ack ... FAILED

    failures:

    failures:
        tests::tls_api::optimistic_ack

    test result: FAILED. 0 passed; 1 failed; 0 ignored; 0 measured; 743 filtered out; finished in 0.09s

  stderr ───

    thread 'tests::tls_api::optimistic_ack' (25911) panicked at src/tests/tls_api.rs:5408:35:
    optimistic_ack: Generic
    stack backtrace:
       0: __rustc::rust_begin_unwind
                 at /rustc/e408947bfd200af42db322daf0fadfe7e26d3bd1/library/std/src/panicking.rs:689:5
       1: core::panicking::panic_fmt
                 at /rustc/e408947bfd200af42db322daf0fadfe7e26d3bd1/library/core/src/panicking.rs:80:14
       2: core::result::unwrap_failed
                 at /rustc/e408947bfd200af42db322daf0fadfe7e26d3bd1/library/core/src/result.rs:1867:5
       3: core::result::Result<T,E>::expect
                 at /rustc/e408947bfd200af42db322daf0fadfe7e26d3bd1/library/core/src/result.rs:1185:23
       4: fq::tests::tls_api::optimistic_ack
                 at ./src/tests/tls_api.rs:5408:35
       5: fq::tests::tls_api::optimistic_ack::{{closure}}
                 at ./src/tests/tls_api.rs:5407:20
       6: core::ops::function::FnOnce::call_once
                 at /rustc/e408947bfd200af42db322daf0fadfe7e26d3bd1/library/core/src/ops/function.rs:250:5
       7: core::ops::function::FnOnce::call_once
                 at /rustc/e408947bfd200af42db322daf0fadfe7e26d3bd1/library/core/src/ops/function.rs:250:5
    note: Some details are omitted, run with `RUST_BACKTRACE=full` for a verbose backtrace.

        FAIL [   0.100s] (605/744) fq tests::tls_api::optimistic_hole
  stdout ───

    running 1 test
    test tests::tls_api::optimistic_hole ... FAILED

    failures:

    failures:
        tests::tls_api::optimistic_hole

    test result: FAILED. 0 passed; 1 failed; 0 ignored; 0 measured; 743 filtered out; finished in 0.08s

  stderr ───

    thread 'tests::tls_api::optimistic_hole' (25913) panicked at src/tests/tls_api.rs:5417:36:
    optimistic_hole: Generic
    stack backtrace:
       0: __rustc::rust_begin_unwind
                 at /rustc/e408947bfd200af42db322daf0fadfe7e26d3bd1/library/std/src/panicking.rs:689:5
       1: core::panicking::panic_fmt
                 at /rustc/e408947bfd200af42db322daf0fadfe7e26d3bd1/library/core/src/panicking.rs:80:14
       2: core::result::unwrap_failed
                 at /rustc/e408947bfd200af42db322daf0fadfe7e26d3bd1/library/core/src/result.rs:1867:5
       3: core::result::Result<T,E>::expect
                 at /rustc/e408947bfd200af42db322daf0fadfe7e26d3bd1/library/core/src/result.rs:1185:23
       4: fq::tests::tls_api::optimistic_hole
                 at ./src/tests/tls_api.rs:5417:36
       5: fq::tests::tls_api::optimistic_hole::{{closure}}
                 at ./src/tests/tls_api.rs:5416:21
       6: core::ops::function::FnOnce::call_once
                 at /rustc/e408947bfd200af42db322daf0fadfe7e26d3bd1/library/core/src/ops/function.rs:250:5
       7: core::ops::function::FnOnce::call_once
                 at /rustc/e408947bfd200af42db322daf0fadfe7e26d3bd1/library/core/src/ops/function.rs:250:5
    note: Some details are omitted, run with `RUST_BACKTRACE=full` for a verbose backtrace.

        FAIL [   0.108s] (606/744) fq tests::tls_api::pacing_update
  stdout ───

    running 1 test
    test tests::tls_api::pacing_update ... FAILED

    failures:

    failures:
        tests::tls_api::pacing_update

    test result: FAILED. 0 passed; 1 failed; 0 ignored; 0 measured; 743 filtered out; finished in 0.09s

  stderr ───

    thread 'tests::tls_api::pacing_update' (25915) panicked at src/tests/tls_api.rs:5426:26:
    pacing_update: Generic
    stack backtrace:
       0: __rustc::rust_begin_unwind
                 at /rustc/e408947bfd200af42db322daf0fadfe7e26d3bd1/library/std/src/panicking.rs:689:5
       1: core::panicking::panic_fmt
                 at /rustc/e408947bfd200af42db322daf0fadfe7e26d3bd1/library/core/src/panicking.rs:80:14
       2: core::result::unwrap_failed
                 at /rustc/e408947bfd200af42db322daf0fadfe7e26d3bd1/library/core/src/result.rs:1867:5
       3: core::result::Result<T,E>::expect
                 at /rustc/e408947bfd200af42db322daf0fadfe7e26d3bd1/library/core/src/result.rs:1185:23
       4: fq::tests::tls_api::pacing_update
                 at ./src/tests/tls_api.rs:5426:26
       5: fq::tests::tls_api::pacing_update::{{closure}}
                 at ./src/tests/tls_api.rs:5425:19
       6: core::ops::function::FnOnce::call_once
                 at /rustc/e408947bfd200af42db322daf0fadfe7e26d3bd1/library/core/src/ops/function.rs:250:5
       7: core::ops::function::FnOnce::call_once
                 at /rustc/e408947bfd200af42db322daf0fadfe7e26d3bd1/library/core/src/ops/function.rs:250:5
    note: Some details are omitted, run with `RUST_BACKTRACE=full` for a verbose backtrace.

        FAIL [   0.102s] (607/744) fq tests::tls_api::packet_trace
  stdout ───

    running 1 test
    test tests::tls_api::packet_trace ... FAILED

    failures:

    failures:
        tests::tls_api::packet_trace

    test result: FAILED. 0 passed; 1 failed; 0 ignored; 0 measured; 743 filtered out; finished in 0.09s

  stderr ───

    thread 'tests::tls_api::packet_trace' (25917) panicked at src/tests/tls_api.rs:5686:25:
    packet_trace: Generic
    stack backtrace:
       0: __rustc::rust_begin_unwind
                 at /rustc/e408947bfd200af42db322daf0fadfe7e26d3bd1/library/std/src/panicking.rs:689:5
       1: core::panicking::panic_fmt
                 at /rustc/e408947bfd200af42db322daf0fadfe7e26d3bd1/library/core/src/panicking.rs:80:14
       2: core::result::unwrap_failed
                 at /rustc/e408947bfd200af42db322daf0fadfe7e26d3bd1/library/core/src/result.rs:1867:5
       3: core::result::Result<T,E>::expect
                 at /rustc/e408947bfd200af42db322daf0fadfe7e26d3bd1/library/core/src/result.rs:1185:23
       4: fq::tests::tls_api::packet_trace
                 at ./src/tests/tls_api.rs:5686:25
       5: fq::tests::tls_api::packet_trace::{{closure}}
                 at ./src/tests/tls_api.rs:5685:18
       6: core::ops::function::FnOnce::call_once
                 at /rustc/e408947bfd200af42db322daf0fadfe7e26d3bd1/library/core/src/ops/function.rs:250:5
       7: core::ops::function::FnOnce::call_once
                 at /rustc/e408947bfd200af42db322daf0fadfe7e26d3bd1/library/core/src/ops/function.rs:250:5
    note: Some details are omitted, run with `RUST_BACKTRACE=full` for a verbose backtrace.

        FAIL [   0.100s] (608/744) fq tests::tls_api::padding_null
  stdout ───

    running 1 test
    test tests::tls_api::padding_null ... FAILED

    failures:

    failures:
        tests::tls_api::padding_null

    test result: FAILED. 0 passed; 1 failed; 0 ignored; 0 measured; 743 filtered out; finished in 0.08s

  stderr ───

    thread 'tests::tls_api::padding_null' (25919) panicked at src/tests/tls_api.rs:5855:29:
    padding_null: Protocol(1526878463)
    stack backtrace:
       0: __rustc::rust_begin_unwind
                 at /rustc/e408947bfd200af42db322daf0fadfe7e26d3bd1/library/std/src/panicking.rs:689:5
       1: core::panicking::panic_fmt
                 at /rustc/e408947bfd200af42db322daf0fadfe7e26d3bd1/library/core/src/panicking.rs:80:14
       2: core::result::unwrap_failed
                 at /rustc/e408947bfd200af42db322daf0fadfe7e26d3bd1/library/core/src/result.rs:1867:5
       3: core::result::Result<T,E>::expect
                 at /rustc/e408947bfd200af42db322daf0fadfe7e26d3bd1/library/core/src/result.rs:1185:23
       4: fq::tests::tls_api::padding_null
                 at ./src/tests/tls_api.rs:5855:29
       5: fq::tests::tls_api::padding_null::{{closure}}
                 at ./src/tests/tls_api.rs:5854:18
       6: core::ops::function::FnOnce::call_once
                 at /rustc/e408947bfd200af42db322daf0fadfe7e26d3bd1/library/core/src/ops/function.rs:250:5
       7: core::ops::function::FnOnce::call_once
                 at /rustc/e408947bfd200af42db322daf0fadfe7e26d3bd1/library/core/src/ops/function.rs:250:5
    note: Some details are omitted, run with `RUST_BACKTRACE=full` for a verbose backtrace.

        PASS [   0.006s] (609/744) fq tests::tls_api::perflog
        FAIL [   0.108s] (610/744) fq tests::tls_api::padding_test
  stdout ───

    running 1 test
    test tests::tls_api::padding_test ... FAILED

    failures:

    failures:
        tests::tls_api::padding_test

    test result: FAILED. 0 passed; 1 failed; 0 ignored; 0 measured; 743 filtered out; finished in 0.09s

  stderr ───

    thread 'tests::tls_api::padding_test' (25921) panicked at src/tests/tls_api.rs:5863:31:
    padding_test: Protocol(1526903039)
    stack backtrace:
       0: __rustc::rust_begin_unwind
                 at /rustc/e408947bfd200af42db322daf0fadfe7e26d3bd1/library/std/src/panicking.rs:689:5
       1: core::panicking::panic_fmt
                 at /rustc/e408947bfd200af42db322daf0fadfe7e26d3bd1/library/core/src/panicking.rs:80:14
       2: core::result::unwrap_failed
                 at /rustc/e408947bfd200af42db322daf0fadfe7e26d3bd1/library/core/src/result.rs:1867:5
       3: core::result::Result<T,E>::expect
                 at /rustc/e408947bfd200af42db322daf0fadfe7e26d3bd1/library/core/src/result.rs:1185:23
       4: fq::tests::tls_api::padding_test
                 at ./src/tests/tls_api.rs:5863:31
       5: fq::tests::tls_api::padding_test::{{closure}}
                 at ./src/tests/tls_api.rs:5862:18
       6: core::ops::function::FnOnce::call_once
                 at /rustc/e408947bfd200af42db322daf0fadfe7e26d3bd1/library/core/src/ops/function.rs:250:5
       7: core::ops::function::FnOnce::call_once
                 at /rustc/e408947bfd200af42db322daf0fadfe7e26d3bd1/library/core/src/ops/function.rs:250:5
    note: Some details are omitted, run with `RUST_BACKTRACE=full` for a verbose backtrace.

        FAIL [   0.101s] (611/744) fq tests::tls_api::padding_zero_min
  stdout ───

    running 1 test
    test tests::tls_api::padding_zero_min ... FAILED

    failures:

    failures:
        tests::tls_api::padding_zero_min

    test result: FAILED. 0 passed; 1 failed; 0 ignored; 0 measured; 743 filtered out; finished in 0.09s

  stderr ───

    thread 'tests::tls_api::padding_zero_min' (25924) panicked at src/tests/tls_api.rs:5871:30:
    padding_zero_min: Protocol(1526903039)
    stack backtrace:
       0: __rustc::rust_begin_unwind
                 at /rustc/e408947bfd200af42db322daf0fadfe7e26d3bd1/library/std/src/panicking.rs:689:5
       1: core::panicking::panic_fmt
                 at /rustc/e408947bfd200af42db322daf0fadfe7e26d3bd1/library/core/src/panicking.rs:80:14
       2: core::result::unwrap_failed
                 at /rustc/e408947bfd200af42db322daf0fadfe7e26d3bd1/library/core/src/result.rs:1867:5
       3: core::result::Result<T,E>::expect
                 at /rustc/e408947bfd200af42db322daf0fadfe7e26d3bd1/library/core/src/result.rs:1185:23
       4: fq::tests::tls_api::padding_zero_min
                 at ./src/tests/tls_api.rs:5871:30
       5: fq::tests::tls_api::padding_zero_min::{{closure}}
                 at ./src/tests/tls_api.rs:5870:22
       6: core::ops::function::FnOnce::call_once
                 at /rustc/e408947bfd200af42db322daf0fadfe7e26d3bd1/library/core/src/ops/function.rs:250:5
       7: core::ops::function::FnOnce::call_once
                 at /rustc/e408947bfd200af42db322daf0fadfe7e26d3bd1/library/core/src/ops/function.rs:250:5
    note: Some details are omitted, run with `RUST_BACKTRACE=full` for a verbose backtrace.

        FAIL [   0.101s] (612/744) fq tests::tls_api::pn_enc_1rtt
  stdout ───

    running 1 test
    test tests::tls_api::pn_enc_1rtt ... FAILED

    failures:

    failures:
        tests::tls_api::pn_enc_1rtt

    test result: FAILED. 0 passed; 1 failed; 0 ignored; 0 measured; 743 filtered out; finished in 0.09s

  stderr ───

    thread 'tests::tls_api::pn_enc_1rtt' (25927) panicked at src/tests/tls_api.rs:5894:10:
    pn_enc_1rtt application aead: Generic
    stack backtrace:
       0: __rustc::rust_begin_unwind
                 at /rustc/e408947bfd200af42db322daf0fadfe7e26d3bd1/library/std/src/panicking.rs:689:5
       1: core::panicking::panic_fmt
                 at /rustc/e408947bfd200af42db322daf0fadfe7e26d3bd1/library/core/src/panicking.rs:80:14
       2: core::result::unwrap_failed
                 at /rustc/e408947bfd200af42db322daf0fadfe7e26d3bd1/library/core/src/result.rs:1867:5
       3: core::result::Result<T,E>::expect
                 at /rustc/e408947bfd200af42db322daf0fadfe7e26d3bd1/library/core/src/result.rs:1185:23
       4: fq::tests::tls_api::pn_enc_1rtt
                 at ./src/tests/tls_api.rs:5894:10
       5: fq::tests::tls_api::pn_enc_1rtt::{{closure}}
                 at ./src/tests/tls_api.rs:5886:17
       6: core::ops::function::FnOnce::call_once
                 at /rustc/e408947bfd200af42db322daf0fadfe7e26d3bd1/library/core/src/ops/function.rs:250:5
       7: core::ops::function::FnOnce::call_once
                 at /rustc/e408947bfd200af42db322daf0fadfe7e26d3bd1/library/core/src/ops/function.rs:250:5
    note: Some details are omitted, run with `RUST_BACKTRACE=full` for a verbose backtrace.

        FAIL [   0.107s] (613/744) fq tests::tls_api::pn_random
  stdout ───

    running 1 test
    test tests::tls_api::pn_random ... FAILED

    failures:

    failures:
        tests::tls_api::pn_random

    test result: FAILED. 0 passed; 1 failed; 0 ignored; 0 measured; 743 filtered out; finished in 0.09s

  stderr ───

    thread 'tests::tls_api::pn_random' (25929) panicked at src/tests/tls_api.rs:6077:31:
    pn_random initial-only: Generic
    stack backtrace:
       0: __rustc::rust_begin_unwind
                 at /rustc/e408947bfd200af42db322daf0fadfe7e26d3bd1/library/std/src/panicking.rs:689:5
       1: core::panicking::panic_fmt
                 at /rustc/e408947bfd200af42db322daf0fadfe7e26d3bd1/library/core/src/panicking.rs:80:14
       2: core::result::unwrap_failed
                 at /rustc/e408947bfd200af42db322daf0fadfe7e26d3bd1/library/core/src/result.rs:1867:5
       3: core::result::Result<T,E>::expect
                 at /rustc/e408947bfd200af42db322daf0fadfe7e26d3bd1/library/core/src/result.rs:1185:23
       4: fq::tests::tls_api::pn_random
                 at ./src/tests/tls_api.rs:6077:31
       5: fq::tests::tls_api::pn_random::{{closure}}
                 at ./src/tests/tls_api.rs:6076:15
       6: core::ops::function::FnOnce::call_once
                 at /rustc/e408947bfd200af42db322daf0fadfe7e26d3bd1/library/core/src/ops/function.rs:250:5
       7: core::ops::function::FnOnce::call_once
                 at /rustc/e408947bfd200af42db322daf0fadfe7e26d3bd1/library/core/src/ops/function.rs:250:5
    note: Some details are omitted, run with `RUST_BACKTRACE=full` for a verbose backtrace.

        FAIL [   0.108s] (614/744) fq tests::tls_api::port_blocked
  stdout ───

    running 1 test
    test tests::tls_api::port_blocked ... FAILED

    failures:

    failures:
        tests::tls_api::port_blocked

    test result: FAILED. 0 passed; 1 failed; 0 ignored; 0 measured; 743 filtered out; finished in 0.09s

  stderr ───

    thread 'tests::tls_api::port_blocked' (25931) panicked at src/tests/tls_api.rs:6126:9:
    unexpected one-rtt: server did not respond to unblocked source 1.1.1.1:0
    stack backtrace:
       0: __rustc::rust_begin_unwind
                 at /rustc/e408947bfd200af42db322daf0fadfe7e26d3bd1/library/std/src/panicking.rs:689:5
       1: core::panicking::panic_fmt
                 at /rustc/e408947bfd200af42db322daf0fadfe7e26d3bd1/library/core/src/panicking.rs:80:14
       2: fq::tests::tls_api::port_blocked_test_one
                 at ./src/tests/tls_api.rs:6126:9
       3: fq::tests::tls_api::port_blocked_test_address
                 at ./src/tests/tls_api.rs:6245:5
       4: fq::tests::tls_api::port_blocked_test_port
                 at ./src/tests/tls_api.rs:6289:13
       5: fq::tests::tls_api::port_blocked
                 at ./src/tests/tls_api.rs:6313:9
       6: fq::tests::tls_api::port_blocked::{{closure}}
                 at ./src/tests/tls_api.rs:6304:18
       7: core::ops::function::FnOnce::call_once
                 at /rustc/e408947bfd200af42db322daf0fadfe7e26d3bd1/library/core/src/ops/function.rs:250:5
       8: core::ops::function::FnOnce::call_once
                 at /rustc/e408947bfd200af42db322daf0fadfe7e26d3bd1/library/core/src/ops/function.rs:250:5
    note: Some details are omitted, run with `RUST_BACKTRACE=full` for a verbose backtrace.

        FAIL [   0.105s] (615/744) fq tests::tls_api::preferred_address
  stdout ───

    running 1 test
    test tests::tls_api::preferred_address ... FAILED

    failures:

    failures:
        tests::tls_api::preferred_address

    test result: FAILED. 0 passed; 1 failed; 0 ignored; 0 measured; 743 filtered out; finished in 0.09s

  stderr ───

    thread 'tests::tls_api::preferred_address' (25933) panicked at src/tests/tls_api.rs:6331:46:
    preferred_address: Generic
    stack backtrace:
       0: __rustc::rust_begin_unwind
                 at /rustc/e408947bfd200af42db322daf0fadfe7e26d3bd1/library/std/src/panicking.rs:689:5
       1: core::panicking::panic_fmt
                 at /rustc/e408947bfd200af42db322daf0fadfe7e26d3bd1/library/core/src/panicking.rs:80:14
       2: core::result::unwrap_failed
                 at /rustc/e408947bfd200af42db322daf0fadfe7e26d3bd1/library/core/src/result.rs:1867:5
       3: core::result::Result<T,E>::expect
                 at /rustc/e408947bfd200af42db322daf0fadfe7e26d3bd1/library/core/src/result.rs:1185:23
       4: fq::tests::tls_api::preferred_address
                 at ./src/tests/tls_api.rs:6331:46
       5: fq::tests::tls_api::preferred_address::{{closure}}
                 at ./src/tests/tls_api.rs:6330:23
       6: core::ops::function::FnOnce::call_once
                 at /rustc/e408947bfd200af42db322daf0fadfe7e26d3bd1/library/core/src/ops/function.rs:250:5
       7: core::ops::function::FnOnce::call_once
                 at /rustc/e408947bfd200af42db322daf0fadfe7e26d3bd1/library/core/src/ops/function.rs:250:5
    note: Some details are omitted, run with `RUST_BACKTRACE=full` for a verbose backtrace.

        FAIL [   0.110s] (616/744) fq tests::tls_api::preferred_address_dis_mig
  stdout ───

    running 1 test
    test tests::tls_api::preferred_address_dis_mig ... FAILED

    failures:

    failures:
        tests::tls_api::preferred_address_dis_mig

    test result: FAILED. 0 passed; 1 failed; 0 ignored; 0 measured; 743 filtered out; finished in 0.09s

  stderr ───

    thread 'tests::tls_api::preferred_address_dis_mig' (25935) panicked at src/tests/tls_api.rs:6340:45:
    preferred_address_dis_mig: Generic
    stack backtrace:
       0: __rustc::rust_begin_unwind
                 at /rustc/e408947bfd200af42db322daf0fadfe7e26d3bd1/library/std/src/panicking.rs:689:5
       1: core::panicking::panic_fmt
                 at /rustc/e408947bfd200af42db322daf0fadfe7e26d3bd1/library/core/src/panicking.rs:80:14
       2: core::result::unwrap_failed
                 at /rustc/e408947bfd200af42db322daf0fadfe7e26d3bd1/library/core/src/result.rs:1867:5
       3: core::result::Result<T,E>::expect
                 at /rustc/e408947bfd200af42db322daf0fadfe7e26d3bd1/library/core/src/result.rs:1185:23
       4: fq::tests::tls_api::preferred_address_dis_mig
                 at ./src/tests/tls_api.rs:6340:45
       5: fq::tests::tls_api::preferred_address_dis_mig::{{closure}}
                 at ./src/tests/tls_api.rs:6339:31
       6: core::ops::function::FnOnce::call_once
                 at /rustc/e408947bfd200af42db322daf0fadfe7e26d3bd1/library/core/src/ops/function.rs:250:5
       7: core::ops::function::FnOnce::call_once
                 at /rustc/e408947bfd200af42db322daf0fadfe7e26d3bd1/library/core/src/ops/function.rs:250:5
    note: Some details are omitted, run with `RUST_BACKTRACE=full` for a verbose backtrace.

        FAIL [   0.100s] (617/744) fq tests::tls_api::preferred_address_zero
  stdout ───

    running 1 test
    test tests::tls_api::preferred_address_zero ... FAILED

    failures:

    failures:
        tests::tls_api::preferred_address_zero

    test result: FAILED. 0 passed; 1 failed; 0 ignored; 0 measured; 743 filtered out; finished in 0.08s

  stderr ───

    thread 'tests::tls_api::preferred_address_zero' (25937) panicked at src/tests/tls_api.rs:6348:45:
    preferred_address_zero: Generic
    stack backtrace:
       0: __rustc::rust_begin_unwind
                 at /rustc/e408947bfd200af42db322daf0fadfe7e26d3bd1/library/std/src/panicking.rs:689:5
       1: core::panicking::panic_fmt
                 at /rustc/e408947bfd200af42db322daf0fadfe7e26d3bd1/library/core/src/panicking.rs:80:14
       2: core::result::unwrap_failed
                 at /rustc/e408947bfd200af42db322daf0fadfe7e26d3bd1/library/core/src/result.rs:1867:5
       3: core::result::Result<T,E>::expect
                 at /rustc/e408947bfd200af42db322daf0fadfe7e26d3bd1/library/core/src/result.rs:1185:23
       4: fq::tests::tls_api::preferred_address_zero
                 at ./src/tests/tls_api.rs:6348:45
       5: fq::tests::tls_api::preferred_address_zero::{{closure}}
                 at ./src/tests/tls_api.rs:6347:28
       6: core::ops::function::FnOnce::call_once
                 at /rustc/e408947bfd200af42db322daf0fadfe7e26d3bd1/library/core/src/ops/function.rs:250:5
       7: core::ops::function::FnOnce::call_once
                 at /rustc/e408947bfd200af42db322daf0fadfe7e26d3bd1/library/core/src/ops/function.rs:250:5
    note: Some details are omitted, run with `RUST_BACKTRACE=full` for a verbose backtrace.

        FAIL [   0.098s] (618/744) fq tests::tls_api::probe_api
  stdout ───

    running 1 test
    test tests::tls_api::probe_api ... FAILED

    failures:

    failures:
        tests::tls_api::probe_api

    test result: FAILED. 0 passed; 1 failed; 0 ignored; 0 measured; 743 filtered out; finished in 0.08s

  stderr ───

    thread 'tests::tls_api::probe_api' (25939) panicked at src/tests/tls_api.rs:6385:5:
    Only 1 CID created on client.
    stack backtrace:
       0: __rustc::rust_begin_unwind
                 at /rustc/e408947bfd200af42db322daf0fadfe7e26d3bd1/library/std/src/panicking.rs:689:5
       1: core::panicking::panic_fmt
                 at /rustc/e408947bfd200af42db322daf0fadfe7e26d3bd1/library/core/src/panicking.rs:80:14
       2: fq::tests::tls_api::probe_api
                 at ./src/tests/tls_api.rs:6385:5
       3: fq::tests::tls_api::probe_api::{{closure}}
                 at ./src/tests/tls_api.rs:6356:15
       4: core::ops::function::FnOnce::call_once
                 at /rustc/e408947bfd200af42db322daf0fadfe7e26d3bd1/library/core/src/ops/function.rs:250:5
       5: core::ops::function::FnOnce::call_once
                 at /rustc/e408947bfd200af42db322daf0fadfe7e26d3bd1/library/core/src/ops/function.rs:250:5
    note: Some details are omitted, run with `RUST_BACKTRACE=full` for a verbose backtrace.

        FAIL [   0.108s] (619/744) fq tests::tls_api::qlog_fns
  stdout ───

    running 1 test
    test tests::tls_api::qlog_fns ... FAILED

    failures:

    failures:
        tests::tls_api::qlog_fns

    test result: FAILED. 0 passed; 1 failed; 0 ignored; 0 measured; 743 filtered out; finished in 0.09s

  stderr ───

    thread 'tests::tls_api::qlog_fns' (25941) panicked at src/tests/tls_api.rs:6521:26:
    qlog_fns: Generic
    stack backtrace:
       0: __rustc::rust_begin_unwind
                 at /rustc/e408947bfd200af42db322daf0fadfe7e26d3bd1/library/std/src/panicking.rs:689:5
       1: core::panicking::panic_fmt
                 at /rustc/e408947bfd200af42db322daf0fadfe7e26d3bd1/library/core/src/panicking.rs:80:14
       2: core::result::unwrap_failed
                 at /rustc/e408947bfd200af42db322daf0fadfe7e26d3bd1/library/core/src/result.rs:1867:5
       3: core::result::Result<T,E>::expect
                 at /rustc/e408947bfd200af42db322daf0fadfe7e26d3bd1/library/core/src/result.rs:1185:23
       4: fq::tests::tls_api::qlog_fns
                 at ./src/tests/tls_api.rs:6521:26
       5: fq::tests::tls_api::qlog_fns::{{closure}}
                 at ./src/tests/tls_api.rs:6520:14
       6: core::ops::function::FnOnce::call_once
                 at /rustc/e408947bfd200af42db322daf0fadfe7e26d3bd1/library/core/src/ops/function.rs:250:5
       7: core::ops::function::FnOnce::call_once
                 at /rustc/e408947bfd200af42db322daf0fadfe7e26d3bd1/library/core/src/ops/function.rs:250:5
    note: Some details are omitted, run with `RUST_BACKTRACE=full` for a verbose backtrace.

        FAIL [   0.102s] (620/744) fq tests::tls_api::qlog_fns_ecn
  stdout ───

    running 1 test
    test tests::tls_api::qlog_fns_ecn ... FAILED

    failures:

    failures:
        tests::tls_api::qlog_fns_ecn

    test result: FAILED. 0 passed; 1 failed; 0 ignored; 0 measured; 743 filtered out; finished in 0.09s

  stderr ───

    thread 'tests::tls_api::qlog_fns_ecn' (25944) panicked at src/tests/tls_api.rs:6529:29:
    qlog_fns_ecn: Generic
    stack backtrace:
       0: __rustc::rust_begin_unwind
                 at /rustc/e408947bfd200af42db322daf0fadfe7e26d3bd1/library/std/src/panicking.rs:689:5
       1: core::panicking::panic_fmt
                 at /rustc/e408947bfd200af42db322daf0fadfe7e26d3bd1/library/core/src/panicking.rs:80:14
       2: core::result::unwrap_failed
                 at /rustc/e408947bfd200af42db322daf0fadfe7e26d3bd1/library/core/src/result.rs:1867:5
       3: core::result::Result<T,E>::expect
                 at /rustc/e408947bfd200af42db322daf0fadfe7e26d3bd1/library/core/src/result.rs:1185:23
       4: fq::tests::tls_api::qlog_fns_ecn
                 at ./src/tests/tls_api.rs:6529:29
       5: fq::tests::tls_api::qlog_fns_ecn::{{closure}}
                 at ./src/tests/tls_api.rs:6528:18
       6: core::ops::function::FnOnce::call_once
                 at /rustc/e408947bfd200af42db322daf0fadfe7e26d3bd1/library/core/src/ops/function.rs:250:5
       7: core::ops::function::FnOnce::call_once
                 at /rustc/e408947bfd200af42db322daf0fadfe7e26d3bd1/library/core/src/ops/function.rs:250:5
    note: Some details are omitted, run with `RUST_BACKTRACE=full` for a verbose backtrace.

        FAIL [   0.101s] (621/744) fq tests::tls_api::qlog_trace
  stdout ───

    running 1 test
    test tests::tls_api::qlog_trace ... FAILED

    failures:

    failures:
        tests::tls_api::qlog_trace

    test result: FAILED. 0 passed; 1 failed; 0 ignored; 0 measured; 743 filtered out; finished in 0.09s

  stderr ───

    thread 'tests::tls_api::qlog_trace' (25945) panicked at src/tests/tls_api.rs:6538:35:
    qlog_trace: Generic
    stack backtrace:
       0: __rustc::rust_begin_unwind
                 at /rustc/e408947bfd200af42db322daf0fadfe7e26d3bd1/library/std/src/panicking.rs:689:5
       1: core::panicking::panic_fmt
                 at /rustc/e408947bfd200af42db322daf0fadfe7e26d3bd1/library/core/src/panicking.rs:80:14
       2: core::result::unwrap_failed
                 at /rustc/e408947bfd200af42db322daf0fadfe7e26d3bd1/library/core/src/result.rs:1867:5
       3: core::result::Result<T,E>::expect
                 at /rustc/e408947bfd200af42db322daf0fadfe7e26d3bd1/library/core/src/result.rs:1185:23
       4: fq::tests::tls_api::qlog_trace
                 at ./src/tests/tls_api.rs:6538:35
       5: fq::tests::tls_api::qlog_trace::{{closure}}
                 at ./src/tests/tls_api.rs:6537:16
       6: core::ops::function::FnOnce::call_once
                 at /rustc/e408947bfd200af42db322daf0fadfe7e26d3bd1/library/core/src/ops/function.rs:250:5
       7: core::ops::function::FnOnce::call_once
                 at /rustc/e408947bfd200af42db322daf0fadfe7e26d3bd1/library/core/src/ops/function.rs:250:5
    note: Some details are omitted, run with `RUST_BACKTRACE=full` for a verbose backtrace.

        FAIL [   0.107s] (622/744) fq tests::tls_api::qlog_trace_ecn
  stdout ───

    running 1 test
    test tests::tls_api::qlog_trace_ecn ... FAILED

    failures:

    failures:
        tests::tls_api::qlog_trace_ecn

    test result: FAILED. 0 passed; 1 failed; 0 ignored; 0 measured; 743 filtered out; finished in 0.09s

  stderr ───

    thread 'tests::tls_api::qlog_trace_ecn' (25947) panicked at src/tests/tls_api.rs:6546:38:
    qlog_trace_ecn: Generic
    stack backtrace:
       0: __rustc::rust_begin_unwind
                 at /rustc/e408947bfd200af42db322daf0fadfe7e26d3bd1/library/std/src/panicking.rs:689:5
       1: core::panicking::panic_fmt
                 at /rustc/e408947bfd200af42db322daf0fadfe7e26d3bd1/library/core/src/panicking.rs:80:14
       2: core::result::unwrap_failed
                 at /rustc/e408947bfd200af42db322daf0fadfe7e26d3bd1/library/core/src/result.rs:1867:5
       3: core::result::Result<T,E>::expect
                 at /rustc/e408947bfd200af42db322daf0fadfe7e26d3bd1/library/core/src/result.rs:1185:23
       4: fq::tests::tls_api::qlog_trace_ecn
                 at ./src/tests/tls_api.rs:6546:38
       5: fq::tests::tls_api::qlog_trace_ecn::{{closure}}
                 at ./src/tests/tls_api.rs:6545:20
       6: core::ops::function::FnOnce::call_once
                 at /rustc/e408947bfd200af42db322daf0fadfe7e26d3bd1/library/core/src/ops/function.rs:250:5
       7: core::ops::function::FnOnce::call_once
                 at /rustc/e408947bfd200af42db322daf0fadfe7e26d3bd1/library/core/src/ops/function.rs:250:5
    note: Some details are omitted, run with `RUST_BACKTRACE=full` for a verbose backtrace.

        FAIL [   0.102s] (623/744) fq tests::tls_api::qlog_trace_parallel
  stdout ───

    running 1 test
    test tests::tls_api::qlog_trace_parallel ... FAILED

    failures:

    failures:
        tests::tls_api::qlog_trace_parallel

    test result: FAILED. 0 passed; 1 failed; 0 ignored; 0 measured; 743 filtered out; finished in 0.09s

  stderr ───

    thread 'tests::tls_api::qlog_trace_parallel' (25950) panicked at src/tests/tls_api.rs:6554:34:
    qlog_trace_parallel: Generic
    stack backtrace:
       0: __rustc::rust_begin_unwind
                 at /rustc/e408947bfd200af42db322daf0fadfe7e26d3bd1/library/std/src/panicking.rs:689:5
       1: core::panicking::panic_fmt
                 at /rustc/e408947bfd200af42db322daf0fadfe7e26d3bd1/library/core/src/panicking.rs:80:14
       2: core::result::unwrap_failed
                 at /rustc/e408947bfd200af42db322daf0fadfe7e26d3bd1/library/core/src/result.rs:1867:5
       3: core::result::Result<T,E>::expect
                 at /rustc/e408947bfd200af42db322daf0fadfe7e26d3bd1/library/core/src/result.rs:1185:23
       4: fq::tests::tls_api::qlog_trace_parallel
                 at ./src/tests/tls_api.rs:6554:34
       5: fq::tests::tls_api::qlog_trace_parallel::{{closure}}
                 at ./src/tests/tls_api.rs:6553:25
       6: core::ops::function::FnOnce::call_once
                 at /rustc/e408947bfd200af42db322daf0fadfe7e26d3bd1/library/core/src/ops/function.rs:250:5
       7: core::ops::function::FnOnce::call_once
                 at /rustc/e408947bfd200af42db322daf0fadfe7e26d3bd1/library/core/src/ops/function.rs:250:5
    note: Some details are omitted, run with `RUST_BACKTRACE=full` for a verbose backtrace.

        FAIL [   0.102s] (624/744) fq tests::tls_api::quality_update
  stdout ───

    running 1 test
    test tests::tls_api::quality_update ... FAILED

    failures:

    failures:
        tests::tls_api::quality_update

    test result: FAILED. 0 passed; 1 failed; 0 ignored; 0 measured; 743 filtered out; finished in 0.09s

  stderr ───

    thread 'tests::tls_api::quality_update' (25951) panicked at src/tests/tls_api.rs:6598:6:
    quality_update scenario: Generic
    stack backtrace:
       0: __rustc::rust_begin_unwind
                 at /rustc/e408947bfd200af42db322daf0fadfe7e26d3bd1/library/std/src/panicking.rs:689:5
       1: core::panicking::panic_fmt
                 at /rustc/e408947bfd200af42db322daf0fadfe7e26d3bd1/library/core/src/panicking.rs:80:14
       2: core::result::unwrap_failed
                 at /rustc/e408947bfd200af42db322daf0fadfe7e26d3bd1/library/core/src/result.rs:1867:5
       3: core::result::Result<T,E>::expect
                 at /rustc/e408947bfd200af42db322daf0fadfe7e26d3bd1/library/core/src/result.rs:1185:23
       4: fq::tests::tls_api::quality_update
                 at ./src/tests/tls_api.rs:6598:6
       5: fq::tests::tls_api::quality_update::{{closure}}
                 at ./src/tests/tls_api.rs:6562:20
       6: core::ops::function::FnOnce::call_once
                 at /rustc/e408947bfd200af42db322daf0fadfe7e26d3bd1/library/core/src/ops/function.rs:250:5
       7: core::ops::function::FnOnce::call_once
                 at /rustc/e408947bfd200af42db322daf0fadfe7e26d3bd1/library/core/src/ops/function.rs:250:5
    note: Some details are omitted, run with `RUST_BACKTRACE=full` for a verbose backtrace.

        PASS [   0.007s] (625/744) fq tests::tls_api::random_public_tester
        FAIL [   0.111s] (626/744) fq tests::tls_api::quant_params
  stdout ───

    running 1 test
    test tests::tls_api::quant_params ... FAILED

    failures:

    failures:
        tests::tls_api::quant_params

    test result: FAILED. 0 passed; 1 failed; 0 ignored; 0 measured; 743 filtered out; finished in 0.09s

  stderr ───

    thread 'tests::tls_api::quant_params' (25953) panicked at src/tests/tls_api.rs:6683:10:
    quant_params: Generic
    stack backtrace:
       0: __rustc::rust_begin_unwind
                 at /rustc/e408947bfd200af42db322daf0fadfe7e26d3bd1/library/std/src/panicking.rs:689:5
       1: core::panicking::panic_fmt
                 at /rustc/e408947bfd200af42db322daf0fadfe7e26d3bd1/library/core/src/panicking.rs:80:14
       2: core::result::unwrap_failed
                 at /rustc/e408947bfd200af42db322daf0fadfe7e26d3bd1/library/core/src/result.rs:1867:5
       3: core::result::Result<T,E>::expect
                 at /rustc/e408947bfd200af42db322daf0fadfe7e26d3bd1/library/core/src/result.rs:1185:23
       4: fq::tests::tls_api::quant_params
                 at ./src/tests/tls_api.rs:6683:10
       5: fq::tests::tls_api::quant_params::{{closure}}
                 at ./src/tests/tls_api.rs:6660:18
       6: core::ops::function::FnOnce::call_once
                 at /rustc/e408947bfd200af42db322daf0fadfe7e26d3bd1/library/core/src/ops/function.rs:250:5
       7: core::ops::function::FnOnce::call_once
                 at /rustc/e408947bfd200af42db322daf0fadfe7e26d3bd1/library/core/src/ops/function.rs:250:5
    note: Some details are omitted, run with `RUST_BACKTRACE=full` for a verbose backtrace.

        FAIL [   0.103s] (627/744) fq tests::tls_api::random_padding
  stdout ───

    running 1 test
    test tests::tls_api::random_padding ... FAILED

    failures:

    failures:
        tests::tls_api::random_padding

    test result: FAILED. 0 passed; 1 failed; 0 ignored; 0 measured; 743 filtered out; finished in 0.09s

  stderr ───

    thread 'tests::tls_api::random_padding' (25956) panicked at src/tests/tls_api.rs:6695:58:
    random_padding_128: Generic
    stack backtrace:
       0: __rustc::rust_begin_unwind
                 at /rustc/e408947bfd200af42db322daf0fadfe7e26d3bd1/library/std/src/panicking.rs:689:5
       1: core::panicking::panic_fmt
                 at /rustc/e408947bfd200af42db322daf0fadfe7e26d3bd1/library/core/src/panicking.rs:80:14
       2: core::result::unwrap_failed
                 at /rustc/e408947bfd200af42db322daf0fadfe7e26d3bd1/library/core/src/result.rs:1867:5
       3: core::result::Result<T,E>::expect
                 at /rustc/e408947bfd200af42db322daf0fadfe7e26d3bd1/library/core/src/result.rs:1185:23
       4: fq::tests::tls_api::random_padding
                 at ./src/tests/tls_api.rs:6695:58
       5: fq::tests::tls_api::random_padding::{{closure}}
                 at ./src/tests/tls_api.rs:6692:20
       6: core::ops::function::FnOnce::call_once
                 at /rustc/e408947bfd200af42db322daf0fadfe7e26d3bd1/library/core/src/ops/function.rs:250:5
       7: core::ops::function::FnOnce::call_once
                 at /rustc/e408947bfd200af42db322daf0fadfe7e26d3bd1/library/core/src/ops/function.rs:250:5
    note: Some details are omitted, run with `RUST_BACKTRACE=full` for a verbose backtrace.

        FAIL [   0.111s] (628/744) fq tests::tls_api::ready_to_send
  stdout ───

    running 1 test
    test tests::tls_api::ready_to_send ... FAILED

    failures:

    failures:
        tests::tls_api::ready_to_send

    test result: FAILED. 0 passed; 1 failed; 0 ignored; 0 measured; 743 filtered out; finished in 0.09s

  stderr ───

    thread 'tests::tls_api::ready_to_send' (25959) panicked at src/tests/tls_api.rs:6826:31:
    ready_to_send: Generic
    stack backtrace:
       0: __rustc::rust_begin_unwind
                 at /rustc/e408947bfd200af42db322daf0fadfe7e26d3bd1/library/std/src/panicking.rs:689:5
       1: core::panicking::panic_fmt
                 at /rustc/e408947bfd200af42db322daf0fadfe7e26d3bd1/library/core/src/panicking.rs:80:14
       2: core::result::unwrap_failed
                 at /rustc/e408947bfd200af42db322daf0fadfe7e26d3bd1/library/core/src/result.rs:1867:5
       3: core::result::Result<T,E>::expect
                 at /rustc/e408947bfd200af42db322daf0fadfe7e26d3bd1/library/core/src/result.rs:1185:23
       4: fq::tests::tls_api::ready_to_send
                 at ./src/tests/tls_api.rs:6826:31
       5: fq::tests::tls_api::ready_to_send::{{closure}}
                 at ./src/tests/tls_api.rs:6825:19
       6: core::ops::function::FnOnce::call_once
                 at /rustc/e408947bfd200af42db322daf0fadfe7e26d3bd1/library/core/src/ops/function.rs:250:5
       7: core::ops::function::FnOnce::call_once
                 at /rustc/e408947bfd200af42db322daf0fadfe7e26d3bd1/library/core/src/ops/function.rs:250:5
    note: Some details are omitted, run with `RUST_BACKTRACE=full` for a verbose backtrace.

        FAIL [   0.107s] (629/744) fq tests::tls_api::ready_to_zero
  stdout ───

    running 1 test
    test tests::tls_api::ready_to_zero ... FAILED

    failures:

    failures:
        tests::tls_api::ready_to_zero

    test result: FAILED. 0 passed; 1 failed; 0 ignored; 0 measured; 743 filtered out; finished in 0.09s

  stderr ───

    thread 'tests::tls_api::ready_to_zero' (25963) panicked at src/tests/tls_api.rs:6842:31:
    ready_to_zero: Generic
    stack backtrace:
       0: __rustc::rust_begin_unwind
                 at /rustc/e408947bfd200af42db322daf0fadfe7e26d3bd1/library/std/src/panicking.rs:689:5
       1: core::panicking::panic_fmt
                 at /rustc/e408947bfd200af42db322daf0fadfe7e26d3bd1/library/core/src/panicking.rs:80:14
       2: core::result::unwrap_failed
                 at /rustc/e408947bfd200af42db322daf0fadfe7e26d3bd1/library/core/src/result.rs:1867:5
       3: core::result::Result<T,E>::expect
                 at /rustc/e408947bfd200af42db322daf0fadfe7e26d3bd1/library/core/src/result.rs:1185:23
       4: fq::tests::tls_api::ready_to_zero
                 at ./src/tests/tls_api.rs:6842:31
       5: fq::tests::tls_api::ready_to_zero::{{closure}}
                 at ./src/tests/tls_api.rs:6841:19
       6: core::ops::function::FnOnce::call_once
                 at /rustc/e408947bfd200af42db322daf0fadfe7e26d3bd1/library/core/src/ops/function.rs:250:5
       7: core::ops::function::FnOnce::call_once
                 at /rustc/e408947bfd200af42db322daf0fadfe7e26d3bd1/library/core/src/ops/function.rs:250:5
    note: Some details are omitted, run with `RUST_BACKTRACE=full` for a verbose backtrace.

        FAIL [   0.140s] (630/744) fq tests::tls_api::ready_to_skip
  stdout ───

    running 1 test
    test tests::tls_api::ready_to_skip ... FAILED

    failures:

    failures:
        tests::tls_api::ready_to_skip

    test result: FAILED. 0 passed; 1 failed; 0 ignored; 0 measured; 743 filtered out; finished in 0.12s

  stderr ───

    thread 'tests::tls_api::ready_to_skip' (25961) panicked at src/tests/tls_api.rs:6834:31:
    ready_to_skip: Generic
    stack backtrace:
       0: __rustc::rust_begin_unwind
                 at /rustc/e408947bfd200af42db322daf0fadfe7e26d3bd1/library/std/src/panicking.rs:689:5
       1: core::panicking::panic_fmt
                 at /rustc/e408947bfd200af42db322daf0fadfe7e26d3bd1/library/core/src/panicking.rs:80:14
       2: core::result::unwrap_failed
                 at /rustc/e408947bfd200af42db322daf0fadfe7e26d3bd1/library/core/src/result.rs:1867:5
       3: core::result::Result<T,E>::expect
                 at /rustc/e408947bfd200af42db322daf0fadfe7e26d3bd1/library/core/src/result.rs:1185:23
       4: fq::tests::tls_api::ready_to_skip
                 at ./src/tests/tls_api.rs:6834:31
       5: fq::tests::tls_api::ready_to_skip::{{closure}}
                 at ./src/tests/tls_api.rs:6833:19
       6: core::ops::function::FnOnce::call_once
                 at /rustc/e408947bfd200af42db322daf0fadfe7e26d3bd1/library/core/src/ops/function.rs:250:5
       7: core::ops::function::FnOnce::call_once
                 at /rustc/e408947bfd200af42db322daf0fadfe7e26d3bd1/library/core/src/ops/function.rs:250:5
    note: Some details are omitted, run with `RUST_BACKTRACE=full` for a verbose backtrace.

        FAIL [   0.112s] (631/744) fq tests::tls_api::ready_to_zfin
  stdout ───

    running 1 test
    test tests::tls_api::ready_to_zfin ... FAILED

    failures:

    failures:
        tests::tls_api::ready_to_zfin

    test result: FAILED. 0 passed; 1 failed; 0 ignored; 0 measured; 743 filtered out; finished in 0.09s

  stderr ───

    thread 'tests::tls_api::ready_to_zfin' (25965) panicked at src/tests/tls_api.rs:6850:31:
    ready_to_zfin: Generic
    stack backtrace:
       0: __rustc::rust_begin_unwind
                 at /rustc/e408947bfd200af42db322daf0fadfe7e26d3bd1/library/std/src/panicking.rs:689:5
       1: core::panicking::panic_fmt
                 at /rustc/e408947bfd200af42db322daf0fadfe7e26d3bd1/library/core/src/panicking.rs:80:14
       2: core::result::unwrap_failed
                 at /rustc/e408947bfd200af42db322daf0fadfe7e26d3bd1/library/core/src/result.rs:1867:5
       3: core::result::Result<T,E>::expect
                 at /rustc/e408947bfd200af42db322daf0fadfe7e26d3bd1/library/core/src/result.rs:1185:23
       4: fq::tests::tls_api::ready_to_zfin
                 at ./src/tests/tls_api.rs:6850:31
       5: fq::tests::tls_api::ready_to_zfin::{{closure}}
                 at ./src/tests/tls_api.rs:6849:19
       6: core::ops::function::FnOnce::call_once
                 at /rustc/e408947bfd200af42db322daf0fadfe7e26d3bd1/library/core/src/ops/function.rs:250:5
       7: core::ops::function::FnOnce::call_once
                 at /rustc/e408947bfd200af42db322daf0fadfe7e26d3bd1/library/core/src/ops/function.rs:250:5
    note: Some details are omitted, run with `RUST_BACKTRACE=full` for a verbose backtrace.

        FAIL [   0.147s] (632/744) fq tests::tls_api::red_bbr
  stdout ───

    running 1 test
    test tests::tls_api::red_bbr ... FAILED

    failures:

    failures:
        tests::tls_api::red_bbr

    test result: FAILED. 0 passed; 1 failed; 0 ignored; 0 measured; 743 filtered out; finished in 0.13s

  stderr ───

    thread 'tests::tls_api::red_bbr' (25967) panicked at src/tests/tls_api.rs:6858:42:
    red_bbr: Generic
    stack backtrace:
       0: __rustc::rust_begin_unwind
                 at /rustc/e408947bfd200af42db322daf0fadfe7e26d3bd1/library/std/src/panicking.rs:689:5
       1: core::panicking::panic_fmt
                 at /rustc/e408947bfd200af42db322daf0fadfe7e26d3bd1/library/core/src/panicking.rs:80:14
       2: core::result::unwrap_failed
                 at /rustc/e408947bfd200af42db322daf0fadfe7e26d3bd1/library/core/src/result.rs:1867:5
       3: core::result::Result<T,E>::expect
                 at /rustc/e408947bfd200af42db322daf0fadfe7e26d3bd1/library/core/src/result.rs:1185:23
       4: fq::tests::tls_api::red_bbr
                 at ./src/tests/tls_api.rs:6858:42
       5: fq::tests::tls_api::red_bbr::{{closure}}
                 at ./src/tests/tls_api.rs:6857:13
       6: core::ops::function::FnOnce::call_once
                 at /rustc/e408947bfd200af42db322daf0fadfe7e26d3bd1/library/core/src/ops/function.rs:250:5
       7: core::ops::function::FnOnce::call_once
                 at /rustc/e408947bfd200af42db322daf0fadfe7e26d3bd1/library/core/src/ops/function.rs:250:5
    note: Some details are omitted, run with `RUST_BACKTRACE=full` for a verbose backtrace.

        FAIL [   0.157s] (633/744) fq tests::tls_api::red_cubic
  stdout ───

    running 1 test
    test tests::tls_api::red_cubic ... FAILED

    failures:

    failures:
        tests::tls_api::red_cubic

    test result: FAILED. 0 passed; 1 failed; 0 ignored; 0 measured; 743 filtered out; finished in 0.14s

  stderr ───

    thread 'tests::tls_api::red_cubic' (25970) panicked at src/tests/tls_api.rs:6866:44:
    red_cubic: Generic
    stack backtrace:
       0: __rustc::rust_begin_unwind
                 at /rustc/e408947bfd200af42db322daf0fadfe7e26d3bd1/library/std/src/panicking.rs:689:5
       1: core::panicking::panic_fmt
                 at /rustc/e408947bfd200af42db322daf0fadfe7e26d3bd1/library/core/src/panicking.rs:80:14
       2: core::result::unwrap_failed
                 at /rustc/e408947bfd200af42db322daf0fadfe7e26d3bd1/library/core/src/result.rs:1867:5
       3: core::result::Result<T,E>::expect
                 at /rustc/e408947bfd200af42db322daf0fadfe7e26d3bd1/library/core/src/result.rs:1185:23
       4: fq::tests::tls_api::red_cubic
                 at ./src/tests/tls_api.rs:6866:44
       5: fq::tests::tls_api::red_cubic::{{closure}}
                 at ./src/tests/tls_api.rs:6865:15
       6: core::ops::function::FnOnce::call_once
                 at /rustc/e408947bfd200af42db322daf0fadfe7e26d3bd1/library/core/src/ops/function.rs:250:5
       7: core::ops::function::FnOnce::call_once
                 at /rustc/e408947bfd200af42db322daf0fadfe7e26d3bd1/library/core/src/ops/function.rs:250:5
    note: Some details are omitted, run with `RUST_BACKTRACE=full` for a verbose backtrace.

        FAIL [   0.159s] (634/744) fq tests::tls_api::red_dcubic
  stdout ───

    running 1 test
    test tests::tls_api::red_dcubic ... FAILED

    failures:

    failures:
        tests::tls_api::red_dcubic

    test result: FAILED. 0 passed; 1 failed; 0 ignored; 0 measured; 743 filtered out; finished in 0.14s

  stderr ───

    thread 'tests::tls_api::red_dcubic' (25971) panicked at src/tests/tls_api.rs:6874:45:
    red_dcubic: Generic
    stack backtrace:
       0: __rustc::rust_begin_unwind
                 at /rustc/e408947bfd200af42db322daf0fadfe7e26d3bd1/library/std/src/panicking.rs:689:5
       1: core::panicking::panic_fmt
                 at /rustc/e408947bfd200af42db322daf0fadfe7e26d3bd1/library/core/src/panicking.rs:80:14
       2: core::result::unwrap_failed
                 at /rustc/e408947bfd200af42db322daf0fadfe7e26d3bd1/library/core/src/result.rs:1867:5
       3: core::result::Result<T,E>::expect
                 at /rustc/e408947bfd200af42db322daf0fadfe7e26d3bd1/library/core/src/result.rs:1185:23
       4: fq::tests::tls_api::red_dcubic
                 at ./src/tests/tls_api.rs:6874:45
       5: fq::tests::tls_api::red_dcubic::{{closure}}
                 at ./src/tests/tls_api.rs:6873:16
       6: core::ops::function::FnOnce::call_once
                 at /rustc/e408947bfd200af42db322daf0fadfe7e26d3bd1/library/core/src/ops/function.rs:250:5
       7: core::ops::function::FnOnce::call_once
                 at /rustc/e408947bfd200af42db322daf0fadfe7e26d3bd1/library/core/src/ops/function.rs:250:5
    note: Some details are omitted, run with `RUST_BACKTRACE=full` for a verbose backtrace.

        FAIL [   0.102s] (635/744) fq tests::tls_api::request_client_authentication
  stdout ───

    running 1 test
    test tests::tls_api::request_client_authentication ... FAILED

    failures:

    failures:
        tests::tls_api::request_client_authentication

    test result: FAILED. 0 passed; 1 failed; 0 ignored; 0 measured; 743 filtered out; finished in 0.09s

  stderr ───

    thread 'tests::tls_api::request_client_authentication' (25977) panicked at src/tests/util.rs:7097:5:
    client was not ready after mTLS client-auth loop
    stack backtrace:
       0: __rustc::rust_begin_unwind
                 at /rustc/e408947bfd200af42db322daf0fadfe7e26d3bd1/library/std/src/panicking.rs:689:5
       1: core::panicking::panic_fmt
                 at /rustc/e408947bfd200af42db322daf0fadfe7e26d3bd1/library/core/src/panicking.rs:80:14
       2: fq::tests::util::request_client_authentication_test_one
                 at ./src/tests/util.rs:7097:5
       3: fq::tests::tls_api::request_client_authentication
                 at ./src/tests/tls_api.rs:6898:5
       4: fq::tests::tls_api::request_client_authentication::{{closure}}
                 at ./src/tests/tls_api.rs:6897:35
       5: core::ops::function::FnOnce::call_once
                 at /rustc/e408947bfd200af42db322daf0fadfe7e26d3bd1/library/core/src/ops/function.rs:250:5
       6: core::ops::function::FnOnce::call_once
                 at /rustc/e408947bfd200af42db322daf0fadfe7e26d3bd1/library/core/src/ops/function.rs:250:5
    note: Some details are omitted, run with `RUST_BACKTRACE=full` for a verbose backtrace.

        FAIL [   0.146s] (636/744) fq tests::tls_api::red_fast
  stdout ───

    running 1 test
    test tests::tls_api::red_fast ... FAILED

    failures:

    failures:
        tests::tls_api::red_fast

    test result: FAILED. 0 passed; 1 failed; 0 ignored; 0 measured; 743 filtered out; finished in 0.13s

  stderr ───

    thread 'tests::tls_api::red_fast' (25973) panicked at src/tests/tls_api.rs:6882:43:
    red_fast: Generic
    stack backtrace:
       0: __rustc::rust_begin_unwind
                 at /rustc/e408947bfd200af42db322daf0fadfe7e26d3bd1/library/std/src/panicking.rs:689:5
       1: core::panicking::panic_fmt
                 at /rustc/e408947bfd200af42db322daf0fadfe7e26d3bd1/library/core/src/panicking.rs:80:14
       2: core::result::unwrap_failed
                 at /rustc/e408947bfd200af42db322daf0fadfe7e26d3bd1/library/core/src/result.rs:1867:5
       3: core::result::Result<T,E>::expect
                 at /rustc/e408947bfd200af42db322daf0fadfe7e26d3bd1/library/core/src/result.rs:1185:23
       4: fq::tests::tls_api::red_fast
                 at ./src/tests/tls_api.rs:6882:43
       5: fq::tests::tls_api::red_fast::{{closure}}
                 at ./src/tests/tls_api.rs:6881:14
       6: core::ops::function::FnOnce::call_once
                 at /rustc/e408947bfd200af42db322daf0fadfe7e26d3bd1/library/core/src/ops/function.rs:250:5
       7: core::ops::function::FnOnce::call_once
                 at /rustc/e408947bfd200af42db322daf0fadfe7e26d3bd1/library/core/src/ops/function.rs:250:5
    note: Some details are omitted, run with `RUST_BACKTRACE=full` for a verbose backtrace.

        FAIL [   0.179s] (637/744) fq tests::tls_api::red_newreno
  stdout ───

    running 1 test
    test tests::tls_api::red_newreno ... FAILED

    failures:

    failures:
        tests::tls_api::red_newreno

    test result: FAILED. 0 passed; 1 failed; 0 ignored; 0 measured; 743 filtered out; finished in 0.16s

  stderr ───

    thread 'tests::tls_api::red_newreno' (25976) panicked at src/tests/tls_api.rs:6890:46:
    red_newreno: Generic
    stack backtrace:
       0: __rustc::rust_begin_unwind
                 at /rustc/e408947bfd200af42db322daf0fadfe7e26d3bd1/library/std/src/panicking.rs:689:5
       1: core::panicking::panic_fmt
                 at /rustc/e408947bfd200af42db322daf0fadfe7e26d3bd1/library/core/src/panicking.rs:80:14
       2: core::result::unwrap_failed
                 at /rustc/e408947bfd200af42db322daf0fadfe7e26d3bd1/library/core/src/result.rs:1867:5
       3: core::result::Result<T,E>::expect
                 at /rustc/e408947bfd200af42db322daf0fadfe7e26d3bd1/library/core/src/result.rs:1185:23
       4: fq::tests::tls_api::red_newreno
                 at ./src/tests/tls_api.rs:6890:46
       5: fq::tests::tls_api::red_newreno::{{closure}}
                 at ./src/tests/tls_api.rs:6889:17
       6: core::ops::function::FnOnce::call_once
                 at /rustc/e408947bfd200af42db322daf0fadfe7e26d3bd1/library/core/src/ops/function.rs:250:5
       7: core::ops::function::FnOnce::call_once
                 at /rustc/e408947bfd200af42db322daf0fadfe7e26d3bd1/library/core/src/ops/function.rs:250:5
    note: Some details are omitted, run with `RUST_BACKTRACE=full` for a verbose backtrace.

        FAIL [   0.098s] (638/744) fq tests::tls_api::retire_cnxid
  stdout ───

    running 1 test
    test tests::tls_api::retire_cnxid ... FAILED

    failures:

    failures:
        tests::tls_api::retire_cnxid

    test result: FAILED. 0 passed; 1 failed; 0 ignored; 0 measured; 743 filtered out; finished in 0.08s

  stderr ───

    thread 'tests::tls_api::retire_cnxid' (25980) panicked at src/tests/tls_api.rs:6930:5:
    Only 1 cids created on client.
    stack backtrace:
       0: __rustc::rust_begin_unwind
                 at /rustc/e408947bfd200af42db322daf0fadfe7e26d3bd1/library/std/src/panicking.rs:689:5
       1: core::panicking::panic_fmt
                 at /rustc/e408947bfd200af42db322daf0fadfe7e26d3bd1/library/core/src/panicking.rs:80:14
       2: fq::tests::tls_api::retire_cnxid
                 at ./src/tests/tls_api.rs:6930:5
       3: fq::tests::tls_api::retire_cnxid::{{closure}}
                 at ./src/tests/tls_api.rs:6913:18
       4: core::ops::function::FnOnce::call_once
                 at /rustc/e408947bfd200af42db322daf0fadfe7e26d3bd1/library/core/src/ops/function.rs:250:5
       5: core::ops::function::FnOnce::call_once
                 at /rustc/e408947bfd200af42db322daf0fadfe7e26d3bd1/library/core/src/ops/function.rs:250:5
    note: Some details are omitted, run with `RUST_BACKTRACE=full` for a verbose backtrace.

        FAIL [   0.121s] (639/744) fq tests::tls_api::retry
  stdout ───

    running 1 test
    test tests::tls_api::retry ... FAILED

    failures:

    failures:
        tests::tls_api::retry

    test result: FAILED. 0 passed; 1 failed; 0 ignored; 0 measured; 743 filtered out; finished in 0.11s

  stderr ───

    thread 'tests::tls_api::retry' (25981) panicked at src/tests/tls_api.rs:7008:35:
    retry: Generic
    stack backtrace:
       0: __rustc::rust_begin_unwind
                 at /rustc/e408947bfd200af42db322daf0fadfe7e26d3bd1/library/std/src/panicking.rs:689:5
       1: core::panicking::panic_fmt
                 at /rustc/e408947bfd200af42db322daf0fadfe7e26d3bd1/library/core/src/panicking.rs:80:14
       2: core::result::unwrap_failed
                 at /rustc/e408947bfd200af42db322daf0fadfe7e26d3bd1/library/core/src/result.rs:1867:5
       3: core::result::Result<T,E>::expect
                 at /rustc/e408947bfd200af42db322daf0fadfe7e26d3bd1/library/core/src/result.rs:1185:23
       4: fq::tests::tls_api::retry
                 at ./src/tests/tls_api.rs:7008:35
       5: fq::tests::tls_api::retry::{{closure}}
                 at ./src/tests/tls_api.rs:7007:11
       6: core::ops::function::FnOnce::call_once
                 at /rustc/e408947bfd200af42db322daf0fadfe7e26d3bd1/library/core/src/ops/function.rs:250:5
       7: core::ops::function::FnOnce::call_once
                 at /rustc/e408947bfd200af42db322daf0fadfe7e26d3bd1/library/core/src/ops/function.rs:250:5
    note: Some details are omitted, run with `RUST_BACKTRACE=full` for a verbose backtrace.

        PASS [   0.018s] (640/744) fq tests::tls_api::retry_token_valid
        FAIL [   0.111s] (641/744) fq tests::tls_api::retry_large
  stdout ───

    running 1 test
    test tests::tls_api::retry_large ... FAILED

    failures:

    failures:
        tests::tls_api::retry_large

    test result: FAILED. 0 passed; 1 failed; 0 ignored; 0 measured; 743 filtered out; finished in 0.10s

  stderr ───

    thread 'tests::tls_api::retry_large' (25983) panicked at src/tests/tls_api.rs:7069:33:
    retry_large: Generic
    stack backtrace:
       0: __rustc::rust_begin_unwind
                 at /rustc/e408947bfd200af42db322daf0fadfe7e26d3bd1/library/std/src/panicking.rs:689:5
       1: core::panicking::panic_fmt
                 at /rustc/e408947bfd200af42db322daf0fadfe7e26d3bd1/library/core/src/panicking.rs:80:14
       2: core::result::unwrap_failed
                 at /rustc/e408947bfd200af42db322daf0fadfe7e26d3bd1/library/core/src/result.rs:1867:5
       3: core::result::Result<T,E>::expect
                 at /rustc/e408947bfd200af42db322daf0fadfe7e26d3bd1/library/core/src/result.rs:1185:23
       4: fq::tests::tls_api::retry_large
                 at ./src/tests/tls_api.rs:7069:33
       5: fq::tests::tls_api::retry_large::{{closure}}
                 at ./src/tests/tls_api.rs:7068:17
       6: core::ops::function::FnOnce::call_once
                 at /rustc/e408947bfd200af42db322daf0fadfe7e26d3bd1/library/core/src/ops/function.rs:250:5
       7: core::ops::function::FnOnce::call_once
                 at /rustc/e408947bfd200af42db322daf0fadfe7e26d3bd1/library/core/src/ops/function.rs:250:5
    note: Some details are omitted, run with `RUST_BACKTRACE=full` for a verbose backtrace.

        FAIL [   0.119s] (642/744) fq tests::tls_api::retry_token
  stdout ───

    running 1 test
    test tests::tls_api::retry_token ... FAILED

    failures:

    failures:
        tests::tls_api::retry_token

    test result: FAILED. 0 passed; 1 failed; 0 ignored; 0 measured; 743 filtered out; finished in 0.10s

  stderr ───

    thread 'tests::tls_api::retry_token' (25985) panicked at src/tests/tls_api.rs:7078:40:
    retry_token retry-required: Generic
    stack backtrace:
       0: __rustc::rust_begin_unwind
                 at /rustc/e408947bfd200af42db322daf0fadfe7e26d3bd1/library/std/src/panicking.rs:689:5
       1: core::panicking::panic_fmt
                 at /rustc/e408947bfd200af42db322daf0fadfe7e26d3bd1/library/core/src/panicking.rs:80:14
       2: core::result::unwrap_failed
                 at /rustc/e408947bfd200af42db322daf0fadfe7e26d3bd1/library/core/src/result.rs:1867:5
       3: core::result::Result<T,E>::expect
                 at /rustc/e408947bfd200af42db322daf0fadfe7e26d3bd1/library/core/src/result.rs:1185:23
       4: fq::tests::tls_api::retry_token
                 at ./src/tests/tls_api.rs:7078:40
       5: fq::tests::tls_api::retry_token::{{closure}}
                 at ./src/tests/tls_api.rs:7077:17
       6: core::ops::function::FnOnce::call_once
                 at /rustc/e408947bfd200af42db322daf0fadfe7e26d3bd1/library/core/src/ops/function.rs:250:5
       7: core::ops::function::FnOnce::call_once
                 at /rustc/e408947bfd200af42db322daf0fadfe7e26d3bd1/library/core/src/ops/function.rs:250:5
    note: Some details are omitted, run with `RUST_BACKTRACE=full` for a verbose backtrace.

        FAIL [   0.131s] (643/744) fq tests::tls_api::second_loss
  stdout ───

    running 1 test
    test tests::tls_api::second_loss ... FAILED

    failures:

    failures:
        tests::tls_api::second_loss

    test result: FAILED. 0 passed; 1 failed; 0 ignored; 0 measured; 743 filtered out; finished in 0.11s

  stderr ───

    thread 'tests::tls_api::second_loss' (25989) panicked at src/tests/tls_api.rs:7261:26:
    second_loss: Generic
    stack backtrace:
       0: __rustc::rust_begin_unwind
                 at /rustc/e408947bfd200af42db322daf0fadfe7e26d3bd1/library/std/src/panicking.rs:689:5
       1: core::panicking::panic_fmt
                 at /rustc/e408947bfd200af42db322daf0fadfe7e26d3bd1/library/core/src/panicking.rs:80:14
       2: core::result::unwrap_failed
                 at /rustc/e408947bfd200af42db322daf0fadfe7e26d3bd1/library/core/src/result.rs:1867:5
       3: core::result::Result<T,E>::expect
                 at /rustc/e408947bfd200af42db322daf0fadfe7e26d3bd1/library/core/src/result.rs:1185:23
       4: fq::tests::tls_api::second_loss
                 at ./src/tests/tls_api.rs:7261:26
       5: fq::tests::tls_api::second_loss::{{closure}}
                 at ./src/tests/tls_api.rs:7260:17
       6: core::ops::function::FnOnce::call_once
                 at /rustc/e408947bfd200af42db322daf0fadfe7e26d3bd1/library/core/src/ops/function.rs:250:5
       7: core::ops::function::FnOnce::call_once
                 at /rustc/e408947bfd200af42db322daf0fadfe7e26d3bd1/library/core/src/ops/function.rs:250:5
    note: Some details are omitted, run with `RUST_BACKTRACE=full` for a verbose backtrace.

        FAIL [   0.101s] (644/744) fq tests::tls_api::server_busy
  stdout ───

    running 1 test
    test tests::tls_api::server_busy ... FAILED

    failures:

    failures:
        tests::tls_api::server_busy

    test result: FAILED. 0 passed; 1 failed; 0 ignored; 0 measured; 743 filtered out; finished in 0.08s

  stderr ───

    thread 'tests::tls_api::server_busy' (25991) panicked at src/tests/tls_api.rs:7288:5:
    assertion `left == right` failed: client state ClientInit, remote error 0
      left: ClientInit
     right: Disconnected
    stack backtrace:
       0: __rustc::rust_begin_unwind
                 at /rustc/e408947bfd200af42db322daf0fadfe7e26d3bd1/library/std/src/panicking.rs:689:5
       1: core::panicking::panic_fmt
                 at /rustc/e408947bfd200af42db322daf0fadfe7e26d3bd1/library/core/src/panicking.rs:80:14
       2: core::panicking::assert_failed_inner
                 at /rustc/e408947bfd200af42db322daf0fadfe7e26d3bd1/library/core/src/panicking.rs:434:23
       3: core::panicking::assert_failed
                 at /rustc/e408947bfd200af42db322daf0fadfe7e26d3bd1/library/core/src/panicking.rs:394:5
       4: fq::tests::tls_api::server_busy
                 at ./src/tests/tls_api.rs:7288:5
       5: fq::tests::tls_api::server_busy::{{closure}}
                 at ./src/tests/tls_api.rs:7269:17
       6: core::ops::function::FnOnce::call_once
                 at /rustc/e408947bfd200af42db322daf0fadfe7e26d3bd1/library/core/src/ops/function.rs:250:5
       7: core::ops::function::FnOnce::call_once
                 at /rustc/e408947bfd200af42db322daf0fadfe7e26d3bd1/library/core/src/ops/function.rs:250:5
    note: Some details are omitted, run with `RUST_BACKTRACE=full` for a verbose backtrace.

        FAIL [   0.122s] (645/744) fq tests::tls_api::server_losses
  stdout ───

    running 1 test
    test tests::tls_api::server_losses ... FAILED

    failures:

    failures:
        tests::tls_api::server_losses

    test result: FAILED. 0 passed; 1 failed; 0 ignored; 0 measured; 743 filtered out; finished in 0.11s

  stderr ───

    thread 'tests::tls_api::server_losses' (25993) panicked at src/tests/tls_api.rs:7346:26:
    server_losses: Generic
    stack backtrace:
       0: __rustc::rust_begin_unwind
                 at /rustc/e408947bfd200af42db322daf0fadfe7e26d3bd1/library/std/src/panicking.rs:689:5
       1: core::panicking::panic_fmt
                 at /rustc/e408947bfd200af42db322daf0fadfe7e26d3bd1/library/core/src/panicking.rs:80:14
       2: core::result::unwrap_failed
                 at /rustc/e408947bfd200af42db322daf0fadfe7e26d3bd1/library/core/src/result.rs:1867:5
       3: core::result::Result<T,E>::expect
                 at /rustc/e408947bfd200af42db322daf0fadfe7e26d3bd1/library/core/src/result.rs:1185:23
       4: fq::tests::tls_api::server_losses
                 at ./src/tests/tls_api.rs:7346:26
       5: fq::tests::tls_api::server_losses::{{closure}}
                 at ./src/tests/tls_api.rs:7345:19
       6: core::ops::function::FnOnce::call_once
                 at /rustc/e408947bfd200af42db322daf0fadfe7e26d3bd1/library/core/src/ops/function.rs:250:5
       7: core::ops::function::FnOnce::call_once
                 at /rustc/e408947bfd200af42db322daf0fadfe7e26d3bd1/library/core/src/ops/function.rs:250:5
    note: Some details are omitted, run with `RUST_BACKTRACE=full` for a verbose backtrace.

        FAIL [   0.101s] (646/744) fq tests::tls_api::set_certificate_and_key
  stdout ───

    running 1 test
    test tests::tls_api::set_certificate_and_key ... FAILED

    failures:

    failures:
        tests::tls_api::set_certificate_and_key

    test result: FAILED. 0 passed; 1 failed; 0 ignored; 0 measured; 743 filtered out; finished in 0.09s

  stderr ───

    thread 'tests::tls_api::set_certificate_and_key' (25997) panicked at src/tests/tls_api.rs:7454:5:
    client did not reach ready state: client=Some(ClientInit) server=None
    stack backtrace:
       0: __rustc::rust_begin_unwind
                 at /rustc/e408947bfd200af42db322daf0fadfe7e26d3bd1/library/std/src/panicking.rs:689:5
       1: core::panicking::panic_fmt
                 at /rustc/e408947bfd200af42db322daf0fadfe7e26d3bd1/library/core/src/panicking.rs:80:14
       2: fq::tests::tls_api::set_certificate_and_key
                 at ./src/tests/tls_api.rs:7454:5
       3: fq::tests::tls_api::set_certificate_and_key::{{closure}}
                 at ./src/tests/tls_api.rs:7401:29
       4: core::ops::function::FnOnce::call_once
                 at /rustc/e408947bfd200af42db322daf0fadfe7e26d3bd1/library/core/src/ops/function.rs:250:5
       5: core::ops::function::FnOnce::call_once
                 at /rustc/e408947bfd200af42db322daf0fadfe7e26d3bd1/library/core/src/ops/function.rs:250:5
    note: Some details are omitted, run with `RUST_BACKTRACE=full` for a verbose backtrace.

        FAIL [   0.130s] (647/744) fq tests::tls_api::session_resume
  stdout ───

    running 1 test
    test tests::tls_api::session_resume ... FAILED

    failures:

    failures:
        tests::tls_api::session_resume

    test result: FAILED. 0 passed; 1 failed; 0 ignored; 0 measured; 743 filtered out; finished in 0.11s

  stderr ───

    thread 'tests::tls_api::session_resume' (25995) panicked at src/tests/tls_api.rs:7383:74:
    close: Generic
    stack backtrace:
       0: __rustc::rust_begin_unwind
                 at /rustc/e408947bfd200af42db322daf0fadfe7e26d3bd1/library/std/src/panicking.rs:689:5
       1: core::panicking::panic_fmt
                 at /rustc/e408947bfd200af42db322daf0fadfe7e26d3bd1/library/core/src/panicking.rs:80:14
       2: core::result::unwrap_failed
                 at /rustc/e408947bfd200af42db322daf0fadfe7e26d3bd1/library/core/src/result.rs:1867:5
       3: core::result::Result<T,E>::expect
                 at /rustc/e408947bfd200af42db322daf0fadfe7e26d3bd1/library/core/src/result.rs:1185:23
       4: fq::tests::tls_api::session_resume
                 at ./src/tests/tls_api.rs:7383:74
       5: fq::tests::tls_api::session_resume::{{closure}}
                 at ./src/tests/tls_api.rs:7354:20
       6: core::ops::function::FnOnce::call_once
                 at /rustc/e408947bfd200af42db322daf0fadfe7e26d3bd1/library/core/src/ops/function.rs:250:5
       7: core::ops::function::FnOnce::call_once
                 at /rustc/e408947bfd200af42db322daf0fadfe7e26d3bd1/library/core/src/ops/function.rs:250:5
    note: Some details are omitted, run with `RUST_BACKTRACE=full` for a verbose backtrace.

        FAIL [   0.106s] (648/744) fq tests::tls_api::set_verify_certificate_callback_test
  stdout ───

    running 1 test
    test tests::tls_api::set_verify_certificate_callback_test ... FAILED

    failures:

    failures:
        tests::tls_api::set_verify_certificate_callback_test

    test result: FAILED. 0 passed; 1 failed; 0 ignored; 0 measured; 743 filtered out; finished in 0.09s

  stderr ───

    thread 'tests::tls_api::set_verify_certificate_callback_test' (25999) panicked at src/tests/util.rs:7097:5:
    client was not ready after mTLS client-auth loop
    stack backtrace:
       0: __rustc::rust_begin_unwind
                 at /rustc/e408947bfd200af42db322daf0fadfe7e26d3bd1/library/std/src/panicking.rs:689:5
       1: core::panicking::panic_fmt
                 at /rustc/e408947bfd200af42db322daf0fadfe7e26d3bd1/library/core/src/panicking.rs:80:14
       2: fq::tests::util::request_client_authentication_test_one
                 at ./src/tests/util.rs:7097:5
       3: fq::tests::tls_api::set_verify_certificate_callback_test
                 at ./src/tests/tls_api.rs:7469:5
       4: fq::tests::tls_api::set_verify_certificate_callback_test::{{closure}}
                 at ./src/tests/tls_api.rs:7468:42
       5: core::ops::function::FnOnce::call_once
                 at /rustc/e408947bfd200af42db322daf0fadfe7e26d3bd1/library/core/src/ops/function.rs:250:5
       6: core::ops::function::FnOnce::call_once
                 at /rustc/e408947bfd200af42db322daf0fadfe7e26d3bd1/library/core/src/ops/function.rs:250:5
    note: Some details are omitted, run with `RUST_BACKTRACE=full` for a verbose backtrace.

        FAIL [   0.118s] (649/744) fq tests::tls_api::sh_loss
  stdout ───

    running 1 test
    test tests::tls_api::sh_loss ... FAILED

    failures:

    failures:
        tests::tls_api::sh_loss

    test result: FAILED. 0 passed; 1 failed; 0 ignored; 0 measured; 743 filtered out; finished in 0.10s

  stderr ───

    thread 'tests::tls_api::sh_loss' (26001) panicked at src/tests/tls_api.rs:1027:27:
    sh_loss: Generic
    stack backtrace:
       0: __rustc::rust_begin_unwind
                 at /rustc/e408947bfd200af42db322daf0fadfe7e26d3bd1/library/std/src/panicking.rs:689:5
       1: core::panicking::panic_fmt
                 at /rustc/e408947bfd200af42db322daf0fadfe7e26d3bd1/library/core/src/panicking.rs:80:14
       2: core::result::unwrap_failed
                 at /rustc/e408947bfd200af42db322daf0fadfe7e26d3bd1/library/core/src/result.rs:1867:5
       3: core::result::Result<T,E>::expect
                 at /rustc/e408947bfd200af42db322daf0fadfe7e26d3bd1/library/core/src/result.rs:1185:23
       4: fq::tests::tls_api::sh_loss
                 at ./src/tests/tls_api.rs:1027:27
       5: fq::tests::tls_api::sh_loss::{{closure}}
                 at ./src/tests/tls_api.rs:1026:13
       6: core::ops::function::FnOnce::call_once
                 at /rustc/e408947bfd200af42db322daf0fadfe7e26d3bd1/library/core/src/ops/function.rs:250:5
       7: core::ops::function::FnOnce::call_once
                 at /rustc/e408947bfd200af42db322daf0fadfe7e26d3bd1/library/core/src/ops/function.rs:250:5
    note: Some details are omitted, run with `RUST_BACKTRACE=full` for a verbose backtrace.

        FAIL [   0.115s] (650/744) fq tests::tls_api::short_initial_cid
  stdout ───

    running 1 test
    test tests::tls_api::short_initial_cid ... FAILED

    failures:

    failures:
        tests::tls_api::short_initial_cid

    test result: FAILED. 0 passed; 1 failed; 0 ignored; 0 measured; 743 filtered out; finished in 0.10s

  stderr ───

    thread 'tests::tls_api::short_initial_cid' (26003) panicked at src/tests/tls_api.rs:7487:33:
    short_initial_cid(8): Generic
    stack backtrace:
       0: __rustc::rust_begin_unwind
                 at /rustc/e408947bfd200af42db322daf0fadfe7e26d3bd1/library/std/src/panicking.rs:689:5
       1: core::panicking::panic_fmt
                 at /rustc/e408947bfd200af42db322daf0fadfe7e26d3bd1/library/core/src/panicking.rs:80:14
       2: fq::tests::tls_api::short_initial_cid::{{closure}}
                 at ./src/tests/tls_api.rs:7487:33
       3: core::result::Result<T,E>::unwrap_or_else
                 at /rustc/e408947bfd200af42db322daf0fadfe7e26d3bd1/library/core/src/result.rs:1622:23
       4: fq::tests::tls_api::short_initial_cid
                 at ./src/tests/tls_api.rs:7487:14
       5: fq::tests::tls_api::short_initial_cid::{{closure}}
                 at ./src/tests/tls_api.rs:7484:23
       6: core::ops::function::FnOnce::call_once
                 at /rustc/e408947bfd200af42db322daf0fadfe7e26d3bd1/library/core/src/ops/function.rs:250:5
       7: core::ops::function::FnOnce::call_once
                 at /rustc/e408947bfd200af42db322daf0fadfe7e26d3bd1/library/core/src/ops/function.rs:250:5
    note: Some details are omitted, run with `RUST_BACKTRACE=full` for a verbose backtrace.

        FAIL [   0.120s] (651/744) fq tests::tls_api::silence_test
  stdout ───

    running 1 test
    test tests::tls_api::silence_test ... FAILED

    failures:

    failures:
        tests::tls_api::silence_test

    test result: FAILED. 0 passed; 1 failed; 0 ignored; 0 measured; 743 filtered out; finished in 0.10s

  stderr ───

    thread 'tests::tls_api::silence_test' (26005) panicked at src/tests/tls_api.rs:7516:70:
    close: Generic
    stack backtrace:
       0: __rustc::rust_begin_unwind
                 at /rustc/e408947bfd200af42db322daf0fadfe7e26d3bd1/library/std/src/panicking.rs:689:5
       1: core::panicking::panic_fmt
                 at /rustc/e408947bfd200af42db322daf0fadfe7e26d3bd1/library/core/src/panicking.rs:80:14
       2: core::result::unwrap_failed
                 at /rustc/e408947bfd200af42db322daf0fadfe7e26d3bd1/library/core/src/result.rs:1867:5
       3: core::result::Result<T,E>::expect
                 at /rustc/e408947bfd200af42db322daf0fadfe7e26d3bd1/library/core/src/result.rs:1185:23
       4: fq::tests::tls_api::silence_test
                 at ./src/tests/tls_api.rs:7516:70
       5: fq::tests::tls_api::silence_test::{{closure}}
                 at ./src/tests/tls_api.rs:7496:18
       6: core::ops::function::FnOnce::call_once
                 at /rustc/e408947bfd200af42db322daf0fadfe7e26d3bd1/library/core/src/ops/function.rs:250:5
       7: core::ops::function::FnOnce::call_once
                 at /rustc/e408947bfd200af42db322daf0fadfe7e26d3bd1/library/core/src/ops/function.rs:250:5
    note: Some details are omitted, run with `RUST_BACKTRACE=full` for a verbose backtrace.

        FAIL [   0.123s] (652/744) fq tests::tls_api::spurious_retransmit
  stdout ───

    running 1 test
    test tests::tls_api::spurious_retransmit ... FAILED

    failures:

    failures:
        tests::tls_api::spurious_retransmit

    test result: FAILED. 0 passed; 1 failed; 0 ignored; 0 measured; 743 filtered out; finished in 0.11s

  stderr ───

    thread 'tests::tls_api::spurious_retransmit' (26007) panicked at src/tests/tls_api.rs:7561:70:
    close: Generic
    stack backtrace:
       0: __rustc::rust_begin_unwind
                 at /rustc/e408947bfd200af42db322daf0fadfe7e26d3bd1/library/std/src/panicking.rs:689:5
       1: core::panicking::panic_fmt
                 at /rustc/e408947bfd200af42db322daf0fadfe7e26d3bd1/library/core/src/panicking.rs:80:14
       2: core::result::unwrap_failed
                 at /rustc/e408947bfd200af42db322daf0fadfe7e26d3bd1/library/core/src/result.rs:1867:5
       3: core::result::Result<T,E>::expect
                 at /rustc/e408947bfd200af42db322daf0fadfe7e26d3bd1/library/core/src/result.rs:1185:23
       4: fq::tests::tls_api::spurious_retransmit
                 at ./src/tests/tls_api.rs:7561:70
       5: fq::tests::tls_api::spurious_retransmit::{{closure}}
                 at ./src/tests/tls_api.rs:7538:25
       6: core::ops::function::FnOnce::call_once
                 at /rustc/e408947bfd200af42db322daf0fadfe7e26d3bd1/library/core/src/ops/function.rs:250:5
       7: core::ops::function::FnOnce::call_once
                 at /rustc/e408947bfd200af42db322daf0fadfe7e26d3bd1/library/core/src/ops/function.rs:250:5
    note: Some details are omitted, run with `RUST_BACKTRACE=full` for a verbose backtrace.

        FAIL [   0.109s] (653/744) fq tests::tls_api::stateless_blowback
  stdout ───

    running 1 test
    test tests::tls_api::stateless_blowback ... FAILED

    failures:

    failures:
        tests::tls_api::stateless_blowback

    test result: FAILED. 0 passed; 1 failed; 0 ignored; 0 measured; 743 filtered out; finished in 0.09s

  stderr ───

    thread 'tests::tls_api::stateless_blowback' (26009) panicked at src/tests/tls_api.rs:7603:5:
    first stateless reset was not sent at T=0
    stack backtrace:
       0: __rustc::rust_begin_unwind
                 at /rustc/e408947bfd200af42db322daf0fadfe7e26d3bd1/library/std/src/panicking.rs:689:5
       1: core::panicking::panic_fmt
                 at /rustc/e408947bfd200af42db322daf0fadfe7e26d3bd1/library/core/src/panicking.rs:80:14
       2: fq::tests::tls_api::stateless_blowback
                 at ./src/tests/tls_api.rs:7603:5
       3: fq::tests::tls_api::stateless_blowback::{{closure}}
                 at ./src/tests/tls_api.rs:7590:24
       4: core::ops::function::FnOnce::call_once
                 at /rustc/e408947bfd200af42db322daf0fadfe7e26d3bd1/library/core/src/ops/function.rs:250:5
       5: core::ops::function::FnOnce::call_once
                 at /rustc/e408947bfd200af42db322daf0fadfe7e26d3bd1/library/core/src/ops/function.rs:250:5
    note: Some details are omitted, run with `RUST_BACKTRACE=full` for a verbose backtrace.

        FAIL [   0.103s] (654/744) fq tests::tls_api::stateless_reset
  stdout ───

    running 1 test
    test tests::tls_api::stateless_reset ... FAILED

    failures:

    failures:
        tests::tls_api::stateless_reset

    test result: FAILED. 0 passed; 1 failed; 0 ignored; 0 measured; 743 filtered out; finished in 0.09s

  stderr ───

    thread 'tests::tls_api::stateless_reset' (26011) panicked at src/tests/tls_api.rs:7705:70:
    client ready: Generic
    stack backtrace:
       0: __rustc::rust_begin_unwind
                 at /rustc/e408947bfd200af42db322daf0fadfe7e26d3bd1/library/std/src/panicking.rs:689:5
       1: core::panicking::panic_fmt
                 at /rustc/e408947bfd200af42db322daf0fadfe7e26d3bd1/library/core/src/panicking.rs:80:14
       2: core::result::unwrap_failed
                 at /rustc/e408947bfd200af42db322daf0fadfe7e26d3bd1/library/core/src/result.rs:1867:5
       3: core::result::Result<T,E>::expect
                 at /rustc/e408947bfd200af42db322daf0fadfe7e26d3bd1/library/core/src/result.rs:1185:23
       4: fq::tests::tls_api::stateless_reset
                 at ./src/tests/tls_api.rs:7705:70
       5: fq::tests::tls_api::stateless_reset::{{closure}}
                 at ./src/tests/tls_api.rs:7678:21
       6: core::ops::function::FnOnce::call_once
                 at /rustc/e408947bfd200af42db322daf0fadfe7e26d3bd1/library/core/src/ops/function.rs:250:5
       7: core::ops::function::FnOnce::call_once
                 at /rustc/e408947bfd200af42db322daf0fadfe7e26d3bd1/library/core/src/ops/function.rs:250:5
    note: Some details are omitted, run with `RUST_BACKTRACE=full` for a verbose backtrace.

        FAIL [   0.098s] (655/744) fq tests::tls_api::stateless_reset_client
  stdout ───

    running 1 test
    test tests::tls_api::stateless_reset_client ... FAILED

    failures:

    failures:
        tests::tls_api::stateless_reset_client

    test result: FAILED. 0 passed; 1 failed; 0 ignored; 0 measured; 743 filtered out; finished in 0.08s

  stderr ───

    thread 'tests::tls_api::stateless_reset_client' (26015) panicked at src/tests/tls_api.rs:7827:5:
    server connection was not accepted after connection loop
    stack backtrace:
       0: __rustc::rust_begin_unwind
                 at /rustc/e408947bfd200af42db322daf0fadfe7e26d3bd1/library/std/src/panicking.rs:689:5
       1: core::panicking::panic_fmt
                 at /rustc/e408947bfd200af42db322daf0fadfe7e26d3bd1/library/core/src/panicking.rs:80:14
       2: fq::tests::tls_api::stateless_reset_client
                 at ./src/tests/tls_api.rs:7827:5
       3: fq::tests::tls_api::stateless_reset_client::{{closure}}
                 at ./src/tests/tls_api.rs:7820:28
       4: core::ops::function::FnOnce::call_once
                 at /rustc/e408947bfd200af42db322daf0fadfe7e26d3bd1/library/core/src/ops/function.rs:250:5
       5: core::ops::function::FnOnce::call_once
                 at /rustc/e408947bfd200af42db322daf0fadfe7e26d3bd1/library/core/src/ops/function.rs:250:5
    note: Some details are omitted, run with `RUST_BACKTRACE=full` for a verbose backtrace.

        FAIL [   0.109s] (656/744) fq tests::tls_api::stateless_reset_bad
  stdout ───

    running 1 test
    test tests::tls_api::stateless_reset_bad ... FAILED

    failures:

    failures:
        tests::tls_api::stateless_reset_bad

    test result: FAILED. 0 passed; 1 failed; 0 ignored; 0 measured; 743 filtered out; finished in 0.09s

  stderr ───

    thread 'tests::tls_api::stateless_reset_bad' (26014) panicked at src/tests/tls_api.rs:7809:5:
    client did not remain ready after bogus stateless reset
    stack backtrace:
       0: __rustc::rust_begin_unwind
                 at /rustc/e408947bfd200af42db322daf0fadfe7e26d3bd1/library/std/src/panicking.rs:689:5
       1: core::panicking::panic_fmt
                 at /rustc/e408947bfd200af42db322daf0fadfe7e26d3bd1/library/core/src/panicking.rs:80:14
       2: fq::tests::tls_api::stateless_reset_bad
                 at ./src/tests/tls_api.rs:7809:5
       3: fq::tests::tls_api::stateless_reset_bad::{{closure}}
                 at ./src/tests/tls_api.rs:7779:25
       4: core::ops::function::FnOnce::call_once
                 at /rustc/e408947bfd200af42db322daf0fadfe7e26d3bd1/library/core/src/ops/function.rs:250:5
       5: core::ops::function::FnOnce::call_once
                 at /rustc/e408947bfd200af42db322daf0fadfe7e26d3bd1/library/core/src/ops/function.rs:250:5
    note: Some details are omitted, run with `RUST_BACKTRACE=full` for a verbose backtrace.

        FAIL [   0.102s] (657/744) fq tests::tls_api::stateless_reset_handshake
  stdout ───

    running 1 test
    test tests::tls_api::stateless_reset_handshake ... FAILED

    failures:

    failures:
        tests::tls_api::stateless_reset_handshake

    test result: FAILED. 0 passed; 1 failed; 0 ignored; 0 measured; 743 filtered out; finished in 0.09s

  stderr ───

    thread 'tests::tls_api::stateless_reset_handshake' (26017) panicked at src/tests/util.rs:912:14:
    server connection not yet accepted
    stack backtrace:
       0: __rustc::rust_begin_unwind
                 at /rustc/e408947bfd200af42db322daf0fadfe7e26d3bd1/library/std/src/panicking.rs:689:5
       1: core::panicking::panic_fmt
                 at /rustc/e408947bfd200af42db322daf0fadfe7e26d3bd1/library/core/src/panicking.rs:80:14
       2: core::panicking::panic_display
                 at /rustc/e408947bfd200af42db322daf0fadfe7e26d3bd1/library/core/src/panicking.rs:259:5
       3: core::option::expect_failed
                 at /rustc/e408947bfd200af42db322daf0fadfe7e26d3bd1/library/core/src/option.rs:2208:5
       4: core::option::Option<T>::expect
                 at /rustc/e408947bfd200af42db322daf0fadfe7e26d3bd1/library/core/src/option.rs:971:21
       5: fq::tests::util::TestTlsApiCtx::cnx_server
                 at ./src/tests/util.rs:912:14
       6: fq::tests::tls_api::stateless_reset_handshake
                 at ./src/tests/tls_api.rs:7884:31
       7: fq::tests::tls_api::stateless_reset_handshake::{{closure}}
                 at ./src/tests/tls_api.rs:7875:31
       8: core::ops::function::FnOnce::call_once
                 at /rustc/e408947bfd200af42db322daf0fadfe7e26d3bd1/library/core/src/ops/function.rs:250:5
       9: core::ops::function::FnOnce::call_once
                 at /rustc/e408947bfd200af42db322daf0fadfe7e26d3bd1/library/core/src/ops/function.rs:250:5
    note: Some details are omitted, run with `RUST_BACKTRACE=full` for a verbose backtrace.

        FAIL [   0.100s] (658/744) fq tests::tls_api::stop_sending
  stdout ───

    running 1 test
    test tests::tls_api::stop_sending ... FAILED

    failures:

    failures:
        tests::tls_api::stop_sending

    test result: FAILED. 0 passed; 1 failed; 0 ignored; 0 measured; 743 filtered out; finished in 0.08s

  stderr ───

    thread 'tests::tls_api::stop_sending' (26019) panicked at src/tests/tls_api.rs:7957:41:
    stop_sending: Generic
    stack backtrace:
       0: __rustc::rust_begin_unwind
                 at /rustc/e408947bfd200af42db322daf0fadfe7e26d3bd1/library/std/src/panicking.rs:689:5
       1: core::panicking::panic_fmt
                 at /rustc/e408947bfd200af42db322daf0fadfe7e26d3bd1/library/core/src/panicking.rs:80:14
       2: core::result::unwrap_failed
                 at /rustc/e408947bfd200af42db322daf0fadfe7e26d3bd1/library/core/src/result.rs:1867:5
       3: core::result::Result<T,E>::expect
                 at /rustc/e408947bfd200af42db322daf0fadfe7e26d3bd1/library/core/src/result.rs:1185:23
       4: fq::tests::tls_api::stop_sending
                 at ./src/tests/tls_api.rs:7957:41
       5: fq::tests::tls_api::stop_sending::{{closure}}
                 at ./src/tests/tls_api.rs:7956:18
       6: core::ops::function::FnOnce::call_once
                 at /rustc/e408947bfd200af42db322daf0fadfe7e26d3bd1/library/core/src/ops/function.rs:250:5
       7: core::ops::function::FnOnce::call_once
                 at /rustc/e408947bfd200af42db322daf0fadfe7e26d3bd1/library/core/src/ops/function.rs:250:5
    note: Some details are omitted, run with `RUST_BACKTRACE=full` for a verbose backtrace.

        FAIL [   0.110s] (659/744) fq tests::tls_api::stop_sending_loss
  stdout ───

    running 1 test
    test tests::tls_api::stop_sending_loss ... FAILED

    failures:

    failures:
        tests::tls_api::stop_sending_loss

    test result: FAILED. 0 passed; 1 failed; 0 ignored; 0 measured; 743 filtered out; finished in 0.09s

  stderr ───

    thread 'tests::tls_api::stop_sending_loss' (26021) panicked at src/tests/tls_api.rs:7965:40:
    stop_sending_loss: Generic
    stack backtrace:
       0: __rustc::rust_begin_unwind
                 at /rustc/e408947bfd200af42db322daf0fadfe7e26d3bd1/library/std/src/panicking.rs:689:5
       1: core::panicking::panic_fmt
                 at /rustc/e408947bfd200af42db322daf0fadfe7e26d3bd1/library/core/src/panicking.rs:80:14
       2: core::result::unwrap_failed
                 at /rustc/e408947bfd200af42db322daf0fadfe7e26d3bd1/library/core/src/result.rs:1867:5
       3: core::result::Result<T,E>::expect
                 at /rustc/e408947bfd200af42db322daf0fadfe7e26d3bd1/library/core/src/result.rs:1185:23
       4: fq::tests::tls_api::stop_sending_loss
                 at ./src/tests/tls_api.rs:7965:40
       5: fq::tests::tls_api::stop_sending_loss::{{closure}}
                 at ./src/tests/tls_api.rs:7964:23
       6: core::ops::function::FnOnce::call_once
                 at /rustc/e408947bfd200af42db322daf0fadfe7e26d3bd1/library/core/src/ops/function.rs:250:5
       7: core::ops::function::FnOnce::call_once
                 at /rustc/e408947bfd200af42db322daf0fadfe7e26d3bd1/library/core/src/ops/function.rs:250:5
    note: Some details are omitted, run with `RUST_BACKTRACE=full` for a verbose backtrace.

        PASS [   0.011s] (660/744) fq tests::tls_api::tls_api_alpn
        PASS [   0.011s] (661/744) fq tests::tls_api::tls_api_connect
        FAIL [   0.104s] (662/744) fq tests::tls_api::stream_id_max
  stdout ───

    running 1 test
    test tests::tls_api::stream_id_max ... FAILED

    failures:

    failures:
        tests::tls_api::stream_id_max

    test result: FAILED. 0 passed; 1 failed; 0 ignored; 0 measured; 743 filtered out; finished in 0.09s

  stderr ───

    thread 'tests::tls_api::stream_id_max' (26023) panicked at src/tests/tls_api.rs:7997:6:
    stream_id_max: Generic
    stack backtrace:
       0: __rustc::rust_begin_unwind
                 at /rustc/e408947bfd200af42db322daf0fadfe7e26d3bd1/library/std/src/panicking.rs:689:5
       1: core::panicking::panic_fmt
                 at /rustc/e408947bfd200af42db322daf0fadfe7e26d3bd1/library/core/src/panicking.rs:80:14
       2: core::result::unwrap_failed
                 at /rustc/e408947bfd200af42db322daf0fadfe7e26d3bd1/library/core/src/result.rs:1867:5
       3: core::result::Result<T,E>::expect
                 at /rustc/e408947bfd200af42db322daf0fadfe7e26d3bd1/library/core/src/result.rs:1185:23
       4: fq::tests::tls_api::stream_id_max
                 at ./src/tests/tls_api.rs:7997:6
       5: fq::tests::tls_api::stream_id_max::{{closure}}
                 at ./src/tests/tls_api.rs:7973:19
       6: core::ops::function::FnOnce::call_once
                 at /rustc/e408947bfd200af42db322daf0fadfe7e26d3bd1/library/core/src/ops/function.rs:250:5
       7: core::ops::function::FnOnce::call_once
                 at /rustc/e408947bfd200af42db322daf0fadfe7e26d3bd1/library/core/src/ops/function.rs:250:5
    note: Some details are omitted, run with `RUST_BACKTRACE=full` for a verbose backtrace.

        FAIL [   0.110s] (663/744) fq tests::tls_api::tls_api
  stdout ───

    running 1 test
    test tests::tls_api::tls_api ... FAILED

    failures:

    failures:
        tests::tls_api::tls_api

    test result: FAILED. 0 passed; 1 failed; 0 ignored; 0 measured; 743 filtered out; finished in 0.09s

  stderr ───

    thread 'tests::tls_api::tls_api' (26025) panicked at src/tests/tls_api.rs:8027:14:
    server connection not accepted
    stack backtrace:
       0: __rustc::rust_begin_unwind
                 at /rustc/e408947bfd200af42db322daf0fadfe7e26d3bd1/library/std/src/panicking.rs:689:5
       1: core::panicking::panic_fmt
                 at /rustc/e408947bfd200af42db322daf0fadfe7e26d3bd1/library/core/src/panicking.rs:80:14
       2: core::panicking::panic_display
                 at /rustc/e408947bfd200af42db322daf0fadfe7e26d3bd1/library/core/src/panicking.rs:259:5
       3: core::option::expect_failed
                 at /rustc/e408947bfd200af42db322daf0fadfe7e26d3bd1/library/core/src/option.rs:2208:5
       4: core::option::Option<T>::expect
                 at /rustc/e408947bfd200af42db322daf0fadfe7e26d3bd1/library/core/src/option.rs:971:21
       5: fq::tests::tls_api::tls_api
                 at ./src/tests/tls_api.rs:8027:14
       6: fq::tests::tls_api::tls_api::{{closure}}
                 at ./src/tests/tls_api.rs:8004:13
       7: core::ops::function::FnOnce::call_once
                 at /rustc/e408947bfd200af42db322daf0fadfe7e26d3bd1/library/core/src/ops/function.rs:250:5
       8: core::ops::function::FnOnce::call_once
                 at /rustc/e408947bfd200af42db322daf0fadfe7e26d3bd1/library/core/src/ops/function.rs:250:5
    note: Some details are omitted, run with `RUST_BACKTRACE=full` for a verbose backtrace.

        FAIL [   0.099s] (664/744) fq tests::tls_api::tls_api_inject_hs_ack
  stdout ───

    running 1 test
    test tests::tls_api::tls_api_inject_hs_ack ... FAILED

    failures:

    failures:
        tests::tls_api::tls_api_inject_hs_ack

    test result: FAILED. 0 passed; 1 failed; 0 ignored; 0 measured; 743 filtered out; finished in 0.08s

  stderr ───

    thread 'tests::tls_api::tls_api_inject_hs_ack' (26032) panicked at src/tests/tls_api.rs:8069:9:
    client did not derive handshake epoch keys before ACK injection
    stack backtrace:
       0: __rustc::rust_begin_unwind
                 at /rustc/e408947bfd200af42db322daf0fadfe7e26d3bd1/library/std/src/panicking.rs:689:5
       1: core::panicking::panic_fmt
                 at /rustc/e408947bfd200af42db322daf0fadfe7e26d3bd1/library/core/src/panicking.rs:80:14
       2: fq::tests::tls_api::tls_api_inject_hs_ack
                 at ./src/tests/tls_api.rs:8069:9
       3: fq::tests::tls_api::tls_api_inject_hs_ack::{{closure}}
                 at ./src/tests/tls_api.rs:8063:27
       4: core::ops::function::FnOnce::call_once
                 at /rustc/e408947bfd200af42db322daf0fadfe7e26d3bd1/library/core/src/ops/function.rs:250:5
       5: core::ops::function::FnOnce::call_once
                 at /rustc/e408947bfd200af42db322daf0fadfe7e26d3bd1/library/core/src/ops/function.rs:250:5
    note: Some details are omitted, run with `RUST_BACKTRACE=full` for a verbose backtrace.

        FAIL [   0.110s] (665/744) fq tests::tls_api::tls_api_oneway_stream
  stdout ───

    running 1 test
    test tests::tls_api::tls_api_oneway_stream ... FAILED

    failures:

    failures:
        tests::tls_api::tls_api_oneway_stream

    test result: FAILED. 0 passed; 1 failed; 0 ignored; 0 measured; 743 filtered out; finished in 0.09s

  stderr ───

    thread 'tests::tls_api::tls_api_oneway_stream' (26033) panicked at src/tests/tls_api.rs:8107:10:
    oneway_stream: Generic
    stack backtrace:
       0: __rustc::rust_begin_unwind
                 at /rustc/e408947bfd200af42db322daf0fadfe7e26d3bd1/library/std/src/panicking.rs:689:5
       1: core::panicking::panic_fmt
                 at /rustc/e408947bfd200af42db322daf0fadfe7e26d3bd1/library/core/src/panicking.rs:80:14
       2: core::result::unwrap_failed
                 at /rustc/e408947bfd200af42db322daf0fadfe7e26d3bd1/library/core/src/result.rs:1867:5
       3: core::result::Result<T,E>::expect
                 at /rustc/e408947bfd200af42db322daf0fadfe7e26d3bd1/library/core/src/result.rs:1185:23
       4: fq::tests::tls_api::tls_api_oneway_stream
                 at ./src/tests/tls_api.rs:8107:10
       5: fq::tests::tls_api::tls_api_oneway_stream::{{closure}}
                 at ./src/tests/tls_api.rs:8103:27
       6: core::ops::function::FnOnce::call_once
                 at /rustc/e408947bfd200af42db322daf0fadfe7e26d3bd1/library/core/src/ops/function.rs:250:5
       7: core::ops::function::FnOnce::call_once
                 at /rustc/e408947bfd200af42db322daf0fadfe7e26d3bd1/library/core/src/ops/function.rs:250:5
    note: Some details are omitted, run with `RUST_BACKTRACE=full` for a verbose backtrace.

        FAIL [   0.108s] (666/744) fq tests::tls_api::tls_api_q2_and_r2_stream
  stdout ───

    running 1 test
    test tests::tls_api::tls_api_q2_and_r2_stream ... FAILED

    failures:

    failures:
        tests::tls_api::tls_api_q2_and_r2_stream

    test result: FAILED. 0 passed; 1 failed; 0 ignored; 0 measured; 743 filtered out; finished in 0.09s

  stderr ───

    thread 'tests::tls_api::tls_api_q2_and_r2_stream' (26035) panicked at src/tests/tls_api.rs:8127:6:
    q2_and_r2_stream: Generic
    stack backtrace:
       0: __rustc::rust_begin_unwind
                 at /rustc/e408947bfd200af42db322daf0fadfe7e26d3bd1/library/std/src/panicking.rs:689:5
       1: core::panicking::panic_fmt
                 at /rustc/e408947bfd200af42db322daf0fadfe7e26d3bd1/library/core/src/panicking.rs:80:14
       2: core::result::unwrap_failed
                 at /rustc/e408947bfd200af42db322daf0fadfe7e26d3bd1/library/core/src/result.rs:1867:5
       3: core::result::Result<T,E>::expect
                 at /rustc/e408947bfd200af42db322daf0fadfe7e26d3bd1/library/core/src/result.rs:1185:23
       4: fq::tests::tls_api::tls_api_q2_and_r2_stream
                 at ./src/tests/tls_api.rs:8127:6
       5: fq::tests::tls_api::tls_api_q2_and_r2_stream::{{closure}}
                 at ./src/tests/tls_api.rs:8114:30
       6: core::ops::function::FnOnce::call_once
                 at /rustc/e408947bfd200af42db322daf0fadfe7e26d3bd1/library/core/src/ops/function.rs:250:5
       7: core::ops::function::FnOnce::call_once
                 at /rustc/e408947bfd200af42db322daf0fadfe7e26d3bd1/library/core/src/ops/function.rs:250:5
    note: Some details are omitted, run with `RUST_BACKTRACE=full` for a verbose backtrace.

        FAIL [   0.101s] (667/744) fq tests::tls_api::tls_api_q_and_r_stream
  stdout ───

    running 1 test
    test tests::tls_api::tls_api_q_and_r_stream ... FAILED

    failures:

    failures:
        tests::tls_api::tls_api_q_and_r_stream

    test result: FAILED. 0 passed; 1 failed; 0 ignored; 0 measured; 743 filtered out; finished in 0.09s

  stderr ───

    thread 'tests::tls_api::tls_api_q_and_r_stream' (26037) panicked at src/tests/tls_api.rs:8138:10:
    q_and_r_stream: Generic
    stack backtrace:
       0: __rustc::rust_begin_unwind
                 at /rustc/e408947bfd200af42db322daf0fadfe7e26d3bd1/library/std/src/panicking.rs:689:5
       1: core::panicking::panic_fmt
                 at /rustc/e408947bfd200af42db322daf0fadfe7e26d3bd1/library/core/src/panicking.rs:80:14
       2: core::result::unwrap_failed
                 at /rustc/e408947bfd200af42db322daf0fadfe7e26d3bd1/library/core/src/result.rs:1867:5
       3: core::result::Result<T,E>::expect
                 at /rustc/e408947bfd200af42db322daf0fadfe7e26d3bd1/library/core/src/result.rs:1185:23
       4: fq::tests::tls_api::tls_api_q_and_r_stream
                 at ./src/tests/tls_api.rs:8138:10
       5: fq::tests::tls_api::tls_api_q_and_r_stream::{{closure}}
                 at ./src/tests/tls_api.rs:8134:28
       6: core::ops::function::FnOnce::call_once
                 at /rustc/e408947bfd200af42db322daf0fadfe7e26d3bd1/library/core/src/ops/function.rs:250:5
       7: core::ops::function::FnOnce::call_once
                 at /rustc/e408947bfd200af42db322daf0fadfe7e26d3bd1/library/core/src/ops/function.rs:250:5
    note: Some details are omitted, run with `RUST_BACKTRACE=full` for a verbose backtrace.

        FAIL [   0.108s] (668/744) fq tests::tls_api::tls_api_sni
  stdout ───

    running 1 test
    test tests::tls_api::tls_api_sni ... FAILED

    failures:

    failures:
        tests::tls_api::tls_api_sni

    test result: FAILED. 0 passed; 1 failed; 0 ignored; 0 measured; 743 filtered out; finished in 0.09s

  stderr ───

    thread 'tests::tls_api::tls_api_sni' (26039) panicked at src/tests/tls_api.rs:8168:14:
    server connection not accepted
    stack backtrace:
       0: __rustc::rust_begin_unwind
                 at /rustc/e408947bfd200af42db322daf0fadfe7e26d3bd1/library/std/src/panicking.rs:689:5
       1: core::panicking::panic_fmt
                 at /rustc/e408947bfd200af42db322daf0fadfe7e26d3bd1/library/core/src/panicking.rs:80:14
       2: core::panicking::panic_display
                 at /rustc/e408947bfd200af42db322daf0fadfe7e26d3bd1/library/core/src/panicking.rs:259:5
       3: core::option::expect_failed
                 at /rustc/e408947bfd200af42db322daf0fadfe7e26d3bd1/library/core/src/option.rs:2208:5
       4: core::option::Option<T>::expect
                 at /rustc/e408947bfd200af42db322daf0fadfe7e26d3bd1/library/core/src/option.rs:971:21
       5: fq::tests::tls_api::tls_api_sni
                 at ./src/tests/tls_api.rs:8168:14
       6: fq::tests::tls_api::tls_api_sni::{{closure}}
                 at ./src/tests/tls_api.rs:8145:17
       7: core::ops::function::FnOnce::call_once
                 at /rustc/e408947bfd200af42db322daf0fadfe7e26d3bd1/library/core/src/ops/function.rs:250:5
       8: core::ops::function::FnOnce::call_once
                 at /rustc/e408947bfd200af42db322daf0fadfe7e26d3bd1/library/core/src/ops/function.rs:250:5
    note: Some details are omitted, run with `RUST_BACKTRACE=full` for a verbose backtrace.

        FAIL [   0.100s] (669/744) fq tests::tls_api::tls_api_very_long_congestion
  stdout ───

    running 1 test
    test tests::tls_api::tls_api_very_long_congestion ... FAILED

    failures:

    failures:
        tests::tls_api::tls_api_very_long_congestion

    test result: FAILED. 0 passed; 1 failed; 0 ignored; 0 measured; 743 filtered out; finished in 0.08s

  stderr ───

    thread 'tests::tls_api::tls_api_very_long_congestion' (26041) panicked at src/tests/tls_api.rs:8186:52:
    very_long_congestion ready: Generic
    stack backtrace:
       0: __rustc::rust_begin_unwind
                 at /rustc/e408947bfd200af42db322daf0fadfe7e26d3bd1/library/std/src/panicking.rs:689:5
       1: core::panicking::panic_fmt
                 at /rustc/e408947bfd200af42db322daf0fadfe7e26d3bd1/library/core/src/panicking.rs:80:14
       2: core::result::unwrap_failed
                 at /rustc/e408947bfd200af42db322daf0fadfe7e26d3bd1/library/core/src/result.rs:1867:5
       3: core::result::Result<T,E>::expect
                 at /rustc/e408947bfd200af42db322daf0fadfe7e26d3bd1/library/core/src/result.rs:1185:23
       4: fq::tests::tls_api::tls_api_very_long_congestion
                 at ./src/tests/tls_api.rs:8186:52
       5: fq::tests::tls_api::tls_api_very_long_congestion::{{closure}}
                 at ./src/tests/tls_api.rs:8179:34
       6: core::ops::function::FnOnce::call_once
                 at /rustc/e408947bfd200af42db322daf0fadfe7e26d3bd1/library/core/src/ops/function.rs:250:5
       7: core::ops::function::FnOnce::call_once
                 at /rustc/e408947bfd200af42db322daf0fadfe7e26d3bd1/library/core/src/ops/function.rs:250:5
    note: Some details are omitted, run with `RUST_BACKTRACE=full` for a verbose backtrace.

        FAIL [   0.100s] (670/744) fq tests::tls_api::tls_api_very_long_max
  stdout ───

    running 1 test
    test tests::tls_api::tls_api_very_long_max ... FAILED

    failures:

    failures:
        tests::tls_api::tls_api_very_long_max

    test result: FAILED. 0 passed; 1 failed; 0 ignored; 0 measured; 743 filtered out; finished in 0.09s

  stderr ───

    thread 'tests::tls_api::tls_api_very_long_max' (26043) panicked at src/tests/tls_api.rs:8226:6:
    very_long_max: Generic
    stack backtrace:
       0: __rustc::rust_begin_unwind
                 at /rustc/e408947bfd200af42db322daf0fadfe7e26d3bd1/library/std/src/panicking.rs:689:5
       1: core::panicking::panic_fmt
                 at /rustc/e408947bfd200af42db322daf0fadfe7e26d3bd1/library/core/src/panicking.rs:80:14
       2: core::result::unwrap_failed
                 at /rustc/e408947bfd200af42db322daf0fadfe7e26d3bd1/library/core/src/result.rs:1867:5
       3: core::result::Result<T,E>::expect
                 at /rustc/e408947bfd200af42db322daf0fadfe7e26d3bd1/library/core/src/result.rs:1185:23
       4: fq::tests::tls_api::tls_api_very_long_max
                 at ./src/tests/tls_api.rs:8226:6
       5: fq::tests::tls_api::tls_api_very_long_max::{{closure}}
                 at ./src/tests/tls_api.rs:8212:27
       6: core::ops::function::FnOnce::call_once
                 at /rustc/e408947bfd200af42db322daf0fadfe7e26d3bd1/library/core/src/ops/function.rs:250:5
       7: core::ops::function::FnOnce::call_once
                 at /rustc/e408947bfd200af42db322daf0fadfe7e26d3bd1/library/core/src/ops/function.rs:250:5
    note: Some details are omitted, run with `RUST_BACKTRACE=full` for a verbose backtrace.

        FAIL [   0.105s] (671/744) fq tests::tls_api::tls_api_very_long_stream
  stdout ───

    running 1 test
    test tests::tls_api::tls_api_very_long_stream ... FAILED

    failures:

    failures:
        tests::tls_api::tls_api_very_long_stream

    test result: FAILED. 0 passed; 1 failed; 0 ignored; 0 measured; 743 filtered out; finished in 0.09s

  stderr ───

    thread 'tests::tls_api::tls_api_very_long_stream' (26045) panicked at src/tests/tls_api.rs:8246:6:
    very_long_stream: Generic
    stack backtrace:
       0: __rustc::rust_begin_unwind
                 at /rustc/e408947bfd200af42db322daf0fadfe7e26d3bd1/library/std/src/panicking.rs:689:5
       1: core::panicking::panic_fmt
                 at /rustc/e408947bfd200af42db322daf0fadfe7e26d3bd1/library/core/src/panicking.rs:80:14
       2: core::result::unwrap_failed
                 at /rustc/e408947bfd200af42db322daf0fadfe7e26d3bd1/library/core/src/result.rs:1867:5
       3: core::result::Result<T,E>::expect
                 at /rustc/e408947bfd200af42db322daf0fadfe7e26d3bd1/library/core/src/result.rs:1185:23
       4: fq::tests::tls_api::tls_api_very_long_stream
                 at ./src/tests/tls_api.rs:8246:6
       5: fq::tests::tls_api::tls_api_very_long_stream::{{closure}}
                 at ./src/tests/tls_api.rs:8233:30
       6: core::ops::function::FnOnce::call_once
                 at /rustc/e408947bfd200af42db322daf0fadfe7e26d3bd1/library/core/src/ops/function.rs:250:5
       7: core::ops::function::FnOnce::call_once
                 at /rustc/e408947bfd200af42db322daf0fadfe7e26d3bd1/library/core/src/ops/function.rs:250:5
    note: Some details are omitted, run with `RUST_BACKTRACE=full` for a verbose backtrace.

        FAIL [   0.109s] (672/744) fq tests::tls_api::tls_api_very_long_with_err
  stdout ───

    running 1 test
    test tests::tls_api::tls_api_very_long_with_err ... FAILED

    failures:

    failures:
        tests::tls_api::tls_api_very_long_with_err

    test result: FAILED. 0 passed; 1 failed; 0 ignored; 0 measured; 743 filtered out; finished in 0.09s

  stderr ───

    thread 'tests::tls_api::tls_api_very_long_with_err' (26047) panicked at src/tests/tls_api.rs:8261:52:
    very_long_with_err ready: Generic
    stack backtrace:
       0: __rustc::rust_begin_unwind
                 at /rustc/e408947bfd200af42db322daf0fadfe7e26d3bd1/library/std/src/panicking.rs:689:5
       1: core::panicking::panic_fmt
                 at /rustc/e408947bfd200af42db322daf0fadfe7e26d3bd1/library/core/src/panicking.rs:80:14
       2: core::result::unwrap_failed
                 at /rustc/e408947bfd200af42db322daf0fadfe7e26d3bd1/library/core/src/result.rs:1867:5
       3: core::result::Result<T,E>::expect
                 at /rustc/e408947bfd200af42db322daf0fadfe7e26d3bd1/library/core/src/result.rs:1185:23
       4: fq::tests::tls_api::tls_api_very_long_with_err
                 at ./src/tests/tls_api.rs:8261:52
       5: fq::tests::tls_api::tls_api_very_long_with_err::{{closure}}
                 at ./src/tests/tls_api.rs:8254:32
       6: core::ops::function::FnOnce::call_once
                 at /rustc/e408947bfd200af42db322daf0fadfe7e26d3bd1/library/core/src/ops/function.rs:250:5
       7: core::ops::function::FnOnce::call_once
                 at /rustc/e408947bfd200af42db322daf0fadfe7e26d3bd1/library/core/src/ops/function.rs:250:5
    note: Some details are omitted, run with `RUST_BACKTRACE=full` for a verbose backtrace.

        FAIL [   0.101s] (673/744) fq tests::tls_api::tls_api_wrong_alpn
  stdout ───

    running 1 test
    test tests::tls_api::tls_api_wrong_alpn ... FAILED

    failures:

    failures:
        tests::tls_api::tls_api_wrong_alpn

    test result: FAILED. 0 passed; 1 failed; 0 ignored; 0 measured; 743 filtered out; finished in 0.09s

  stderr ───

    thread 'tests::tls_api::tls_api_wrong_alpn' (26049) panicked at src/tests/tls_api.rs:8311:5:
    assertion `left == right` failed: wrong_alpn: client did not disconnect
      left: ClientInit
     right: Disconnected
    stack backtrace:
       0: __rustc::rust_begin_unwind
                 at /rustc/e408947bfd200af42db322daf0fadfe7e26d3bd1/library/std/src/panicking.rs:689:5
       1: core::panicking::panic_fmt
                 at /rustc/e408947bfd200af42db322daf0fadfe7e26d3bd1/library/core/src/panicking.rs:80:14
       2: core::panicking::assert_failed_inner
                 at /rustc/e408947bfd200af42db322daf0fadfe7e26d3bd1/library/core/src/panicking.rs:434:23
       3: core::panicking::assert_failed
                 at /rustc/e408947bfd200af42db322daf0fadfe7e26d3bd1/library/core/src/panicking.rs:394:5
       4: fq::tests::tls_api::tls_api_wrong_alpn
                 at ./src/tests/tls_api.rs:8311:5
       5: fq::tests::tls_api::tls_api_wrong_alpn::{{closure}}
                 at ./src/tests/tls_api.rs:8289:24
       6: core::ops::function::FnOnce::call_once
                 at /rustc/e408947bfd200af42db322daf0fadfe7e26d3bd1/library/core/src/ops/function.rs:250:5
       7: core::ops::function::FnOnce::call_once
                 at /rustc/e408947bfd200af42db322daf0fadfe7e26d3bd1/library/core/src/ops/function.rs:250:5
    note: Some details are omitted, run with `RUST_BACKTRACE=full` for a verbose backtrace.

        FAIL [   0.106s] (674/744) fq tests::tls_api::tls_exporter
  stdout ───

    running 1 test
    test tests::tls_api::tls_exporter ... FAILED

    failures:

    failures:
        tests::tls_api::tls_exporter

    test result: FAILED. 0 passed; 1 failed; 0 ignored; 0 measured; 743 filtered out; finished in 0.09s

  stderr ───

    thread 'tests::tls_api::tls_exporter' (26051) panicked at src/tests/tls_api.rs:8355:10:
    server connection not accepted
    stack backtrace:
       0: __rustc::rust_begin_unwind
                 at /rustc/e408947bfd200af42db322daf0fadfe7e26d3bd1/library/std/src/panicking.rs:689:5
       1: core::panicking::panic_fmt
                 at /rustc/e408947bfd200af42db322daf0fadfe7e26d3bd1/library/core/src/panicking.rs:80:14
       2: core::panicking::panic_display
                 at /rustc/e408947bfd200af42db322daf0fadfe7e26d3bd1/library/core/src/panicking.rs:259:5
       3: core::option::expect_failed
                 at /rustc/e408947bfd200af42db322daf0fadfe7e26d3bd1/library/core/src/option.rs:2208:5
       4: core::option::Option<T>::expect
                 at /rustc/e408947bfd200af42db322daf0fadfe7e26d3bd1/library/core/src/option.rs:971:21
       5: fq::tests::tls_api::tls_exporter
                 at ./src/tests/tls_api.rs:8355:10
       6: fq::tests::tls_api::tls_exporter::{{closure}}
                 at ./src/tests/tls_api.rs:8328:18
       7: core::ops::function::FnOnce::call_once
                 at /rustc/e408947bfd200af42db322daf0fadfe7e26d3bd1/library/core/src/ops/function.rs:250:5
       8: core::ops::function::FnOnce::call_once
                 at /rustc/e408947bfd200af42db322daf0fadfe7e26d3bd1/library/core/src/ops/function.rs:250:5
    note: Some details are omitted, run with `RUST_BACKTRACE=full` for a verbose backtrace.

        FAIL [   0.101s] (675/744) fq tests::tls_api::two_connections
  stdout ───

    running 1 test
    test tests::tls_api::two_connections ... FAILED

    failures:

    failures:
        tests::tls_api::two_connections

    test result: FAILED. 0 passed; 1 failed; 0 ignored; 0 measured; 743 filtered out; finished in 0.09s

  stderr ───

    thread 'tests::tls_api::two_connections' (26055) panicked at src/tests/tls_api.rs:8397:5:
    first client connection is not ready
    stack backtrace:
       0: __rustc::rust_begin_unwind
                 at /rustc/e408947bfd200af42db322daf0fadfe7e26d3bd1/library/std/src/panicking.rs:689:5
       1: core::panicking::panic_fmt
                 at /rustc/e408947bfd200af42db322daf0fadfe7e26d3bd1/library/core/src/panicking.rs:80:14
       2: fq::tests::tls_api::two_connections
                 at ./src/tests/tls_api.rs:8397:5
       3: fq::tests::tls_api::two_connections::{{closure}}
                 at ./src/tests/tls_api.rs:8390:21
       4: core::ops::function::FnOnce::call_once
                 at /rustc/e408947bfd200af42db322daf0fadfe7e26d3bd1/library/core/src/ops/function.rs:250:5
       5: core::ops::function::FnOnce::call_once
                 at /rustc/e408947bfd200af42db322daf0fadfe7e26d3bd1/library/core/src/ops/function.rs:250:5
    note: Some details are omitted, run with `RUST_BACKTRACE=full` for a verbose backtrace.

        FAIL [   0.130s] (676/744) fq tests::tls_api::tls_zero_share
  stdout ───

    running 1 test
    test tests::tls_api::tls_zero_share ... FAILED

    failures:

    failures:
        tests::tls_api::tls_zero_share

    test result: FAILED. 0 passed; 1 failed; 0 ignored; 0 measured; 743 filtered out; finished in 0.11s

  stderr ───

    thread 'tests::tls_api::tls_zero_share' (26053) panicked at src/tests/tls_api.rs:8382:70:
    tls_zero_share close: Generic
    stack backtrace:
       0: __rustc::rust_begin_unwind
                 at /rustc/e408947bfd200af42db322daf0fadfe7e26d3bd1/library/std/src/panicking.rs:689:5
       1: core::panicking::panic_fmt
                 at /rustc/e408947bfd200af42db322daf0fadfe7e26d3bd1/library/core/src/panicking.rs:80:14
       2: core::result::unwrap_failed
                 at /rustc/e408947bfd200af42db322daf0fadfe7e26d3bd1/library/core/src/result.rs:1867:5
       3: core::result::Result<T,E>::expect
                 at /rustc/e408947bfd200af42db322daf0fadfe7e26d3bd1/library/core/src/result.rs:1185:23
       4: fq::tests::tls_api::tls_zero_share
                 at ./src/tests/tls_api.rs:8382:70
       5: fq::tests::tls_api::tls_zero_share::{{closure}}
                 at ./src/tests/tls_api.rs:8371:20
       6: core::ops::function::FnOnce::call_once
                 at /rustc/e408947bfd200af42db322daf0fadfe7e26d3bd1/library/core/src/ops/function.rs:250:5
       7: core::ops::function::FnOnce::call_once
                 at /rustc/e408947bfd200af42db322daf0fadfe7e26d3bd1/library/core/src/ops/function.rs:250:5
    note: Some details are omitted, run with `RUST_BACKTRACE=full` for a verbose backtrace.

        FAIL [   0.107s] (677/744) fq tests::tls_api::unidir
  stdout ───

    running 1 test
    test tests::tls_api::unidir ... FAILED

    failures:

    failures:
        tests::tls_api::unidir

    test result: FAILED. 0 passed; 1 failed; 0 ignored; 0 measured; 743 filtered out; finished in 0.09s

  stderr ───

    thread 'tests::tls_api::unidir' (26057) panicked at src/tests/tls_api.rs:8493:6:
    unidir: Generic
    stack backtrace:
       0: __rustc::rust_begin_unwind
                 at /rustc/e408947bfd200af42db322daf0fadfe7e26d3bd1/library/std/src/panicking.rs:689:5
       1: core::panicking::panic_fmt
                 at /rustc/e408947bfd200af42db322daf0fadfe7e26d3bd1/library/core/src/panicking.rs:80:14
       2: core::result::unwrap_failed
                 at /rustc/e408947bfd200af42db322daf0fadfe7e26d3bd1/library/core/src/result.rs:1867:5
       3: core::result::Result<T,E>::expect
                 at /rustc/e408947bfd200af42db322daf0fadfe7e26d3bd1/library/core/src/result.rs:1185:23
       4: fq::tests::tls_api::unidir
                 at ./src/tests/tls_api.rs:8493:6
       5: fq::tests::tls_api::unidir::{{closure}}
                 at ./src/tests/tls_api.rs:8479:12
       6: core::ops::function::FnOnce::call_once
                 at /rustc/e408947bfd200af42db322daf0fadfe7e26d3bd1/library/core/src/ops/function.rs:250:5
       7: core::ops::function::FnOnce::call_once
                 at /rustc/e408947bfd200af42db322daf0fadfe7e26d3bd1/library/core/src/ops/function.rs:250:5
    note: Some details are omitted, run with `RUST_BACKTRACE=full` for a verbose backtrace.

        FAIL [   0.103s] (678/744) fq tests::tls_api::version_invariant
  stdout ───

    running 1 test
    test tests::tls_api::version_invariant ... FAILED

    failures:

    failures:
        tests::tls_api::version_invariant

    test result: FAILED. 0 passed; 1 failed; 0 ignored; 0 measured; 743 filtered out; finished in 0.08s

  stderr ───

    thread 'tests::tls_api::version_invariant' (26059) panicked at src/tests/tls_api.rs:8545:5:
    VN response too short: got 19, need at least 393
    stack backtrace:
       0: __rustc::rust_begin_unwind
                 at /rustc/e408947bfd200af42db322daf0fadfe7e26d3bd1/library/std/src/panicking.rs:689:5
       1: core::panicking::panic_fmt
                 at /rustc/e408947bfd200af42db322daf0fadfe7e26d3bd1/library/core/src/panicking.rs:80:14
       2: fq::tests::tls_api::assert_vn_invariant
                 at ./src/tests/tls_api.rs:8545:5
       3: fq::tests::tls_api::version_invariant
                 at ./src/tests/tls_api.rs:8610:5
       4: fq::tests::tls_api::version_invariant::{{closure}}
                 at ./src/tests/tls_api.rs:8584:23
       5: core::ops::function::FnOnce::call_once
                 at /rustc/e408947bfd200af42db322daf0fadfe7e26d3bd1/library/core/src/ops/function.rs:250:5
       6: core::ops::function::FnOnce::call_once
                 at /rustc/e408947bfd200af42db322daf0fadfe7e26d3bd1/library/core/src/ops/function.rs:250:5
    note: Some details are omitted, run with `RUST_BACKTRACE=full` for a verbose backtrace.

        FAIL [   0.112s] (679/744) fq tests::tls_api::version_negotiation
  stdout ───

    running 1 test
    test tests::tls_api::version_negotiation ... FAILED

    failures:

    failures:
        tests::tls_api::version_negotiation

    test result: FAILED. 0 passed; 1 failed; 0 ignored; 0 measured; 743 filtered out; finished in 0.10s

  stderr ───

    thread 'tests::tls_api::version_negotiation' (26061) panicked at src/tests/tls_api.rs:8655:5:
    assertion `left == right` failed: client did not disconnect after GREASE version negotiation
      left: ClientInit
     right: Disconnected
    stack backtrace:
       0: __rustc::rust_begin_unwind
                 at /rustc/e408947bfd200af42db322daf0fadfe7e26d3bd1/library/std/src/panicking.rs:689:5
       1: core::panicking::panic_fmt
                 at /rustc/e408947bfd200af42db322daf0fadfe7e26d3bd1/library/core/src/panicking.rs:80:14
       2: core::panicking::assert_failed_inner
                 at /rustc/e408947bfd200af42db322daf0fadfe7e26d3bd1/library/core/src/panicking.rs:434:23
       3: core::panicking::assert_failed
                 at /rustc/e408947bfd200af42db322daf0fadfe7e26d3bd1/library/core/src/panicking.rs:394:5
       4: fq::tests::tls_api::version_negotiation
                 at ./src/tests/tls_api.rs:8655:5
       5: fq::tests::tls_api::version_negotiation::{{closure}}
                 at ./src/tests/tls_api.rs:8619:25
       6: core::ops::function::FnOnce::call_once
                 at /rustc/e408947bfd200af42db322daf0fadfe7e26d3bd1/library/core/src/ops/function.rs:250:5
       7: core::ops::function::FnOnce::call_once
                 at /rustc/e408947bfd200af42db322daf0fadfe7e26d3bd1/library/core/src/ops/function.rs:250:5
    note: Some details are omitted, run with `RUST_BACKTRACE=full` for a verbose backtrace.

        FAIL [   0.109s] (680/744) fq tests::tls_api::version_negotiation_spoof
  stdout ───

    running 1 test
    test tests::tls_api::version_negotiation_spoof ... FAILED

    failures:

    failures:
        tests::tls_api::version_negotiation_spoof

    test result: FAILED. 0 passed; 1 failed; 0 ignored; 0 measured; 743 filtered out; finished in 0.09s

  stderr ───

    thread 'tests::tls_api::version_negotiation_spoof' (26063) panicked at src/tests/tls_api.rs:8717:5:
    assertion `left == right` failed: client did not reach ClientInitSent before VN spoof injection
      left: ClientInit
     right: ClientInitSent
    stack backtrace:
       0: __rustc::rust_begin_unwind
                 at /rustc/e408947bfd200af42db322daf0fadfe7e26d3bd1/library/std/src/panicking.rs:689:5
       1: core::panicking::panic_fmt
                 at /rustc/e408947bfd200af42db322daf0fadfe7e26d3bd1/library/core/src/panicking.rs:80:14
       2: core::panicking::assert_failed_inner
                 at /rustc/e408947bfd200af42db322daf0fadfe7e26d3bd1/library/core/src/panicking.rs:434:23
       3: core::panicking::assert_failed
                 at /rustc/e408947bfd200af42db322daf0fadfe7e26d3bd1/library/core/src/panicking.rs:394:5
       4: fq::tests::tls_api::version_negotiation_spoof_one
                 at ./src/tests/tls_api.rs:8717:5
       5: fq::tests::tls_api::version_negotiation_spoof
                 at ./src/tests/tls_api.rs:8673:17
       6: fq::tests::tls_api::version_negotiation_spoof::{{closure}}
                 at ./src/tests/tls_api.rs:8672:31
       7: core::ops::function::FnOnce::call_once
                 at /rustc/e408947bfd200af42db322daf0fadfe7e26d3bd1/library/core/src/ops/function.rs:250:5
       8: core::ops::function::FnOnce::call_once
                 at /rustc/e408947bfd200af42db322daf0fadfe7e26d3bd1/library/core/src/ops/function.rs:250:5
    note: Some details are omitted, run with `RUST_BACKTRACE=full` for a verbose backtrace.

        FAIL [   0.097s] (681/744) fq tests::tls_api::virtual_time
  stdout ───

    running 1 test
    test tests::tls_api::virtual_time ... FAILED

    failures:

    failures:
        tests::tls_api::virtual_time

    test result: FAILED. 0 passed; 1 failed; 0 ignored; 0 measured; 743 filtered out; finished in 0.08s

  stderr ───

    thread 'tests::tls_api::virtual_time' (26069) panicked at src/tests/tls_api.rs:8875:9:
    assertion `left == right` failed: iteration 0: QUIC time does not follow simulated time
      left: 1778507293799680
     right: 12345678000
    stack backtrace:
       0: __rustc::rust_begin_unwind
                 at /rustc/e408947bfd200af42db322daf0fadfe7e26d3bd1/library/std/src/panicking.rs:689:5
       1: core::panicking::panic_fmt
                 at /rustc/e408947bfd200af42db322daf0fadfe7e26d3bd1/library/core/src/panicking.rs:80:14
       2: core::panicking::assert_failed_inner
                 at /rustc/e408947bfd200af42db322daf0fadfe7e26d3bd1/library/core/src/panicking.rs:434:23
       3: core::panicking::assert_failed
                 at /rustc/e408947bfd200af42db322daf0fadfe7e26d3bd1/library/core/src/panicking.rs:394:5
       4: fq::tests::tls_api::virtual_time
                 at ./src/tests/tls_api.rs:8875:9
       5: fq::tests::tls_api::virtual_time::{{closure}}
                 at ./src/tests/tls_api.rs:8853:18
       6: core::ops::function::FnOnce::call_once
                 at /rustc/e408947bfd200af42db322daf0fadfe7e26d3bd1/library/core/src/ops/function.rs:250:5
       7: core::ops::function::FnOnce::call_once
                 at /rustc/e408947bfd200af42db322daf0fadfe7e26d3bd1/library/core/src/ops/function.rs:250:5
    note: Some details are omitted, run with `RUST_BACKTRACE=full` for a verbose backtrace.

        FAIL [   0.100s] (682/744) fq tests::tls_api::vn_compat
  stdout ───

    running 1 test
    test tests::tls_api::vn_compat ... FAILED

    failures:

    failures:
        tests::tls_api::vn_compat

    test result: FAILED. 0 passed; 1 failed; 0 ignored; 0 measured; 743 filtered out; finished in 0.08s

  stderr ───

    thread 'tests::tls_api::vn_compat' (26071) panicked at src/tests/tls_api.rs:8948:64:
    vn_compat V1 -> V2: Generic
    stack backtrace:
       0: __rustc::rust_begin_unwind
                 at /rustc/e408947bfd200af42db322daf0fadfe7e26d3bd1/library/std/src/panicking.rs:689:5
       1: core::panicking::panic_fmt
                 at /rustc/e408947bfd200af42db322daf0fadfe7e26d3bd1/library/core/src/panicking.rs:80:14
       2: core::result::unwrap_failed
                 at /rustc/e408947bfd200af42db322daf0fadfe7e26d3bd1/library/core/src/result.rs:1867:5
       3: core::result::Result<T,E>::expect
                 at /rustc/e408947bfd200af42db322daf0fadfe7e26d3bd1/library/core/src/result.rs:1185:23
       4: fq::tests::tls_api::vn_compat
                 at ./src/tests/tls_api.rs:8948:64
       5: fq::tests::tls_api::vn_compat::{{closure}}
                 at ./src/tests/tls_api.rs:8947:15
       6: core::ops::function::FnOnce::call_once
                 at /rustc/e408947bfd200af42db322daf0fadfe7e26d3bd1/library/core/src/ops/function.rs:250:5
       7: core::ops::function::FnOnce::call_once
                 at /rustc/e408947bfd200af42db322daf0fadfe7e26d3bd1/library/core/src/ops/function.rs:250:5
    note: Some details are omitted, run with `RUST_BACKTRACE=full` for a verbose backtrace.

        FAIL [   0.145s] (683/744) fq tests::tls_api::zero_rtt
  stdout ───

    running 1 test
    test tests::tls_api::zero_rtt ... FAILED

    failures:

    failures:
        tests::tls_api::zero_rtt

    test result: FAILED. 0 passed; 1 failed; 0 ignored; 0 measured; 743 filtered out; finished in 0.12s

  stderr ───

    thread 'tests::tls_api::zero_rtt' (26073) panicked at src/tests/tls_api.rs:9006:48:
    zero_rtt: Generic
    stack backtrace:
       0: __rustc::rust_begin_unwind
                 at /rustc/e408947bfd200af42db322daf0fadfe7e26d3bd1/library/std/src/panicking.rs:689:5
       1: core::panicking::panic_fmt
                 at /rustc/e408947bfd200af42db322daf0fadfe7e26d3bd1/library/core/src/panicking.rs:80:14
       2: core::result::unwrap_failed
                 at /rustc/e408947bfd200af42db322daf0fadfe7e26d3bd1/library/core/src/result.rs:1867:5
       3: core::result::Result<T,E>::expect
                 at /rustc/e408947bfd200af42db322daf0fadfe7e26d3bd1/library/core/src/result.rs:1185:23
       4: fq::tests::tls_api::zero_rtt
                 at ./src/tests/tls_api.rs:9006:48
       5: fq::tests::tls_api::zero_rtt::{{closure}}
                 at ./src/tests/tls_api.rs:9005:14
       6: core::ops::function::FnOnce::call_once
                 at /rustc/e408947bfd200af42db322daf0fadfe7e26d3bd1/library/core/src/ops/function.rs:250:5
       7: core::ops::function::FnOnce::call_once
                 at /rustc/e408947bfd200af42db322daf0fadfe7e26d3bd1/library/core/src/ops/function.rs:250:5
    note: Some details are omitted, run with `RUST_BACKTRACE=full` for a verbose backtrace.

        FAIL [   0.157s] (684/744) fq tests::tls_api::zero_rtt_bad_param
  stdout ───

    running 1 test
    test tests::tls_api::zero_rtt_bad_param ... FAILED

    failures:

    failures:
        tests::tls_api::zero_rtt_bad_param

    test result: FAILED. 0 passed; 1 failed; 0 ignored; 0 measured; 743 filtered out; finished in 0.13s

  stderr ───

    thread 'tests::tls_api::zero_rtt_bad_param' (26075) panicked at src/tests/tls_api.rs:9019:6:
    zero_rtt_bad_param: Generic
    stack backtrace:
       0: __rustc::rust_begin_unwind
                 at /rustc/e408947bfd200af42db322daf0fadfe7e26d3bd1/library/std/src/panicking.rs:689:5
       1: core::panicking::panic_fmt
                 at /rustc/e408947bfd200af42db322daf0fadfe7e26d3bd1/library/core/src/panicking.rs:80:14
       2: core::result::unwrap_failed
                 at /rustc/e408947bfd200af42db322daf0fadfe7e26d3bd1/library/core/src/result.rs:1867:5
       3: core::result::Result<T,E>::expect
                 at /rustc/e408947bfd200af42db322daf0fadfe7e26d3bd1/library/core/src/result.rs:1185:23
       4: fq::tests::tls_api::zero_rtt_bad_param
                 at ./src/tests/tls_api.rs:9019:6
       5: fq::tests::tls_api::zero_rtt_bad_param::{{closure}}
                 at ./src/tests/tls_api.rs:9014:24
       6: core::ops::function::FnOnce::call_once
                 at /rustc/e408947bfd200af42db322daf0fadfe7e26d3bd1/library/core/src/ops/function.rs:250:5
       7: core::ops::function::FnOnce::call_once
                 at /rustc/e408947bfd200af42db322daf0fadfe7e26d3bd1/library/core/src/ops/function.rs:250:5
    note: Some details are omitted, run with `RUST_BACKTRACE=full` for a verbose backtrace.

        FAIL [   0.207s] (685/744) fq tests::tls_api::zero_rtt_delay
  stdout ───

    running 1 test
    test tests::tls_api::zero_rtt_delay ... FAILED

    failures:

    failures:
        tests::tls_api::zero_rtt_delay

    test result: FAILED. 0 passed; 1 failed; 0 ignored; 0 measured; 743 filtered out; finished in 0.19s

  stderr ───

    thread 'tests::tls_api::zero_rtt_delay' (26077) panicked at src/tests/tls_api.rs:9047:6:
    zero_rtt_delay: Generic
    stack backtrace:
       0: __rustc::rust_begin_unwind
                 at /rustc/e408947bfd200af42db322daf0fadfe7e26d3bd1/library/std/src/panicking.rs:689:5
       1: core::panicking::panic_fmt
                 at /rustc/e408947bfd200af42db322daf0fadfe7e26d3bd1/library/core/src/panicking.rs:80:14
       2: core::result::unwrap_failed
                 at /rustc/e408947bfd200af42db322daf0fadfe7e26d3bd1/library/core/src/result.rs:1867:5
       3: core::result::Result<T,E>::expect
                 at /rustc/e408947bfd200af42db322daf0fadfe7e26d3bd1/library/core/src/result.rs:1185:23
       4: fq::tests::tls_api::zero_rtt_delay
                 at ./src/tests/tls_api.rs:9047:6
       5: fq::tests::tls_api::zero_rtt_delay::{{closure}}
                 at ./src/tests/tls_api.rs:9028:20
       6: core::ops::function::FnOnce::call_once
                 at /rustc/e408947bfd200af42db322daf0fadfe7e26d3bd1/library/core/src/ops/function.rs:250:5
       7: core::ops::function::FnOnce::call_once
                 at /rustc/e408947bfd200af42db322daf0fadfe7e26d3bd1/library/core/src/ops/function.rs:250:5
    note: Some details are omitted, run with `RUST_BACKTRACE=full` for a verbose backtrace.

        FAIL [   0.170s] (686/744) fq tests::tls_api::zero_rtt_ech
  stdout ───

    running 1 test
    test tests::tls_api::zero_rtt_ech ... FAILED

    failures:

    failures:
        tests::tls_api::zero_rtt_ech

    test result: FAILED. 0 passed; 1 failed; 0 ignored; 0 measured; 743 filtered out; finished in 0.14s

  stderr ───

    thread 'tests::tls_api::zero_rtt_ech' (26113) panicked at src/tests/tls_api.rs:9060:6:
    zero_rtt_ech: Generic
    stack backtrace:
       0: __rustc::rust_begin_unwind
                 at /rustc/e408947bfd200af42db322daf0fadfe7e26d3bd1/library/std/src/panicking.rs:689:5
       1: core::panicking::panic_fmt
                 at /rustc/e408947bfd200af42db322daf0fadfe7e26d3bd1/library/core/src/panicking.rs:80:14
       2: core::result::unwrap_failed
                 at /rustc/e408947bfd200af42db322daf0fadfe7e26d3bd1/library/core/src/result.rs:1867:5
       3: core::result::Result<T,E>::expect
                 at /rustc/e408947bfd200af42db322daf0fadfe7e26d3bd1/library/core/src/result.rs:1185:23
       4: fq::tests::tls_api::zero_rtt_ech
                 at ./src/tests/tls_api.rs:9060:6
       5: fq::tests::tls_api::zero_rtt_ech::{{closure}}
                 at ./src/tests/tls_api.rs:9055:18
       6: core::ops::function::FnOnce::call_once
                 at /rustc/e408947bfd200af42db322daf0fadfe7e26d3bd1/library/core/src/ops/function.rs:250:5
       7: core::ops::function::FnOnce::call_once
                 at /rustc/e408947bfd200af42db322daf0fadfe7e26d3bd1/library/core/src/ops/function.rs:250:5
    note: Some details are omitted, run with `RUST_BACKTRACE=full` for a verbose backtrace.

        FAIL [   0.178s] (687/744) fq tests::tls_api::zero_rtt_long
  stdout ───

    running 1 test
    test tests::tls_api::zero_rtt_long ... FAILED

    failures:

    failures:
        tests::tls_api::zero_rtt_long

    test result: FAILED. 0 passed; 1 failed; 0 ignored; 0 measured; 743 filtered out; finished in 0.15s

  stderr ───

    thread 'tests::tls_api::zero_rtt_long' (26178) panicked at src/tests/tls_api.rs:9072:6:
    zero_rtt_long: Generic
    stack backtrace:
       0: __rustc::rust_begin_unwind
                 at /rustc/e408947bfd200af42db322daf0fadfe7e26d3bd1/library/std/src/panicking.rs:689:5
       1: core::panicking::panic_fmt
                 at /rustc/e408947bfd200af42db322daf0fadfe7e26d3bd1/library/core/src/panicking.rs:80:14
       2: core::result::unwrap_failed
                 at /rustc/e408947bfd200af42db322daf0fadfe7e26d3bd1/library/core/src/result.rs:1867:5
       3: core::result::Result<T,E>::expect
                 at /rustc/e408947bfd200af42db322daf0fadfe7e26d3bd1/library/core/src/result.rs:1185:23
       4: fq::tests::tls_api::zero_rtt_long
                 at ./src/tests/tls_api.rs:9072:6
       5: fq::tests::tls_api::zero_rtt_long::{{closure}}
                 at ./src/tests/tls_api.rs:9067:19
       6: core::ops::function::FnOnce::call_once
                 at /rustc/e408947bfd200af42db322daf0fadfe7e26d3bd1/library/core/src/ops/function.rs:250:5
       7: core::ops::function::FnOnce::call_once
                 at /rustc/e408947bfd200af42db322daf0fadfe7e26d3bd1/library/core/src/ops/function.rs:250:5
    note: Some details are omitted, run with `RUST_BACKTRACE=full` for a verbose backtrace.

        FAIL [   0.181s] (688/744) fq tests::tls_api::zero_rtt_loss
  stdout ───

    running 1 test
    test tests::tls_api::zero_rtt_loss ... FAILED

    failures:

    failures:
        tests::tls_api::zero_rtt_loss

    test result: FAILED. 0 passed; 1 failed; 0 ignored; 0 measured; 743 filtered out; finished in 0.15s

  stderr ───

    thread 'tests::tls_api::zero_rtt_loss' (26232) panicked at src/tests/tls_api.rs:9086:29:
    zero_rtt_loss i=1: Generic
    stack backtrace:
       0: __rustc::rust_begin_unwind
                 at /rustc/e408947bfd200af42db322daf0fadfe7e26d3bd1/library/std/src/panicking.rs:689:5
       1: core::panicking::panic_fmt
                 at /rustc/e408947bfd200af42db322daf0fadfe7e26d3bd1/library/core/src/panicking.rs:80:14
       2: fq::tests::tls_api::zero_rtt_loss::{{closure}}
                 at ./src/tests/tls_api.rs:9086:29
       3: core::result::Result<T,E>::unwrap_or_else
                 at /rustc/e408947bfd200af42db322daf0fadfe7e26d3bd1/library/core/src/result.rs:1622:23
       4: fq::tests::tls_api::zero_rtt_loss
                 at ./src/tests/tls_api.rs:9086:10
       5: fq::tests::tls_api::zero_rtt_loss::{{closure}}
                 at ./src/tests/tls_api.rs:9080:19
       6: core::ops::function::FnOnce::call_once
                 at /rustc/e408947bfd200af42db322daf0fadfe7e26d3bd1/library/core/src/ops/function.rs:250:5
       7: core::ops::function::FnOnce::call_once
                 at /rustc/e408947bfd200af42db322daf0fadfe7e26d3bd1/library/core/src/ops/function.rs:250:5
    note: Some details are omitted, run with `RUST_BACKTRACE=full` for a verbose backtrace.

        FAIL [   0.168s] (689/744) fq tests::tls_api::zero_rtt_many_losses
  stdout ───

    running 1 test
    test tests::tls_api::zero_rtt_many_losses ... FAILED

    failures:

    failures:
        tests::tls_api::zero_rtt_many_losses

    test result: FAILED. 0 passed; 1 failed; 0 ignored; 0 measured; 743 filtered out; finished in 0.13s

  stderr ───

    thread 'tests::tls_api::zero_rtt_many_losses' (26257) panicked at src/tests/tls_api.rs:9109:29:
    zero_rtt_many_losses i=0, mask=9024423006603000: Generic
    stack backtrace:
       0: __rustc::rust_begin_unwind
                 at /rustc/e408947bfd200af42db322daf0fadfe7e26d3bd1/library/std/src/panicking.rs:689:5
       1: core::panicking::panic_fmt
                 at /rustc/e408947bfd200af42db322daf0fadfe7e26d3bd1/library/core/src/panicking.rs:80:14
       2: fq::tests::tls_api::zero_rtt_many_losses::{{closure}}
                 at ./src/tests/tls_api.rs:9109:29
       3: core::result::Result<T,E>::unwrap_or_else
                 at /rustc/e408947bfd200af42db322daf0fadfe7e26d3bd1/library/core/src/result.rs:1622:23
       4: fq::tests::tls_api::zero_rtt_many_losses
                 at ./src/tests/tls_api.rs:9109:10
       5: fq::tests::tls_api::zero_rtt_many_losses::{{closure}}
                 at ./src/tests/tls_api.rs:9095:26
       6: core::ops::function::FnOnce::call_once
                 at /rustc/e408947bfd200af42db322daf0fadfe7e26d3bd1/library/core/src/ops/function.rs:250:5
       7: core::ops::function::FnOnce::call_once
                 at /rustc/e408947bfd200af42db322daf0fadfe7e26d3bd1/library/core/src/ops/function.rs:250:5
    note: Some details are omitted, run with `RUST_BACKTRACE=full` for a verbose backtrace.

        FAIL [   0.152s] (690/744) fq tests::tls_api::zero_rtt_no_coal
  stdout ───

    running 1 test
    test tests::tls_api::zero_rtt_no_coal ... FAILED

    failures:

    failures:
        tests::tls_api::zero_rtt_no_coal

    test result: FAILED. 0 passed; 1 failed; 0 ignored; 0 measured; 743 filtered out; finished in 0.13s

  stderr ───

    thread 'tests::tls_api::zero_rtt_no_coal' (26328) panicked at src/tests/tls_api.rs:9122:6:
    zero_rtt_no_coal: Generic
    stack backtrace:
       0: __rustc::rust_begin_unwind
                 at /rustc/e408947bfd200af42db322daf0fadfe7e26d3bd1/library/std/src/panicking.rs:689:5
       1: core::panicking::panic_fmt
                 at /rustc/e408947bfd200af42db322daf0fadfe7e26d3bd1/library/core/src/panicking.rs:80:14
       2: core::result::unwrap_failed
                 at /rustc/e408947bfd200af42db322daf0fadfe7e26d3bd1/library/core/src/result.rs:1867:5
       3: core::result::Result<T,E>::expect
                 at /rustc/e408947bfd200af42db322daf0fadfe7e26d3bd1/library/core/src/result.rs:1185:23
       4: fq::tests::tls_api::zero_rtt_no_coal
                 at ./src/tests/tls_api.rs:9122:6
       5: fq::tests::tls_api::zero_rtt_no_coal::{{closure}}
                 at ./src/tests/tls_api.rs:9117:22
       6: core::ops::function::FnOnce::call_once
                 at /rustc/e408947bfd200af42db322daf0fadfe7e26d3bd1/library/core/src/ops/function.rs:250:5
       7: core::ops::function::FnOnce::call_once
                 at /rustc/e408947bfd200af42db322daf0fadfe7e26d3bd1/library/core/src/ops/function.rs:250:5
    note: Some details are omitted, run with `RUST_BACKTRACE=full` for a verbose backtrace.

        FAIL [   0.146s] (691/744) fq tests::tls_api::zero_rtt_retry
  stdout ───

    running 1 test
    test tests::tls_api::zero_rtt_retry ... FAILED

    failures:

    failures:
        tests::tls_api::zero_rtt_retry

    test result: FAILED. 0 passed; 1 failed; 0 ignored; 0 measured; 743 filtered out; finished in 0.12s

  stderr ───

    thread 'tests::tls_api::zero_rtt_retry' (26393) panicked at src/tests/tls_api.rs:9135:6:
    zero_rtt_retry: Generic
    stack backtrace:
       0: __rustc::rust_begin_unwind
                 at /rustc/e408947bfd200af42db322daf0fadfe7e26d3bd1/library/std/src/panicking.rs:689:5
       1: core::panicking::panic_fmt
                 at /rustc/e408947bfd200af42db322daf0fadfe7e26d3bd1/library/core/src/panicking.rs:80:14
       2: core::result::unwrap_failed
                 at /rustc/e408947bfd200af42db322daf0fadfe7e26d3bd1/library/core/src/result.rs:1867:5
       3: core::result::Result<T,E>::expect
                 at /rustc/e408947bfd200af42db322daf0fadfe7e26d3bd1/library/core/src/result.rs:1185:23
       4: fq::tests::tls_api::zero_rtt_retry
                 at ./src/tests/tls_api.rs:9135:6
       5: fq::tests::tls_api::zero_rtt_retry::{{closure}}
                 at ./src/tests/tls_api.rs:9130:20
       6: core::ops::function::FnOnce::call_once
                 at /rustc/e408947bfd200af42db322daf0fadfe7e26d3bd1/library/core/src/ops/function.rs:250:5
       7: core::ops::function::FnOnce::call_once
                 at /rustc/e408947bfd200af42db322daf0fadfe7e26d3bd1/library/core/src/ops/function.rs:250:5
    note: Some details are omitted, run with `RUST_BACKTRACE=full` for a verbose backtrace.

        FAIL [   0.168s] (692/744) fq tests::tls_api::zero_rtt_spurious
  stdout ───

    running 1 test
    test tests::tls_api::zero_rtt_spurious ... FAILED

    failures:

    failures:
        tests::tls_api::zero_rtt_spurious

    test result: FAILED. 0 passed; 1 failed; 0 ignored; 0 measured; 743 filtered out; finished in 0.13s

  stderr ───

    thread 'tests::tls_api::zero_rtt_spurious' (26415) panicked at src/tests/tls_api.rs:9147:6:
    zero_rtt_spurious: Generic
    stack backtrace:
       0: __rustc::rust_begin_unwind
                 at /rustc/e408947bfd200af42db322daf0fadfe7e26d3bd1/library/std/src/panicking.rs:689:5
       1: core::panicking::panic_fmt
                 at /rustc/e408947bfd200af42db322daf0fadfe7e26d3bd1/library/core/src/panicking.rs:80:14
       2: core::result::unwrap_failed
                 at /rustc/e408947bfd200af42db322daf0fadfe7e26d3bd1/library/core/src/result.rs:1867:5
       3: core::result::Result<T,E>::expect
                 at /rustc/e408947bfd200af42db322daf0fadfe7e26d3bd1/library/core/src/result.rs:1185:23
       4: fq::tests::tls_api::zero_rtt_spurious
                 at ./src/tests/tls_api.rs:9147:6
       5: fq::tests::tls_api::zero_rtt_spurious::{{closure}}
                 at ./src/tests/tls_api.rs:9142:23
       6: core::ops::function::FnOnce::call_once
                 at /rustc/e408947bfd200af42db322daf0fadfe7e26d3bd1/library/core/src/ops/function.rs:250:5
       7: core::ops::function::FnOnce::call_once
                 at /rustc/e408947bfd200af42db322daf0fadfe7e26d3bd1/library/core/src/ops/function.rs:250:5
    note: Some details are omitted, run with `RUST_BACKTRACE=full` for a verbose backtrace.

        FAIL [   0.107s] (693/744) fq tests::transport_param::transport_param
  stdout ───

    running 1 test
    test tests::transport_param::transport_param ... FAILED

    failures:

    failures:
        tests::transport_param::transport_param

    test result: FAILED. 0 passed; 1 failed; 0 ignored; 0 measured; 743 filtered out; finished in 0.09s

  stderr ───

    thread 'tests::transport_param::transport_param' (26453) panicked at src/tests/transport_param.rs:331:10:
    transport parameter connection
    stack backtrace:
       0: __rustc::rust_begin_unwind
                 at /rustc/e408947bfd200af42db322daf0fadfe7e26d3bd1/library/std/src/panicking.rs:689:5
       1: core::panicking::panic_fmt
                 at /rustc/e408947bfd200af42db322daf0fadfe7e26d3bd1/library/core/src/panicking.rs:80:14
       2: core::panicking::panic_display
                 at /rustc/e408947bfd200af42db322daf0fadfe7e26d3bd1/library/core/src/panicking.rs:259:5
       3: core::option::expect_failed
                 at /rustc/e408947bfd200af42db322daf0fadfe7e26d3bd1/library/core/src/option.rs:2208:5
       4: core::option::Option<T>::expect
                 at /rustc/e408947bfd200af42db322daf0fadfe7e26d3bd1/library/core/src/option.rs:971:21
       5: fq::tests::transport_param::transport_param_context
                 at ./src/tests/transport_param.rs:331:10
       6: fq::tests::transport_param::transport_param_one
                 at ./src/tests/transport_param.rs:364:20
       7: fq::tests::transport_param::transport_param
                 at ./src/tests/transport_param.rs:50:5
       8: fq::tests::transport_param::transport_param::{{closure}}
                 at ./src/tests/transport_param.rs:21:21
       9: core::ops::function::FnOnce::call_once
                 at /rustc/e408947bfd200af42db322daf0fadfe7e26d3bd1/library/core/src/ops/function.rs:250:5
      10: core::ops::function::FnOnce::call_once
                 at /rustc/e408947bfd200af42db322daf0fadfe7e26d3bd1/library/core/src/ops/function.rs:250:5
    note: Some details are omitted, run with `RUST_BACKTRACE=full` for a verbose backtrace.

        PASS [   0.007s] (694/744) fq tests::transport_param::vn_tp
        PASS [   0.006s] (695/744) fq tests::util_test::connection_id_parse
        PASS [   0.007s] (696/744) fq tests::util_test::connection_id_print
        PASS [   0.009s] (697/744) fq tests::util_test::threading
        PASS [   0.009s] (698/744) fq tests::util_test::util_debug_print
        PASS [   0.130s] (699/744) fq tests::transport_param::transport_param_log
        FAIL [   0.174s] (700/744) fq tests::transport_param::transport_param_default
  stdout ───

    running 1 test
    test tests::transport_param::transport_param_default ... FAILED

    failures:

    failures:
        tests::transport_param::transport_param_default

    test result: FAILED. 0 passed; 1 failed; 0 ignored; 0 measured; 743 filtered out; finished in 0.16s

  stderr ───

    thread 'tests::transport_param::transport_param_default' (26455) panicked at src/tests/transport_param.rs:937:43:
    assertion `left == right` failed: default_tp[22] grease_quic_bit: max_idle_timeout
      left: Duration { ticks: 0 }
     right: Duration { ticks: 1 }
    stack backtrace:
       0: __rustc::rust_begin_unwind
                 at /rustc/e408947bfd200af42db322daf0fadfe7e26d3bd1/library/std/src/panicking.rs:689:5
       1: core::panicking::panic_fmt
                 at /rustc/e408947bfd200af42db322daf0fadfe7e26d3bd1/library/core/src/panicking.rs:80:14
       2: core::panicking::assert_failed_inner
                 at /rustc/e408947bfd200af42db322daf0fadfe7e26d3bd1/library/core/src/panicking.rs:434:23
       3: core::panicking::assert_failed
                 at /rustc/e408947bfd200af42db322daf0fadfe7e26d3bd1/library/core/src/panicking.rs:394:5
       4: fq::tests::transport_param::default_tp_value_check
                 at ./src/tests/transport_param.rs:937:43
       5: fq::tests::transport_param::transport_param_default
                 at ./src/tests/transport_param.rs:728:17
       6: fq::tests::transport_param::transport_param_default::{{closure}}
                 at ./src/tests/transport_param.rs:721:29
       7: core::ops::function::FnOnce::call_once
                 at /rustc/e408947bfd200af42db322daf0fadfe7e26d3bd1/library/core/src/ops/function.rs:250:5
       8: core::ops::function::FnOnce::call_once
                 at /rustc/e408947bfd200af42db322daf0fadfe7e26d3bd1/library/core/src/ops/function.rs:250:5
    note: Some details are omitted, run with `RUST_BACKTRACE=full` for a verbose backtrace.

        PASS [   0.008s] (701/744) fq tests::util_test::util_sprintf
        PASS [   0.008s] (702/744) fq tests::util_test::util_uint8_to_str
        FAIL [   0.102s] (703/744) fq tests::warptest::warptest_param
  stdout ───

    running 1 test
    test tests::warptest::warptest_param ... FAILED

    failures:

    failures:
        tests::warptest::warptest_param

    test result: FAILED. 0 passed; 1 failed; 0 ignored; 0 measured; 743 filtered out; finished in 0.09s

  stderr ───

    thread 'tests::warptest::warptest_param' (26477) panicked at src/tests/warptest.rs:21:28:
    warptest_param: Generic
    stack backtrace:
       0: __rustc::rust_begin_unwind
                 at /rustc/e408947bfd200af42db322daf0fadfe7e26d3bd1/library/std/src/panicking.rs:689:5
       1: core::panicking::panic_fmt
                 at /rustc/e408947bfd200af42db322daf0fadfe7e26d3bd1/library/core/src/panicking.rs:80:14
       2: core::result::unwrap_failed
                 at /rustc/e408947bfd200af42db322daf0fadfe7e26d3bd1/library/core/src/result.rs:1867:5
       3: core::result::Result<T,E>::expect
                 at /rustc/e408947bfd200af42db322daf0fadfe7e26d3bd1/library/core/src/result.rs:1185:23
       4: fq::tests::warptest::warptest_param
                 at ./src/tests/warptest.rs:21:28
       5: fq::tests::warptest::warptest_param::{{closure}}
                 at ./src/tests/warptest.rs:11:20
       6: core::ops::function::FnOnce::call_once
                 at /rustc/e408947bfd200af42db322daf0fadfe7e26d3bd1/library/core/src/ops/function.rs:250:5
       7: core::ops::function::FnOnce::call_once
                 at /rustc/e408947bfd200af42db322daf0fadfe7e26d3bd1/library/core/src/ops/function.rs:250:5
    note: Some details are omitted, run with `RUST_BACKTRACE=full` for a verbose backtrace.

        FAIL [   0.107s] (704/744) fq tests::warptest::warptest_video
  stdout ───

    running 1 test
    test tests::warptest::warptest_video ... FAILED

    failures:

    failures:
        tests::warptest::warptest_video

    test result: FAILED. 0 passed; 1 failed; 0 ignored; 0 measured; 743 filtered out; finished in 0.09s

  stderr ───

    thread 'tests::warptest::warptest_video' (26478) panicked at src/tests/warptest.rs:35:28:
    warptest_video: Generic
    stack backtrace:
       0: __rustc::rust_begin_unwind
                 at /rustc/e408947bfd200af42db322daf0fadfe7e26d3bd1/library/std/src/panicking.rs:689:5
       1: core::panicking::panic_fmt
                 at /rustc/e408947bfd200af42db322daf0fadfe7e26d3bd1/library/core/src/panicking.rs:80:14
       2: core::result::unwrap_failed
                 at /rustc/e408947bfd200af42db322daf0fadfe7e26d3bd1/library/core/src/result.rs:1867:5
       3: core::result::Result<T,E>::expect
                 at /rustc/e408947bfd200af42db322daf0fadfe7e26d3bd1/library/core/src/result.rs:1185:23
       4: fq::tests::warptest::warptest_video
                 at ./src/tests/warptest.rs:35:28
       5: fq::tests::warptest::warptest_video::{{closure}}
                 at ./src/tests/warptest.rs:28:20
       6: core::ops::function::FnOnce::call_once
                 at /rustc/e408947bfd200af42db322daf0fadfe7e26d3bd1/library/core/src/ops/function.rs:250:5
       7: core::ops::function::FnOnce::call_once
                 at /rustc/e408947bfd200af42db322daf0fadfe7e26d3bd1/library/core/src/ops/function.rs:250:5
    note: Some details are omitted, run with `RUST_BACKTRACE=full` for a verbose backtrace.

        FAIL [   0.106s] (705/744) fq tests::warptest::warptest_video_data_audio
  stdout ───

    running 1 test
    test tests::warptest::warptest_video_data_audio ... FAILED

    failures:

    failures:
        tests::warptest::warptest_video_data_audio

    test result: FAILED. 0 passed; 1 failed; 0 ignored; 0 measured; 743 filtered out; finished in 0.09s

  stderr ───

    thread 'tests::warptest::warptest_video_data_audio' (26482) panicked at src/tests/warptest.rs:66:28:
    warptest_video_data_audio: Generic
    stack backtrace:
       0: __rustc::rust_begin_unwind
                 at /rustc/e408947bfd200af42db322daf0fadfe7e26d3bd1/library/std/src/panicking.rs:689:5
       1: core::panicking::panic_fmt
                 at /rustc/e408947bfd200af42db322daf0fadfe7e26d3bd1/library/core/src/panicking.rs:80:14
       2: core::result::unwrap_failed
                 at /rustc/e408947bfd200af42db322daf0fadfe7e26d3bd1/library/core/src/result.rs:1867:5
       3: core::result::Result<T,E>::expect
                 at /rustc/e408947bfd200af42db322daf0fadfe7e26d3bd1/library/core/src/result.rs:1185:23
       4: fq::tests::warptest::warptest_video_data_audio
                 at ./src/tests/warptest.rs:66:28
       5: fq::tests::warptest::warptest_video_data_audio::{{closure}}
                 at ./src/tests/warptest.rs:57:31
       6: core::ops::function::FnOnce::call_once
                 at /rustc/e408947bfd200af42db322daf0fadfe7e26d3bd1/library/core/src/ops/function.rs:250:5
       7: core::ops::function::FnOnce::call_once
                 at /rustc/e408947bfd200af42db322daf0fadfe7e26d3bd1/library/core/src/ops/function.rs:250:5
    note: Some details are omitted, run with `RUST_BACKTRACE=full` for a verbose backtrace.

        FAIL [   0.120s] (706/744) fq tests::warptest::warptest_video_audio
  stdout ───

    running 1 test
    test tests::warptest::warptest_video_audio ... FAILED

    failures:

    failures:
        tests::warptest::warptest_video_audio

    test result: FAILED. 0 passed; 1 failed; 0 ignored; 0 measured; 743 filtered out; finished in 0.10s

  stderr ───

    thread 'tests::warptest::warptest_video_audio' (26480) panicked at src/tests/warptest.rs:50:28:
    warptest_video_audio: Generic
    stack backtrace:
       0: __rustc::rust_begin_unwind
                 at /rustc/e408947bfd200af42db322daf0fadfe7e26d3bd1/library/std/src/panicking.rs:689:5
       1: core::panicking::panic_fmt
                 at /rustc/e408947bfd200af42db322daf0fadfe7e26d3bd1/library/core/src/panicking.rs:80:14
       2: core::result::unwrap_failed
                 at /rustc/e408947bfd200af42db322daf0fadfe7e26d3bd1/library/core/src/result.rs:1867:5
       3: core::result::Result<T,E>::expect
                 at /rustc/e408947bfd200af42db322daf0fadfe7e26d3bd1/library/core/src/result.rs:1185:23
       4: fq::tests::warptest::warptest_video_audio
                 at ./src/tests/warptest.rs:50:28
       5: fq::tests::warptest::warptest_video_audio::{{closure}}
                 at ./src/tests/warptest.rs:42:26
       6: core::ops::function::FnOnce::call_once
                 at /rustc/e408947bfd200af42db322daf0fadfe7e26d3bd1/library/core/src/ops/function.rs:250:5
       7: core::ops::function::FnOnce::call_once
                 at /rustc/e408947bfd200af42db322daf0fadfe7e26d3bd1/library/core/src/ops/function.rs:250:5
    note: Some details are omitted, run with `RUST_BACKTRACE=full` for a verbose backtrace.

        FAIL [   0.107s] (707/744) fq tests::warptest::warptest_worst
  stdout ───

    running 1 test
    test tests::warptest::warptest_worst ... FAILED

    failures:

    failures:
        tests::warptest::warptest_worst

    test result: FAILED. 0 passed; 1 failed; 0 ignored; 0 measured; 743 filtered out; finished in 0.09s

  stderr ───

    thread 'tests::warptest::warptest_worst' (26486) panicked at src/tests/warptest.rs:82:28:
    warptest_worst: Generic
    stack backtrace:
       0: __rustc::rust_begin_unwind
                 at /rustc/e408947bfd200af42db322daf0fadfe7e26d3bd1/library/std/src/panicking.rs:689:5
       1: core::panicking::panic_fmt
                 at /rustc/e408947bfd200af42db322daf0fadfe7e26d3bd1/library/core/src/panicking.rs:80:14
       2: core::result::unwrap_failed
                 at /rustc/e408947bfd200af42db322daf0fadfe7e26d3bd1/library/core/src/result.rs:1867:5
       3: core::result::Result<T,E>::expect
                 at /rustc/e408947bfd200af42db322daf0fadfe7e26d3bd1/library/core/src/result.rs:1185:23
       4: fq::tests::warptest::warptest_worst
                 at ./src/tests/warptest.rs:82:28
       5: fq::tests::warptest::warptest_worst::{{closure}}
                 at ./src/tests/warptest.rs:73:20
       6: core::ops::function::FnOnce::call_once
                 at /rustc/e408947bfd200af42db322daf0fadfe7e26d3bd1/library/core/src/ops/function.rs:250:5
       7: core::ops::function::FnOnce::call_once
                 at /rustc/e408947bfd200af42db322daf0fadfe7e26d3bd1/library/core/src/ops/function.rs:250:5
    note: Some details are omitted, run with `RUST_BACKTRACE=full` for a verbose backtrace.

        FAIL [   0.110s] (708/744) fq tests::wifitest::wifi_bbr
  stdout ───

    running 1 test
    test tests::wifitest::wifi_bbr ... FAILED

    failures:

    failures:
        tests::wifitest::wifi_bbr

    test result: FAILED. 0 passed; 1 failed; 0 ignored; 0 measured; 743 filtered out; finished in 0.09s

  stderr ───

    thread 'tests::wifitest::wifi_bbr' (26485) panicked at src/tests/wifitest.rs:106:41:
    wifi_bbr: Generic
    stack backtrace:
       0: __rustc::rust_begin_unwind
                 at /rustc/e408947bfd200af42db322daf0fadfe7e26d3bd1/library/std/src/panicking.rs:689:5
       1: core::panicking::panic_fmt
                 at /rustc/e408947bfd200af42db322daf0fadfe7e26d3bd1/library/core/src/panicking.rs:80:14
       2: core::result::unwrap_failed
                 at /rustc/e408947bfd200af42db322daf0fadfe7e26d3bd1/library/core/src/result.rs:1867:5
       3: core::result::Result<T,E>::expect
                 at /rustc/e408947bfd200af42db322daf0fadfe7e26d3bd1/library/core/src/result.rs:1185:23
       4: fq::tests::wifitest::wifi_bbr
                 at ./src/tests/wifitest.rs:106:41
       5: fq::tests::wifitest::wifi_bbr::{{closure}}
                 at ./src/tests/wifitest.rs:104:14
       6: core::ops::function::FnOnce::call_once
                 at /rustc/e408947bfd200af42db322daf0fadfe7e26d3bd1/library/core/src/ops/function.rs:250:5
       7: core::ops::function::FnOnce::call_once
                 at /rustc/e408947bfd200af42db322daf0fadfe7e26d3bd1/library/core/src/ops/function.rs:250:5
    note: Some details are omitted, run with `RUST_BACKTRACE=full` for a verbose backtrace.

        PASS [   0.438s] (709/744) fq tests::util_test::util_memcmp
        FAIL [   0.108s] (710/744) fq tests::wifitest::wifi_bbr1
  stdout ───

    running 1 test
    test tests::wifitest::wifi_bbr1 ... FAILED

    failures:

    failures:
        tests::wifitest::wifi_bbr1

    test result: FAILED. 0 passed; 1 failed; 0 ignored; 0 measured; 743 filtered out; finished in 0.09s

  stderr ───

    thread 'tests::wifitest::wifi_bbr1' (26489) panicked at src/tests/wifitest.rs:115:41:
    wifi_bbr1: Generic
    stack backtrace:
       0: __rustc::rust_begin_unwind
                 at /rustc/e408947bfd200af42db322daf0fadfe7e26d3bd1/library/std/src/panicking.rs:689:5
       1: core::panicking::panic_fmt
                 at /rustc/e408947bfd200af42db322daf0fadfe7e26d3bd1/library/core/src/panicking.rs:80:14
       2: core::result::unwrap_failed
                 at /rustc/e408947bfd200af42db322daf0fadfe7e26d3bd1/library/core/src/result.rs:1867:5
       3: core::result::Result<T,E>::expect
                 at /rustc/e408947bfd200af42db322daf0fadfe7e26d3bd1/library/core/src/result.rs:1185:23
       4: fq::tests::wifitest::wifi_bbr1
                 at ./src/tests/wifitest.rs:115:41
       5: fq::tests::wifitest::wifi_bbr1::{{closure}}
                 at ./src/tests/wifitest.rs:111:15
       6: core::ops::function::FnOnce::call_once
                 at /rustc/e408947bfd200af42db322daf0fadfe7e26d3bd1/library/core/src/ops/function.rs:250:5
       7: core::ops::function::FnOnce::call_once
                 at /rustc/e408947bfd200af42db322daf0fadfe7e26d3bd1/library/core/src/ops/function.rs:250:5
    note: Some details are omitted, run with `RUST_BACKTRACE=full` for a verbose backtrace.

        FAIL [   0.111s] (711/744) fq tests::wifitest::wifi_bbr1_hard
  stdout ───

    running 1 test
    test tests::wifitest::wifi_bbr1_hard ... FAILED

    failures:

    failures:
        tests::wifitest::wifi_bbr1_hard

    test result: FAILED. 0 passed; 1 failed; 0 ignored; 0 measured; 743 filtered out; finished in 0.09s

  stderr ───

    thread 'tests::wifitest::wifi_bbr1_hard' (26491) panicked at src/tests/wifitest.rs:130:47:
    wifi_bbr1_hard: Generic
    stack backtrace:
       0: __rustc::rust_begin_unwind
                 at /rustc/e408947bfd200af42db322daf0fadfe7e26d3bd1/library/std/src/panicking.rs:689:5
       1: core::panicking::panic_fmt
                 at /rustc/e408947bfd200af42db322daf0fadfe7e26d3bd1/library/core/src/panicking.rs:80:14
       2: core::result::unwrap_failed
                 at /rustc/e408947bfd200af42db322daf0fadfe7e26d3bd1/library/core/src/result.rs:1867:5
       3: core::result::Result<T,E>::expect
                 at /rustc/e408947bfd200af42db322daf0fadfe7e26d3bd1/library/core/src/result.rs:1185:23
       4: fq::tests::wifitest::wifi_bbr1_hard
                 at ./src/tests/wifitest.rs:130:47
       5: fq::tests::wifitest::wifi_bbr1_hard::{{closure}}
                 at ./src/tests/wifitest.rs:120:20
       6: core::ops::function::FnOnce::call_once
                 at /rustc/e408947bfd200af42db322daf0fadfe7e26d3bd1/library/core/src/ops/function.rs:250:5
       7: core::ops::function::FnOnce::call_once
                 at /rustc/e408947bfd200af42db322daf0fadfe7e26d3bd1/library/core/src/ops/function.rs:250:5
    note: Some details are omitted, run with `RUST_BACKTRACE=full` for a verbose backtrace.

        FAIL [   0.113s] (712/744) fq tests::wifitest::wifi_bbr1_long
  stdout ───

    running 1 test
    test tests::wifitest::wifi_bbr1_long ... FAILED

    failures:

    failures:
        tests::wifitest::wifi_bbr1_long

    test result: FAILED. 0 passed; 1 failed; 0 ignored; 0 measured; 743 filtered out; finished in 0.10s

  stderr ───

    thread 'tests::wifitest::wifi_bbr1_long' (26492) panicked at src/tests/wifitest.rs:145:47:
    wifi_bbr1_long: Generic
    stack backtrace:
       0: __rustc::rust_begin_unwind
                 at /rustc/e408947bfd200af42db322daf0fadfe7e26d3bd1/library/std/src/panicking.rs:689:5
       1: core::panicking::panic_fmt
                 at /rustc/e408947bfd200af42db322daf0fadfe7e26d3bd1/library/core/src/panicking.rs:80:14
       2: core::result::unwrap_failed
                 at /rustc/e408947bfd200af42db322daf0fadfe7e26d3bd1/library/core/src/result.rs:1867:5
       3: core::result::Result<T,E>::expect
                 at /rustc/e408947bfd200af42db322daf0fadfe7e26d3bd1/library/core/src/result.rs:1185:23
       4: fq::tests::wifitest::wifi_bbr1_long
                 at ./src/tests/wifitest.rs:145:47
       5: fq::tests::wifitest::wifi_bbr1_long::{{closure}}
                 at ./src/tests/wifitest.rs:135:20
       6: core::ops::function::FnOnce::call_once
                 at /rustc/e408947bfd200af42db322daf0fadfe7e26d3bd1/library/core/src/ops/function.rs:250:5
       7: core::ops::function::FnOnce::call_once
                 at /rustc/e408947bfd200af42db322daf0fadfe7e26d3bd1/library/core/src/ops/function.rs:250:5
    note: Some details are omitted, run with `RUST_BACKTRACE=full` for a verbose backtrace.

        FAIL [   0.103s] (713/744) fq tests::wifitest::wifi_bbr_hard
  stdout ───

    running 1 test
    test tests::wifitest::wifi_bbr_hard ... FAILED

    failures:

    failures:
        tests::wifitest::wifi_bbr_hard

    test result: FAILED. 0 passed; 1 failed; 0 ignored; 0 measured; 743 filtered out; finished in 0.09s

  stderr ───

    thread 'tests::wifitest::wifi_bbr_hard' (26494) panicked at src/tests/wifitest.rs:160:46:
    wifi_bbr_hard: Generic
    stack backtrace:
       0: __rustc::rust_begin_unwind
                 at /rustc/e408947bfd200af42db322daf0fadfe7e26d3bd1/library/std/src/panicking.rs:689:5
       1: core::panicking::panic_fmt
                 at /rustc/e408947bfd200af42db322daf0fadfe7e26d3bd1/library/core/src/panicking.rs:80:14
       2: core::result::unwrap_failed
                 at /rustc/e408947bfd200af42db322daf0fadfe7e26d3bd1/library/core/src/result.rs:1867:5
       3: core::result::Result<T,E>::expect
                 at /rustc/e408947bfd200af42db322daf0fadfe7e26d3bd1/library/core/src/result.rs:1185:23
       4: fq::tests::wifitest::wifi_bbr_hard
                 at ./src/tests/wifitest.rs:160:46
       5: fq::tests::wifitest::wifi_bbr_hard::{{closure}}
                 at ./src/tests/wifitest.rs:150:19
       6: core::ops::function::FnOnce::call_once
                 at /rustc/e408947bfd200af42db322daf0fadfe7e26d3bd1/library/core/src/ops/function.rs:250:5
       7: core::ops::function::FnOnce::call_once
                 at /rustc/e408947bfd200af42db322daf0fadfe7e26d3bd1/library/core/src/ops/function.rs:250:5
    note: Some details are omitted, run with `RUST_BACKTRACE=full` for a verbose backtrace.

        FAIL [   0.108s] (714/744) fq tests::wifitest::wifi_bbr_long
  stdout ───

    running 1 test
    test tests::wifitest::wifi_bbr_long ... FAILED

    failures:

    failures:
        tests::wifitest::wifi_bbr_long

    test result: FAILED. 0 passed; 1 failed; 0 ignored; 0 measured; 743 filtered out; finished in 0.09s

  stderr ───

    thread 'tests::wifitest::wifi_bbr_long' (26496) panicked at src/tests/wifitest.rs:175:46:
    wifi_bbr_long: Generic
    stack backtrace:
       0: __rustc::rust_begin_unwind
                 at /rustc/e408947bfd200af42db322daf0fadfe7e26d3bd1/library/std/src/panicking.rs:689:5
       1: core::panicking::panic_fmt
                 at /rustc/e408947bfd200af42db322daf0fadfe7e26d3bd1/library/core/src/panicking.rs:80:14
       2: core::result::unwrap_failed
                 at /rustc/e408947bfd200af42db322daf0fadfe7e26d3bd1/library/core/src/result.rs:1867:5
       3: core::result::Result<T,E>::expect
                 at /rustc/e408947bfd200af42db322daf0fadfe7e26d3bd1/library/core/src/result.rs:1185:23
       4: fq::tests::wifitest::wifi_bbr_long
                 at ./src/tests/wifitest.rs:175:46
       5: fq::tests::wifitest::wifi_bbr_long::{{closure}}
                 at ./src/tests/wifitest.rs:165:19
       6: core::ops::function::FnOnce::call_once
                 at /rustc/e408947bfd200af42db322daf0fadfe7e26d3bd1/library/core/src/ops/function.rs:250:5
       7: core::ops::function::FnOnce::call_once
                 at /rustc/e408947bfd200af42db322daf0fadfe7e26d3bd1/library/core/src/ops/function.rs:250:5
    note: Some details are omitted, run with `RUST_BACKTRACE=full` for a verbose backtrace.

        FAIL [   0.102s] (715/744) fq tests::wifitest::wifi_bbr_many
  stdout ───

    running 1 test
    test tests::wifitest::wifi_bbr_many ... FAILED

    failures:

    failures:
        tests::wifitest::wifi_bbr_many

    test result: FAILED. 0 passed; 1 failed; 0 ignored; 0 measured; 743 filtered out; finished in 0.09s

  stderr ───

    thread 'tests::wifitest::wifi_bbr_many' (26498) panicked at src/tests/wifitest.rs:190:46:
    wifi_bbr_many: Generic
    stack backtrace:
       0: __rustc::rust_begin_unwind
                 at /rustc/e408947bfd200af42db322daf0fadfe7e26d3bd1/library/std/src/panicking.rs:689:5
       1: core::panicking::panic_fmt
                 at /rustc/e408947bfd200af42db322daf0fadfe7e26d3bd1/library/core/src/panicking.rs:80:14
       2: core::result::unwrap_failed
                 at /rustc/e408947bfd200af42db322daf0fadfe7e26d3bd1/library/core/src/result.rs:1867:5
       3: core::result::Result<T,E>::expect
                 at /rustc/e408947bfd200af42db322daf0fadfe7e26d3bd1/library/core/src/result.rs:1185:23
       4: fq::tests::wifitest::wifi_bbr_many
                 at ./src/tests/wifitest.rs:190:46
       5: fq::tests::wifitest::wifi_bbr_many::{{closure}}
                 at ./src/tests/wifitest.rs:180:19
       6: core::ops::function::FnOnce::call_once
                 at /rustc/e408947bfd200af42db322daf0fadfe7e26d3bd1/library/core/src/ops/function.rs:250:5
       7: core::ops::function::FnOnce::call_once
                 at /rustc/e408947bfd200af42db322daf0fadfe7e26d3bd1/library/core/src/ops/function.rs:250:5
    note: Some details are omitted, run with `RUST_BACKTRACE=full` for a verbose backtrace.

        FAIL [   0.103s] (716/744) fq tests::wifitest::wifi_bbr_shadow
  stdout ───

    running 1 test
    test tests::wifitest::wifi_bbr_shadow ... FAILED

    failures:

    failures:
        tests::wifitest::wifi_bbr_shadow

    test result: FAILED. 0 passed; 1 failed; 0 ignored; 0 measured; 743 filtered out; finished in 0.09s

  stderr ───

    thread 'tests::wifitest::wifi_bbr_shadow' (26500) panicked at src/tests/wifitest.rs:207:48:
    wifi_bbr_shadow: Generic
    stack backtrace:
       0: __rustc::rust_begin_unwind
                 at /rustc/e408947bfd200af42db322daf0fadfe7e26d3bd1/library/std/src/panicking.rs:689:5
       1: core::panicking::panic_fmt
                 at /rustc/e408947bfd200af42db322daf0fadfe7e26d3bd1/library/core/src/panicking.rs:80:14
       2: core::result::unwrap_failed
                 at /rustc/e408947bfd200af42db322daf0fadfe7e26d3bd1/library/core/src/result.rs:1867:5
       3: core::result::Result<T,E>::expect
                 at /rustc/e408947bfd200af42db322daf0fadfe7e26d3bd1/library/core/src/result.rs:1185:23
       4: fq::tests::wifitest::wifi_bbr_shadow
                 at ./src/tests/wifitest.rs:207:48
       5: fq::tests::wifitest::wifi_bbr_shadow::{{closure}}
                 at ./src/tests/wifitest.rs:197:21
       6: core::ops::function::FnOnce::call_once
                 at /rustc/e408947bfd200af42db322daf0fadfe7e26d3bd1/library/core/src/ops/function.rs:250:5
       7: core::ops::function::FnOnce::call_once
                 at /rustc/e408947bfd200af42db322daf0fadfe7e26d3bd1/library/core/src/ops/function.rs:250:5
    note: Some details are omitted, run with `RUST_BACKTRACE=full` for a verbose backtrace.

        FAIL [   0.108s] (717/744) fq tests::wifitest::wifi_cubic
  stdout ───

    running 1 test
    test tests::wifitest::wifi_cubic ... FAILED

    failures:

    failures:
        tests::wifitest::wifi_cubic

    test result: FAILED. 0 passed; 1 failed; 0 ignored; 0 measured; 743 filtered out; finished in 0.09s

  stderr ───

    thread 'tests::wifitest::wifi_cubic' (26503) panicked at src/tests/wifitest.rs:214:43:
    wifi_cubic: Generic
    stack backtrace:
       0: __rustc::rust_begin_unwind
                 at /rustc/e408947bfd200af42db322daf0fadfe7e26d3bd1/library/std/src/panicking.rs:689:5
       1: core::panicking::panic_fmt
                 at /rustc/e408947bfd200af42db322daf0fadfe7e26d3bd1/library/core/src/panicking.rs:80:14
       2: core::result::unwrap_failed
                 at /rustc/e408947bfd200af42db322daf0fadfe7e26d3bd1/library/core/src/result.rs:1867:5
       3: core::result::Result<T,E>::expect
                 at /rustc/e408947bfd200af42db322daf0fadfe7e26d3bd1/library/core/src/result.rs:1185:23
       4: fq::tests::wifitest::wifi_cubic
                 at ./src/tests/wifitest.rs:214:43
       5: fq::tests::wifitest::wifi_cubic::{{closure}}
                 at ./src/tests/wifitest.rs:212:16
       6: core::ops::function::FnOnce::call_once
                 at /rustc/e408947bfd200af42db322daf0fadfe7e26d3bd1/library/core/src/ops/function.rs:250:5
       7: core::ops::function::FnOnce::call_once
                 at /rustc/e408947bfd200af42db322daf0fadfe7e26d3bd1/library/core/src/ops/function.rs:250:5
    note: Some details are omitted, run with `RUST_BACKTRACE=full` for a verbose backtrace.

        FAIL [   0.107s] (718/744) fq tests::wifitest::wifi_cubic_hard
  stdout ───

    running 1 test
    test tests::wifitest::wifi_cubic_hard ... FAILED

    failures:

    failures:
        tests::wifitest::wifi_cubic_hard

    test result: FAILED. 0 passed; 1 failed; 0 ignored; 0 measured; 743 filtered out; finished in 0.09s

  stderr ───

    thread 'tests::wifitest::wifi_cubic_hard' (26504) panicked at src/tests/wifitest.rs:229:48:
    wifi_cubic_hard: Generic
    stack backtrace:
       0: __rustc::rust_begin_unwind
                 at /rustc/e408947bfd200af42db322daf0fadfe7e26d3bd1/library/std/src/panicking.rs:689:5
       1: core::panicking::panic_fmt
                 at /rustc/e408947bfd200af42db322daf0fadfe7e26d3bd1/library/core/src/panicking.rs:80:14
       2: core::result::unwrap_failed
                 at /rustc/e408947bfd200af42db322daf0fadfe7e26d3bd1/library/core/src/result.rs:1867:5
       3: core::result::Result<T,E>::expect
                 at /rustc/e408947bfd200af42db322daf0fadfe7e26d3bd1/library/core/src/result.rs:1185:23
       4: fq::tests::wifitest::wifi_cubic_hard
                 at ./src/tests/wifitest.rs:229:48
       5: fq::tests::wifitest::wifi_cubic_hard::{{closure}}
                 at ./src/tests/wifitest.rs:219:21
       6: core::ops::function::FnOnce::call_once
                 at /rustc/e408947bfd200af42db322daf0fadfe7e26d3bd1/library/core/src/ops/function.rs:250:5
       7: core::ops::function::FnOnce::call_once
                 at /rustc/e408947bfd200af42db322daf0fadfe7e26d3bd1/library/core/src/ops/function.rs:250:5
    note: Some details are omitted, run with `RUST_BACKTRACE=full` for a verbose backtrace.

        FAIL [   0.101s] (719/744) fq tests::wifitest::wifi_cubic_long
  stdout ───

    running 1 test
    test tests::wifitest::wifi_cubic_long ... FAILED

    failures:

    failures:
        tests::wifitest::wifi_cubic_long

    test result: FAILED. 0 passed; 1 failed; 0 ignored; 0 measured; 743 filtered out; finished in 0.09s

  stderr ───

    thread 'tests::wifitest::wifi_cubic_long' (26506) panicked at src/tests/wifitest.rs:244:48:
    wifi_cubic_long: Generic
    stack backtrace:
       0: __rustc::rust_begin_unwind
                 at /rustc/e408947bfd200af42db322daf0fadfe7e26d3bd1/library/std/src/panicking.rs:689:5
       1: core::panicking::panic_fmt
                 at /rustc/e408947bfd200af42db322daf0fadfe7e26d3bd1/library/core/src/panicking.rs:80:14
       2: core::result::unwrap_failed
                 at /rustc/e408947bfd200af42db322daf0fadfe7e26d3bd1/library/core/src/result.rs:1867:5
       3: core::result::Result<T,E>::expect
                 at /rustc/e408947bfd200af42db322daf0fadfe7e26d3bd1/library/core/src/result.rs:1185:23
       4: fq::tests::wifitest::wifi_cubic_long
                 at ./src/tests/wifitest.rs:244:48
       5: fq::tests::wifitest::wifi_cubic_long::{{closure}}
                 at ./src/tests/wifitest.rs:234:21
       6: core::ops::function::FnOnce::call_once
                 at /rustc/e408947bfd200af42db322daf0fadfe7e26d3bd1/library/core/src/ops/function.rs:250:5
       7: core::ops::function::FnOnce::call_once
                 at /rustc/e408947bfd200af42db322daf0fadfe7e26d3bd1/library/core/src/ops/function.rs:250:5
    note: Some details are omitted, run with `RUST_BACKTRACE=full` for a verbose backtrace.

        FAIL [   0.107s] (720/744) fq tests::wifitest::wifi_reno
  stdout ───

    running 1 test
    test tests::wifitest::wifi_reno ... FAILED

    failures:

    failures:
        tests::wifitest::wifi_reno

    test result: FAILED. 0 passed; 1 failed; 0 ignored; 0 measured; 743 filtered out; finished in 0.09s

  stderr ───

    thread 'tests::wifitest::wifi_reno' (26509) panicked at src/tests/wifitest.rs:251:42:
    wifi_reno: Generic
    stack backtrace:
       0: __rustc::rust_begin_unwind
                 at /rustc/e408947bfd200af42db322daf0fadfe7e26d3bd1/library/std/src/panicking.rs:689:5
       1: core::panicking::panic_fmt
                 at /rustc/e408947bfd200af42db322daf0fadfe7e26d3bd1/library/core/src/panicking.rs:80:14
       2: core::result::unwrap_failed
                 at /rustc/e408947bfd200af42db322daf0fadfe7e26d3bd1/library/core/src/result.rs:1867:5
       3: core::result::Result<T,E>::expect
                 at /rustc/e408947bfd200af42db322daf0fadfe7e26d3bd1/library/core/src/result.rs:1185:23
       4: fq::tests::wifitest::wifi_reno
                 at ./src/tests/wifitest.rs:251:42
       5: fq::tests::wifitest::wifi_reno::{{closure}}
                 at ./src/tests/wifitest.rs:249:15
       6: core::ops::function::FnOnce::call_once
                 at /rustc/e408947bfd200af42db322daf0fadfe7e26d3bd1/library/core/src/ops/function.rs:250:5
       7: core::ops::function::FnOnce::call_once
                 at /rustc/e408947bfd200af42db322daf0fadfe7e26d3bd1/library/core/src/ops/function.rs:250:5
    note: Some details are omitted, run with `RUST_BACKTRACE=full` for a verbose backtrace.

        FAIL [   0.114s] (721/744) fq tests::wifitest::wifi_reno_hard
  stdout ───

    running 1 test
    test tests::wifitest::wifi_reno_hard ... FAILED

    failures:

    failures:
        tests::wifitest::wifi_reno_hard

    test result: FAILED. 0 passed; 1 failed; 0 ignored; 0 measured; 743 filtered out; finished in 0.10s

  stderr ───

    thread 'tests::wifitest::wifi_reno_hard' (26510) panicked at src/tests/wifitest.rs:266:47:
    wifi_reno_hard: Generic
    stack backtrace:
       0: __rustc::rust_begin_unwind
                 at /rustc/e408947bfd200af42db322daf0fadfe7e26d3bd1/library/std/src/panicking.rs:689:5
       1: core::panicking::panic_fmt
                 at /rustc/e408947bfd200af42db322daf0fadfe7e26d3bd1/library/core/src/panicking.rs:80:14
       2: core::result::unwrap_failed
                 at /rustc/e408947bfd200af42db322daf0fadfe7e26d3bd1/library/core/src/result.rs:1867:5
       3: core::result::Result<T,E>::expect
                 at /rustc/e408947bfd200af42db322daf0fadfe7e26d3bd1/library/core/src/result.rs:1185:23
       4: fq::tests::wifitest::wifi_reno_hard
                 at ./src/tests/wifitest.rs:266:47
       5: fq::tests::wifitest::wifi_reno_hard::{{closure}}
                 at ./src/tests/wifitest.rs:256:20
       6: core::ops::function::FnOnce::call_once
                 at /rustc/e408947bfd200af42db322daf0fadfe7e26d3bd1/library/core/src/ops/function.rs:250:5
       7: core::ops::function::FnOnce::call_once
                 at /rustc/e408947bfd200af42db322daf0fadfe7e26d3bd1/library/core/src/ops/function.rs:250:5
    note: Some details are omitted, run with `RUST_BACKTRACE=full` for a verbose backtrace.

        PASS [   0.008s] (722/744) fq textlog::test::buffered_packet_logs_prefix_time_and_packet_type
        PASS [   0.008s] (723/744) fq textlog::test::congestion_state_logs_supplied_path_snapshot
        PASS [   0.008s] (724/744) fq textlog::test::dropped_non_padding_packet_logs_decrypted_segment_error
        PASS [   0.007s] (725/744) fq textlog::test::negotiated_alpn_logs_received_count_and_entries
        PASS [   0.008s] (726/744) fq textlog::test::dropped_padding_packet_uses_special_textlog_line
        PASS [   0.007s] (727/744) fq textlog::test::negotiated_alpn_logs_sending_and_truncates_long_entries
        PASS [   0.007s] (728/744) fq textlog::test::outgoing_decrypted_segment_logs_prepared_frames
        PASS [   0.007s] (729/744) fq textlog::test::packet_lost_logs_prefix_time_path_number_size_dcid_and_reason
        PASS [   0.008s] (730/744) fq textlog::test::packet_lost_omits_dcid_when_unknown
        PASS [   0.007s] (731/744) fq textlog::test::txtlog_message_prefixes_non_zero_cid
        PASS [   0.008s] (732/744) fq tls_api::test::aead_encrypt_generic_requires_full_output_buffer
        PASS [   0.007s] (733/744) fq tls_api::test::cipher_suite_digest_size_tracks_tls_hash
        PASS [   0.009s] (734/744) fq tls_api::test::compute_new_rotated_keys_uses_negotiated_chacha_suite
        PASS [   0.008s] (735/744) fq tls_api::test::connection_app_secret_size_uses_session_cipher_hash
        PASS [   0.007s] (736/744) fq tls_api::test::minicrypto_private_key_loader_installs_key_material
        PASS [   0.007s] (737/744) fq tls_api::test::setup_initial_secrets_uses_selected_digest_size
        PASS [   0.007s] (738/744) fq tls_api::test::tls_key_provider_registration_matches_c_conditionals
        PASS [   0.007s] (739/744) fq utils::test::frames_charz_encode_none_writes_zero_length
        PASS [   0.007s] (740/744) fq utils::test::frames_charz_encode_some_writes_length_data
        PASS [   0.007s] (741/744) fq utils::test::get_ip_addr_returns_ipv4_octets
        FAIL [   0.104s] (742/744) fq tests::wifitest::wifi_reno_long
  stdout ───

    running 1 test
    test tests::wifitest::wifi_reno_long ... FAILED

    failures:

    failures:
        tests::wifitest::wifi_reno_long

    test result: FAILED. 0 passed; 1 failed; 0 ignored; 0 measured; 743 filtered out; finished in 0.09s

  stderr ───

    thread 'tests::wifitest::wifi_reno_long' (26512) panicked at src/tests/wifitest.rs:281:47:
    wifi_reno_long: Generic
    stack backtrace:
       0: __rustc::rust_begin_unwind
                 at /rustc/e408947bfd200af42db322daf0fadfe7e26d3bd1/library/std/src/panicking.rs:689:5
       1: core::panicking::panic_fmt
                 at /rustc/e408947bfd200af42db322daf0fadfe7e26d3bd1/library/core/src/panicking.rs:80:14
       2: core::result::unwrap_failed
                 at /rustc/e408947bfd200af42db322daf0fadfe7e26d3bd1/library/core/src/result.rs:1867:5
       3: core::result::Result<T,E>::expect
                 at /rustc/e408947bfd200af42db322daf0fadfe7e26d3bd1/library/core/src/result.rs:1185:23
       4: fq::tests::wifitest::wifi_reno_long
                 at ./src/tests/wifitest.rs:281:47
       5: fq::tests::wifitest::wifi_reno_long::{{closure}}
                 at ./src/tests/wifitest.rs:271:20
       6: core::ops::function::FnOnce::call_once
                 at /rustc/e408947bfd200af42db322daf0fadfe7e26d3bd1/library/core/src/ops/function.rs:250:5
       7: core::ops::function::FnOnce::call_once
                 at /rustc/e408947bfd200af42db322daf0fadfe7e26d3bd1/library/core/src/ops/function.rs:250:5
    note: Some details are omitted, run with `RUST_BACKTRACE=full` for a verbose backtrace.

        PASS [   0.007s] (743/744) fq utils::test::get_ip_addr_returns_ipv6_octets
 TERMINATING [>120.000s] (───────) fq tests::tls_api::integrity_limit
     TIMEOUT [ 120.003s] (744/744) fq tests::tls_api::integrity_limit
  stdout ───

    running 1 test
    test tests::tls_api::integrity_limit has been running for over 60 seconds

    (test timed out)

────────────
     Summary [ 129.681s] 744 tests run: 334 passed, 409 failed, 1 timed out, 0 skipped
        FAIL [   0.297s] (228/744) fq tests::ack_frequency::ackfrq_short
        FAIL [   0.300s] (229/744) fq tests::app_limited::app_limited_bbr
        FAIL [   0.294s] (230/744) fq tests::app_limited::app_limited_cubic
        FAIL [   0.313s] (231/744) fq tests::ack_frequency::ackfrq_basic
        FAIL [   0.103s] (235/744) fq tests::app_limited::app_limited_reno
        FAIL [   0.129s] (236/744) fq tests::app_limited::app_limited_rpr
        FAIL [   0.110s] (237/744) fq tests::cert_verify::cert_verify_null
        FAIL [   0.112s] (238/744) fq tests::cert_verify::cert_verify_null_sni
        FAIL [   0.106s] (245/744) fq tests::cert_verify::cert_verify_rsa
        FAIL [   0.106s] (247/744) fq tests::cleartext_aead::clear_text_aead
        FAIL [   0.112s] (248/744) fq tests::cleartext_aead::cleartext_pn_enc
        FAIL [   0.109s] (253/744) fq tests::cnx_creation::create_cnx
        FAIL [   0.105s] (255/744) fq tests::cnxstress::cnx_limit
        FAIL [   0.112s] (256/744) fq tests::config::config_quic
        FAIL [   0.158s] (257/744) fq tests::cnxstress::cnx_stress
        FAIL [   0.122s] (258/744) fq tests::config::config_usage
        FAIL [   0.109s] (259/744) fq tests::congestion::app_limit_cc
        FAIL [   0.106s] (260/744) fq tests::congestion::bbr1
        FAIL [   0.121s] (261/744) fq tests::congestion::bbr
        FAIL [   0.115s] (262/744) fq tests::congestion::bbr1_long
        FAIL [   0.109s] (263/744) fq tests::congestion::bbr_asym100
        FAIL [   0.100s] (264/744) fq tests::congestion::bbr_asym400
        FAIL [   0.109s] (265/744) fq tests::congestion::bbr_asym100_nodelay
        FAIL [   0.108s] (266/744) fq tests::congestion::bbr_jitter
        FAIL [   0.114s] (267/744) fq tests::congestion::bbr_gbps
        FAIL [   0.101s] (268/744) fq tests::congestion::bbr_long
        FAIL [   0.109s] (269/744) fq tests::congestion::bbr_one_second
        FAIL [   0.109s] (270/744) fq tests::congestion::bbr_performance
        FAIL [   0.108s] (271/744) fq tests::congestion::bbr_slow_long
        FAIL [   0.104s] (272/744) fq tests::congestion::bdp_basic
        FAIL [   0.120s] (273/744) fq tests::congestion::bdp_bbr1
        FAIL [   0.106s] (274/744) fq tests::congestion::bdp_delay
        FAIL [   0.120s] (275/744) fq tests::congestion::bdp_cubic
        FAIL [   0.102s] (276/744) fq tests::congestion::bdp_ip
        FAIL [   0.114s] (277/744) fq tests::congestion::bdp_reno
        FAIL [   0.105s] (278/744) fq tests::congestion::bdp_rtt
        FAIL [   0.105s] (279/744) fq tests::congestion::bdp_short
        FAIL [   0.101s] (280/744) fq tests::congestion::bdp_short_hi
        FAIL [   0.105s] (281/744) fq tests::congestion::bdp_short_lo
        FAIL [   0.104s] (282/744) fq tests::congestion::blackhole
        FAIL [   0.105s] (283/744) fq tests::congestion::c4
        FAIL [   0.105s] (284/744) fq tests::congestion::c4_jitter
        FAIL [   0.107s] (285/744) fq tests::congestion::c4_long
        FAIL [   0.109s] (286/744) fq tests::congestion::cubic
        FAIL [   0.108s] (287/744) fq tests::congestion::cubic_jitter
        FAIL [   0.101s] (289/744) fq tests::congestion::cwin_max
        FAIL [   0.106s] (290/744) fq tests::congestion::fastcc
        FAIL [   0.104s] (291/744) fq tests::congestion::fastcc_jitter
        FAIL [   0.106s] (292/744) fq tests::cpu_limited::limited_batch
        FAIL [   0.100s] (293/744) fq tests::cpu_limited::limited_bbr
        FAIL [   0.107s] (294/744) fq tests::cpu_limited::limited_cubic
        FAIL [   0.106s] (295/744) fq tests::cpu_limited::limited_reno
        FAIL [   0.107s] (296/744) fq tests::cpu_limited::limited_safe
        FAIL [   0.100s] (297/744) fq tests::datagram::datagram
        FAIL [   0.105s] (298/744) fq tests::datagram::datagram_loss
        FAIL [   0.104s] (299/744) fq tests::datagram::datagram_rt
        FAIL [   0.101s] (300/744) fq tests::datagram::datagram_rtnew_skip
        FAIL [   0.108s] (301/744) fq tests::datagram::datagram_rt_skip
        FAIL [   0.106s] (302/744) fq tests::datagram::datagram_size
        FAIL [   0.105s] (303/744) fq tests::datagram::datagram_small
        FAIL [   0.104s] (304/744) fq tests::datagram::datagram_small_new
        FAIL [   0.109s] (305/744) fq tests::datagram::datagram_small_packet
        FAIL [   0.107s] (306/744) fq tests::datagram::datagram_too_long_test
        FAIL [   0.109s] (307/744) fq tests::datagram::datagram_wifi
        FAIL [   0.099s] (308/744) fq tests::delay_tolerant::dtn_basic
        FAIL [   0.107s] (311/744) fq tests::delay_tolerant::dtn_data
        FAIL [   0.105s] (313/744) fq tests::delay_tolerant::dtn_silence
        FAIL [   0.104s] (314/744) fq tests::delay_tolerant::dtn_twenty
        FAIL [   0.101s] (315/744) fq tests::ech::ech_e2e_0rtt
        FAIL [   0.110s] (316/744) fq tests::ech::ech_e2e
        FAIL [   0.113s] (317/744) fq tests::ech::ech_grease
        FAIL [   0.107s] (318/744) fq tests::ech::ech_no_ech
        FAIL [   0.101s] (319/744) fq tests::edge_cases::crypto_hs_offset
        FAIL [   0.107s] (320/744) fq tests::edge_cases::ec00_zero
        FAIL [   0.108s] (321/744) fq tests::edge_cases::ec2f_second_flight
        FAIL [   0.105s] (322/744) fq tests::edge_cases::ec5c_silly_cid
        FAIL [   0.101s] (323/744) fq tests::edge_cases::ec9a_preemptive_amok
        FAIL [   0.107s] (324/744) fq tests::edge_cases::eca1_amplification_loss
        FAIL [   0.110s] (326/744) fq tests::edge_cases::ecf1_final_loss
        FAIL [   0.097s] (327/744) fq tests::edge_cases::error_name
        FAIL [   0.108s] (328/744) fq tests::edge_cases::idle_server
        FAIL [   0.107s] (329/744) fq tests::edge_cases::idle_timeout
        FAIL [   0.101s] (330/744) fq tests::edge_cases::initial_pto_srv
        FAIL [   0.117s] (331/744) fq tests::edge_cases::initial_pto
        FAIL [   0.111s] (332/744) fq tests::edge_cases::reset_ack_max
        FAIL [   0.112s] (333/744) fq tests::edge_cases::reset_ack_reset
        FAIL [   0.106s] (334/744) fq tests::edge_cases::reset_extra_max
        FAIL [   0.117s] (335/744) fq tests::edge_cases::reset_extra_reset
        FAIL [   0.113s] (336/744) fq tests::edge_cases::reset_extra_stop
        FAIL [   0.104s] (337/744) fq tests::edge_cases::reset_need_max
        FAIL [   0.110s] (338/744) fq tests::edge_cases::reset_loop_test
        FAIL [   0.109s] (339/744) fq tests::edge_cases::reset_need_reset
        FAIL [   0.109s] (340/744) fq tests::edge_cases::reset_need_stop
        FAIL [   0.112s] (341/744) fq tests::edge_cases::reset_stream_at_basic
        FAIL [   0.121s] (342/744) fq tests::edge_cases::reset_stream_at_limit_test
        FAIL [   0.122s] (345/744) fq tests::edge_cases::reset_stream_at_loss
        FAIL [   0.107s] (349/744) fq tests::flow_control::flow_control
        FAIL [   0.103s] (351/744) fq tests::getter::getter
        FAIL [   0.106s] (352/744) fq tests::high_latency::high_latency_basic
        FAIL [   0.109s] (353/744) fq tests::high_latency::high_latency_bbr
        FAIL [   0.115s] (357/744) fq tests::high_latency::high_latency_cubic
        FAIL [   0.101s] (358/744) fq tests::high_latency::high_latency_probertt
        FAIL [   0.125s] (359/744) fq tests::l4s::l4s_bbr
        FAIL [   0.130s] (360/744) fq tests::l4s::l4s_c4
        FAIL [   0.146s] (361/744) fq tests::l4s::l4s_bbr_updown
        FAIL [   0.126s] (362/744) fq tests::l4s::l4s_prague
        FAIL [   0.144s] (363/744) fq tests::l4s::l4s_reno
        FAIL [   0.162s] (364/744) fq tests::l4s::l4s_prague_updown
        FAIL [   0.143s] (365/744) fq tests::mediatest::mediatest_no_coal
        FAIL [   0.136s] (366/744) fq tests::mediatest::mediatest_suspension
        FAIL [   0.138s] (367/744) fq tests::mediatest::mediatest_video
        FAIL [   0.138s] (368/744) fq tests::mediatest::mediatest_video2_back
        FAIL [   0.165s] (369/744) fq tests::mediatest::mediatest_suspension2
        FAIL [   0.168s] (370/744) fq tests::mediatest::mediatest_video2_down
        FAIL [   0.134s] (371/744) fq tests::mediatest::mediatest_video2_probe
        FAIL [   0.133s] (372/744) fq tests::mediatest::mediatest_video_audio
        FAIL [   0.137s] (373/744) fq tests::mediatest::mediatest_video_data_audio
        FAIL [   0.141s] (374/744) fq tests::mediatest::mediatest_wifi
        FAIL [   0.114s] (376/744) fq tests::mediatest::mediatest_worst
        FAIL [   0.119s] (377/744) fq tests::memlog::memlog
        FAIL [   0.142s] (378/744) fq tests::minicrypto::minicrypto
        FAIL [   0.135s] (379/744) fq tests::multipath::migration_controlled
        FAIL [   0.132s] (380/744) fq tests::multipath::migration_mtu_drop
        FAIL [   0.132s] (381/744) fq tests::multipath::monopath_0rtt
        FAIL [   0.135s] (382/744) fq tests::multipath::monopath_0rtt_2
        FAIL [   0.133s] (383/744) fq tests::multipath::monopath_0rtt_loss
        FAIL [   0.116s] (384/744) fq tests::multipath::monopath_basic
        FAIL [   0.127s] (385/744) fq tests::multipath::monopath_0rtt_loss_2
        FAIL [   0.121s] (386/744) fq tests::multipath::monopath_hole
        FAIL [   0.117s] (387/744) fq tests::multipath::monopath_keep_alive
        FAIL [   0.106s] (389/744) fq tests::multipath::multipath_ab1
        FAIL [   0.116s] (390/744) fq tests::multipath::monopath_rotation
        FAIL [   0.110s] (391/744) fq tests::multipath::multipath_abandon
        FAIL [   0.107s] (392/744) fq tests::multipath::multipath_back0
        FAIL [   0.101s] (393/744) fq tests::multipath::multipath_back1
        FAIL [   0.109s] (394/744) fq tests::multipath::multipath_backup
        FAIL [   0.108s] (395/744) fq tests::multipath::multipath_basic
        FAIL [   0.112s] (396/744) fq tests::multipath::multipath_break1
        FAIL [   0.106s] (397/744) fq tests::multipath::multipath_break_both
        FAIL [   0.111s] (398/744) fq tests::multipath::multipath_callback
        FAIL [   0.111s] (399/744) fq tests::multipath::multipath_datagram
        FAIL [   0.113s] (400/744) fq tests::multipath::multipath_dg_af
        FAIL [   0.107s] (401/744) fq tests::multipath::multipath_discovery
        FAIL [   0.124s] (402/744) fq tests::multipath::multipath_drop_first
        FAIL [   0.109s] (403/744) fq tests::multipath::multipath_drop_second
        FAIL [   0.111s] (404/744) fq tests::multipath::multipath_fail
        FAIL [   0.112s] (405/744) fq tests::multipath::multipath_just_one
        FAIL [   0.109s] (406/744) fq tests::multipath::multipath_keep_alive
        FAIL [   0.108s] (407/744) fq tests::multipath::multipath_nat
        FAIL [   0.105s] (408/744) fq tests::multipath::multipath_perf
        FAIL [   0.111s] (409/744) fq tests::multipath::multipath_nat_challenge
        FAIL [   0.113s] (410/744) fq tests::multipath::multipath_qlog
        FAIL [   0.106s] (411/744) fq tests::multipath::multipath_quality
        FAIL [   0.105s] (412/744) fq tests::multipath::multipath_rotation
        FAIL [   0.110s] (413/744) fq tests::multipath::multipath_renew
        FAIL [   0.121s] (414/744) fq tests::multipath::multipath_sat_plus
        FAIL [   0.108s] (415/744) fq tests::multipath::multipath_socket0_error
        FAIL [   0.102s] (416/744) fq tests::multipath::multipath_socket_error
        FAIL [   0.110s] (417/744) fq tests::multipath::multipath_standup
        FAIL [   0.108s] (418/744) fq tests::multipath::multipath_stream_af
        FAIL [   0.110s] (419/744) fq tests::multipath::multipath_tunnel
        FAIL [   0.104s] (421/744) fq tests::netperf::nat_attack
        FAIL [   0.110s] (423/744) fq tests::netperf::netperf_basic
        FAIL [   0.109s] (424/744) fq tests::netperf::netperf_bbr
        FAIL [   0.105s] (425/744) fq tests::p2p::address_discovery
        FAIL [   0.114s] (426/744) fq tests::pacing::pacing_bbr
        FAIL [   0.122s] (427/744) fq tests::pacing::pacing_cubic
        FAIL [   0.106s] (429/744) fq tests::pacing::pacing_dcubic
        FAIL [   0.119s] (430/744) fq tests::pacing::pacing_fast
        FAIL [   0.115s] (431/744) fq tests::pacing::pacing_newreno
        FAIL [   0.106s] (432/744) fq tests::parseheadertest::header_length
        FAIL [   0.103s] (435/744) fq tests::parseheadertest::incoming_initial
        FAIL [   0.105s] (441/744) fq tests::parseheadertest::packet_enc_dec
        FAIL [   0.098s] (443/744) fq tests::parseheadertest::parseheader
        FAIL [   0.125s] (448/744) fq tests::quic_tester::initial_ping
        FAIL [   0.124s] (449/744) fq tests::quic_tester::initial_ping_ack
        FAIL [   0.100s] (450/744) fq tests::sacktest::ack_send
        FAIL [   0.100s] (451/744) fq tests::satellite::satellite_basic
        FAIL [   0.108s] (452/744) fq tests::satellite::satellite_bbr1
        FAIL [   0.108s] (453/744) fq tests::satellite::satellite_cubic
        FAIL [   0.107s] (454/744) fq tests::satellite::satellite_cubic_loss
        FAIL [   0.102s] (455/744) fq tests::satellite::satellite_cubic_seeded
        FAIL [   0.109s] (456/744) fq tests::satellite::satellite_dcubic_seeded
        FAIL [   0.115s] (457/744) fq tests::satellite::satellite_jitter
        FAIL [   0.108s] (458/744) fq tests::satellite::satellite_loss_fc
        FAIL [   0.116s] (459/744) fq tests::satellite::satellite_loss
        FAIL [   0.110s] (460/744) fq tests::satellite::satellite_medium
        FAIL [   0.108s] (461/744) fq tests::satellite::satellite_preemptive
        FAIL [   0.129s] (462/744) fq tests::satellite::satellite_prague_seeded
        FAIL [   0.109s] (463/744) fq tests::satellite::satellite_preemptive_fc
        FAIL [   0.111s] (464/744) fq tests::satellite::satellite_seeded
        FAIL [   0.107s] (465/744) fq tests::satellite::satellite_seeded_bbr1
        FAIL [   0.112s] (466/744) fq tests::satellite::satellite_small_up
        FAIL [   0.137s] (467/744) fq tests::satellite::satellite_small
        FAIL [   0.106s] (471/744) fq tests::skip_frame::app_message_overflow
        FAIL [   0.105s] (472/744) fq tests::skip_frame::binlog
        FAIL [   0.109s] (474/744) fq tests::skip_frame::frames_format
        FAIL [   0.101s] (479/744) fq tests::skip_frame::frames_parse
        FAIL [   0.103s] (483/744) fq tests::skip_frame::logger
        FAIL [   0.100s] (484/744) fq tests::socket::sockets
        FAIL [   0.104s] (485/744) fq tests::socket::socket_ecn
        FAIL [   0.116s] (486/744) fq tests::sockloop::sockloop_basic
        FAIL [   0.129s] (487/744) fq tests::sockloop::sockloop_eio
        FAIL [   0.104s] (488/744) fq tests::sockloop::sockloop_errsock
        FAIL [   0.128s] (489/744) fq tests::sockloop::sockloop_ipv4
        FAIL [   0.140s] (490/744) fq tests::sockloop::sockloop_migration
        FAIL [   0.128s] (491/744) fq tests::sockloop::sockloop_nat
        FAIL [   0.108s] (493/744) fq tests::spinbit::spinbit
        FAIL [   0.109s] (494/744) fq tests::spinbit::spinbit_null
        FAIL [   0.107s] (495/744) fq tests::spinbit::spinbit_randclient
        FAIL [   0.112s] (501/744) fq tests::spinbit::spinbit_random
        FAIL [   0.107s] (504/744) fq tests::stream0_frame::tlsstreamframe
        FAIL [   0.104s] (505/744) fq tests::stresstest::fuzz
        FAIL [   0.104s] (509/744) fq tests::stresstest::fuzz_initial
        FAIL [   0.123s] (510/744) fq tests::ticket_store::ticket_seed
        FAIL [   0.128s] (511/744) fq tests::ticket_store::ticket_seed_from_bdp_frame
        FAIL [   0.114s] (512/744) fq tests::ticket_store::ticket_store
        FAIL [   0.111s] (513/744) fq tests::ticket_store::token_reuse_api
        FAIL [   0.121s] (514/744) fq tests::ticket_store::token_store
        FAIL [   0.124s] (515/744) fq tests::tls_api::af_undef
        FAIL [   0.112s] (516/744) fq tests::tls_api::bad_certificate
        FAIL [   0.113s] (517/744) fq tests::tls_api::bad_chello
        FAIL [   0.109s] (518/744) fq tests::tls_api::bad_client_certificate
        FAIL [   0.123s] (519/744) fq tests::tls_api::bad_cnxid
        FAIL [   0.106s] (520/744) fq tests::tls_api::bad_coalesce
        FAIL [   0.107s] (521/744) fq tests::tls_api::chacha20
        FAIL [   0.109s] (522/744) fq tests::tls_api::cid_length
        FAIL [   0.110s] (523/744) fq tests::tls_api::client_auth
        FAIL [   0.124s] (524/744) fq tests::tls_api::cid_quiescence
        FAIL [   0.109s] (525/744) fq tests::tls_api::client_cert_callback
        FAIL [   0.113s] (526/744) fq tests::tls_api::client_auth_25519
        FAIL [   0.112s] (527/744) fq tests::tls_api::client_error
        FAIL [   0.127s] (528/744) fq tests::tls_api::client_losses
        FAIL [   0.103s] (529/744) fq tests::tls_api::client_only
        FAIL [   0.106s] (530/744) fq tests::tls_api::cnxid_renewal
        FAIL [   0.106s] (531/744) fq tests::tls_api::cnxid_transmit
        FAIL [   0.107s] (532/744) fq tests::tls_api::cnxid_transmit_disable
        FAIL [   0.105s] (533/744) fq tests::tls_api::cnxid_transmit_r_before
        FAIL [   0.105s] (534/744) fq tests::tls_api::cnxid_transmit_r_disable
        FAIL [   2.316s] (535/744) fq tests::sockloop::sockloop_thread
        FAIL [   0.108s] (536/744) fq tests::tls_api::cnxid_transmit_r_early
        FAIL [   2.327s] (537/744) fq tests::sockloop::sockloop_thread_name
        FAIL [   0.105s] (538/744) fq tests::tls_api::connection_drop
        FAIL [   0.122s] (539/744) fq tests::tls_api::ddos_amplification
        FAIL [   0.105s] (540/744) fq tests::tls_api::ddos_amplification_0rtt
        FAIL [   0.120s] (541/744) fq tests::tls_api::ddos_amplification_8k
        FAIL [   0.105s] (542/744) fq tests::tls_api::different_params
        FAIL [   0.112s] (543/744) fq tests::tls_api::direct_receive
        FAIL [   0.106s] (545/744) fq tests::tls_api::discard_stream
        FAIL [   0.104s] (546/744) fq tests::tls_api::document_addresses
        FAIL [   0.108s] (547/744) fq tests::tls_api::excess_repeat
        FAIL [   0.107s] (550/744) fq tests::tls_api::false_migration
        FAIL [   0.120s] (551/744) fq tests::tls_api::first_loss
        FAIL [   0.107s] (552/744) fq tests::tls_api::grease_quic_bit
        FAIL [   0.110s] (553/744) fq tests::tls_api::grease_quic_bit_one_way
        FAIL [   1.261s] (554/744) fq tests::tls_api::cnx_ddos
        FAIL [   0.109s] (555/744) fq tests::tls_api::heavy_loss_inter
        FAIL [   0.158s] (556/744) fq tests::tls_api::heavy_loss
        FAIL [   0.104s] (557/744) fq tests::tls_api::immediate_ack
        FAIL [   0.147s] (558/744) fq tests::tls_api::heavy_loss_total
        FAIL [   0.111s] (559/744) fq tests::tls_api::immediate_close
        FAIL [   0.110s] (560/744) fq tests::tls_api::implicit_ack
        FAIL [   0.098s] (561/744) fq tests::tls_api::initial_close
        FAIL [   0.098s] (562/744) fq tests::tls_api::initial_race
        FAIL [   0.103s] (563/744) fq tests::tls_api::initial_server_close
        FAIL [   0.099s] (564/744) fq tests::tls_api::keep_alive
        FAIL [   0.107s] (565/744) fq tests::tls_api::key_rotation_client
        FAIL [   0.147s] (566/744) fq tests::tls_api::key_rotation
        FAIL [   0.102s] (567/744) fq tests::tls_api::key_rotation_server
        FAIL [   0.103s] (569/744) fq tests::tls_api::keylog_test
        FAIL [   0.100s] (570/744) fq tests::tls_api::large_client_hello
        FAIL [   0.106s] (571/744) fq tests::tls_api::long_rtt
        FAIL [   0.098s] (572/744) fq tests::tls_api::loss_bit
        FAIL [   0.116s] (573/744) fq tests::tls_api::many_losses
        FAIL [   0.107s] (574/744) fq tests::tls_api::many_short_loss
        FAIL [   0.099s] (575/744) fq tests::tls_api::migration
        FAIL [   0.099s] (576/744) fq tests::tls_api::migration_disabled
        FAIL [   0.117s] (577/744) fq tests::tls_api::migration_fail
        FAIL [   0.112s] (578/744) fq tests::tls_api::migration_long
        FAIL [   0.098s] (579/744) fq tests::tls_api::migration_with_loss
        FAIL [   0.121s] (580/744) fq tests::tls_api::migration_zero
        FAIL [   0.099s] (581/744) fq tests::tls_api::mtu_blocked
        FAIL [   0.109s] (582/744) fq tests::tls_api::mtu_delayed
        FAIL [   0.108s] (583/744) fq tests::tls_api::mtu_discovery
        FAIL [   0.098s] (584/744) fq tests::tls_api::mtu_drop_bbr
        FAIL [   0.100s] (585/744) fq tests::tls_api::mtu_drop_cubic
        FAIL [   0.103s] (586/744) fq tests::tls_api::mtu_drop_fast
        FAIL [   0.108s] (587/744) fq tests::tls_api::mtu_drop_dcubic
        FAIL [   0.104s] (588/744) fq tests::tls_api::mtu_drop_newreno
        FAIL [   0.105s] (589/744) fq tests::tls_api::mtu_required
        FAIL [   0.119s] (590/744) fq tests::tls_api::mtu_max
        FAIL [   0.099s] (591/744) fq tests::tls_api::multi_segment
        FAIL [   0.105s] (592/744) fq tests::tls_api::multiple_versions
        FAIL [   0.100s] (593/744) fq tests::tls_api::nat_rebinding
        FAIL [   0.126s] (594/744) fq tests::tls_api::nat_handshake
        FAIL [   0.102s] (595/744) fq tests::tls_api::nat_rebinding_latency
        FAIL [   0.103s] (596/744) fq tests::tls_api::nat_rebinding_loss
        FAIL [   0.153s] (597/744) fq tests::tls_api::nat_rebinding_fast
        FAIL [   0.102s] (598/744) fq tests::tls_api::nat_rebinding_zero
        FAIL [   0.128s] (599/744) fq tests::tls_api::nat_rebinding_stress
        FAIL [   0.106s] (600/744) fq tests::tls_api::new_rotated_key
        FAIL [   0.100s] (601/744) fq tests::tls_api::no_ack_frequency
        FAIL [   0.099s] (602/744) fq tests::tls_api::not_before_cnxid
        FAIL [   0.125s] (603/744) fq tests::tls_api::null_sni
        FAIL [   0.103s] (604/744) fq tests::tls_api::optimistic_ack
        FAIL [   0.100s] (605/744) fq tests::tls_api::optimistic_hole
        FAIL [   0.108s] (606/744) fq tests::tls_api::pacing_update
        FAIL [   0.102s] (607/744) fq tests::tls_api::packet_trace
        FAIL [   0.100s] (608/744) fq tests::tls_api::padding_null
        FAIL [   0.108s] (610/744) fq tests::tls_api::padding_test
        FAIL [   0.101s] (611/744) fq tests::tls_api::padding_zero_min
        FAIL [   0.101s] (612/744) fq tests::tls_api::pn_enc_1rtt
        FAIL [   0.107s] (613/744) fq tests::tls_api::pn_random
        FAIL [   0.108s] (614/744) fq tests::tls_api::port_blocked
        FAIL [   0.105s] (615/744) fq tests::tls_api::preferred_address
        FAIL [   0.110s] (616/744) fq tests::tls_api::preferred_address_dis_mig
        FAIL [   0.100s] (617/744) fq tests::tls_api::preferred_address_zero
        FAIL [   0.098s] (618/744) fq tests::tls_api::probe_api
        FAIL [   0.108s] (619/744) fq tests::tls_api::qlog_fns
        FAIL [   0.102s] (620/744) fq tests::tls_api::qlog_fns_ecn
        FAIL [   0.101s] (621/744) fq tests::tls_api::qlog_trace
        FAIL [   0.107s] (622/744) fq tests::tls_api::qlog_trace_ecn
        FAIL [   0.102s] (623/744) fq tests::tls_api::qlog_trace_parallel
        FAIL [   0.102s] (624/744) fq tests::tls_api::quality_update
        FAIL [   0.111s] (626/744) fq tests::tls_api::quant_params
        FAIL [   0.103s] (627/744) fq tests::tls_api::random_padding
        FAIL [   0.111s] (628/744) fq tests::tls_api::ready_to_send
        FAIL [   0.107s] (629/744) fq tests::tls_api::ready_to_zero
        FAIL [   0.140s] (630/744) fq tests::tls_api::ready_to_skip
        FAIL [   0.112s] (631/744) fq tests::tls_api::ready_to_zfin
        FAIL [   0.147s] (632/744) fq tests::tls_api::red_bbr
        FAIL [   0.157s] (633/744) fq tests::tls_api::red_cubic
        FAIL [   0.159s] (634/744) fq tests::tls_api::red_dcubic
        FAIL [   0.102s] (635/744) fq tests::tls_api::request_client_authentication
        FAIL [   0.146s] (636/744) fq tests::tls_api::red_fast
        FAIL [   0.179s] (637/744) fq tests::tls_api::red_newreno
        FAIL [   0.098s] (638/744) fq tests::tls_api::retire_cnxid
        FAIL [   0.121s] (639/744) fq tests::tls_api::retry
        FAIL [   0.111s] (641/744) fq tests::tls_api::retry_large
        FAIL [   0.119s] (642/744) fq tests::tls_api::retry_token
        FAIL [   0.131s] (643/744) fq tests::tls_api::second_loss
        FAIL [   0.101s] (644/744) fq tests::tls_api::server_busy
        FAIL [   0.122s] (645/744) fq tests::tls_api::server_losses
        FAIL [   0.101s] (646/744) fq tests::tls_api::set_certificate_and_key
        FAIL [   0.130s] (647/744) fq tests::tls_api::session_resume
        FAIL [   0.106s] (648/744) fq tests::tls_api::set_verify_certificate_callback_test
        FAIL [   0.118s] (649/744) fq tests::tls_api::sh_loss
        FAIL [   0.115s] (650/744) fq tests::tls_api::short_initial_cid
        FAIL [   0.120s] (651/744) fq tests::tls_api::silence_test
        FAIL [   0.123s] (652/744) fq tests::tls_api::spurious_retransmit
        FAIL [   0.109s] (653/744) fq tests::tls_api::stateless_blowback
        FAIL [   0.103s] (654/744) fq tests::tls_api::stateless_reset
        FAIL [   0.098s] (655/744) fq tests::tls_api::stateless_reset_client
        FAIL [   0.109s] (656/744) fq tests::tls_api::stateless_reset_bad
        FAIL [   0.102s] (657/744) fq tests::tls_api::stateless_reset_handshake
        FAIL [   0.100s] (658/744) fq tests::tls_api::stop_sending
        FAIL [   0.110s] (659/744) fq tests::tls_api::stop_sending_loss
        FAIL [   0.104s] (662/744) fq tests::tls_api::stream_id_max
        FAIL [   0.110s] (663/744) fq tests::tls_api::tls_api
        FAIL [   0.099s] (664/744) fq tests::tls_api::tls_api_inject_hs_ack
        FAIL [   0.110s] (665/744) fq tests::tls_api::tls_api_oneway_stream
        FAIL [   0.108s] (666/744) fq tests::tls_api::tls_api_q2_and_r2_stream
        FAIL [   0.101s] (667/744) fq tests::tls_api::tls_api_q_and_r_stream
        FAIL [   0.108s] (668/744) fq tests::tls_api::tls_api_sni
        FAIL [   0.100s] (669/744) fq tests::tls_api::tls_api_very_long_congestion
        FAIL [   0.100s] (670/744) fq tests::tls_api::tls_api_very_long_max
        FAIL [   0.105s] (671/744) fq tests::tls_api::tls_api_very_long_stream
        FAIL [   0.109s] (672/744) fq tests::tls_api::tls_api_very_long_with_err
        FAIL [   0.101s] (673/744) fq tests::tls_api::tls_api_wrong_alpn
        FAIL [   0.106s] (674/744) fq tests::tls_api::tls_exporter
        FAIL [   0.101s] (675/744) fq tests::tls_api::two_connections
        FAIL [   0.130s] (676/744) fq tests::tls_api::tls_zero_share
        FAIL [   0.107s] (677/744) fq tests::tls_api::unidir
        FAIL [   0.103s] (678/744) fq tests::tls_api::version_invariant
        FAIL [   0.112s] (679/744) fq tests::tls_api::version_negotiation
        FAIL [   0.109s] (680/744) fq tests::tls_api::version_negotiation_spoof
        FAIL [   0.097s] (681/744) fq tests::tls_api::virtual_time
        FAIL [   0.100s] (682/744) fq tests::tls_api::vn_compat
        FAIL [   0.145s] (683/744) fq tests::tls_api::zero_rtt
        FAIL [   0.157s] (684/744) fq tests::tls_api::zero_rtt_bad_param
        FAIL [   0.207s] (685/744) fq tests::tls_api::zero_rtt_delay
        FAIL [   0.170s] (686/744) fq tests::tls_api::zero_rtt_ech
        FAIL [   0.178s] (687/744) fq tests::tls_api::zero_rtt_long
        FAIL [   0.181s] (688/744) fq tests::tls_api::zero_rtt_loss
        FAIL [   0.168s] (689/744) fq tests::tls_api::zero_rtt_many_losses
        FAIL [   0.152s] (690/744) fq tests::tls_api::zero_rtt_no_coal
        FAIL [   0.146s] (691/744) fq tests::tls_api::zero_rtt_retry
        FAIL [   0.168s] (692/744) fq tests::tls_api::zero_rtt_spurious
        FAIL [   0.107s] (693/744) fq tests::transport_param::transport_param
        FAIL [   0.174s] (700/744) fq tests::transport_param::transport_param_default
        FAIL [   0.102s] (703/744) fq tests::warptest::warptest_param
        FAIL [   0.107s] (704/744) fq tests::warptest::warptest_video
        FAIL [   0.106s] (705/744) fq tests::warptest::warptest_video_data_audio
        FAIL [   0.120s] (706/744) fq tests::warptest::warptest_video_audio
        FAIL [   0.107s] (707/744) fq tests::warptest::warptest_worst
        FAIL [   0.110s] (708/744) fq tests::wifitest::wifi_bbr
        FAIL [   0.108s] (710/744) fq tests::wifitest::wifi_bbr1
        FAIL [   0.111s] (711/744) fq tests::wifitest::wifi_bbr1_hard
        FAIL [   0.113s] (712/744) fq tests::wifitest::wifi_bbr1_long
        FAIL [   0.103s] (713/744) fq tests::wifitest::wifi_bbr_hard
        FAIL [   0.108s] (714/744) fq tests::wifitest::wifi_bbr_long
        FAIL [   0.102s] (715/744) fq tests::wifitest::wifi_bbr_many
        FAIL [   0.103s] (716/744) fq tests::wifitest::wifi_bbr_shadow
        FAIL [   0.108s] (717/744) fq tests::wifitest::wifi_cubic
        FAIL [   0.107s] (718/744) fq tests::wifitest::wifi_cubic_hard
        FAIL [   0.101s] (719/744) fq tests::wifitest::wifi_cubic_long
        FAIL [   0.107s] (720/744) fq tests::wifitest::wifi_reno
        FAIL [   0.114s] (721/744) fq tests::wifitest::wifi_reno_hard
        FAIL [   0.104s] (742/744) fq tests::wifitest::wifi_reno_long
     TIMEOUT [ 120.003s] (744/744) fq tests::tls_api::integrity_limit
error: test run failed
